config_id,seed,case_id,allocation_unit,sets,hash,capacity_bytes,hits,misses,requests
LRU_u128_s4_h0_c1000,0,0,128,4,0,98304,16128,2304,18432
LRU_u128_s16_h2_c1000,0,0,128,16,2,98304,16128,2304,18432
LRU_u128_s64_h0_c1000,0,0,128,64,0,98304,16128,2304,18432
FIFO_u128_s16_h2_c1062,0,0,128,16,2,102400,16128,2304,18432
FIFO_u128_s64_h0_c1000,0,0,128,64,0,98304,16128,2304,18432
RANDOM_u128_s64_h1_c937,11,0,128,64,1,90112,16128,2304,18432
RANDOM_u128_s64_h1_c937,29,0,128,64,1,90112,16128,2304,18432
RANDOM_u128_s64_h1_c937,47,0,128,64,1,90112,16128,2304,18432
CLOCK_u128_s16_h2_c1062,0,0,128,16,2,102400,16128,2304,18432
SRRIP_u128_s64_h1_c937,0,0,128,64,1,90112,16128,2304,18432
BRRIP_u128_s64_h0_c937,11,0,128,64,0,90112,16128,2304,18432
BRRIP_u128_s64_h0_c937,29,0,128,64,0,90112,16128,2304,18432
BRRIP_u128_s64_h0_c937,47,0,128,64,0,90112,16128,2304,18432
LRU_u128_s4_h0_c1000,0,1,128,4,0,98304,16128,2304,18432
LRU_u128_s16_h2_c1000,0,1,128,16,2,98304,16128,2304,18432
LRU_u128_s64_h0_c1000,0,1,128,64,0,98304,16128,2304,18432
FIFO_u128_s16_h2_c1062,0,1,128,16,2,102400,16128,2304,18432
FIFO_u128_s64_h0_c1000,0,1,128,64,0,98304,16128,2304,18432
RANDOM_u128_s64_h1_c937,11,1,128,64,1,90112,16128,2304,18432
RANDOM_u128_s64_h1_c937,29,1,128,64,1,90112,16128,2304,18432
RANDOM_u128_s64_h1_c937,47,1,128,64,1,90112,16128,2304,18432
CLOCK_u128_s16_h2_c1062,0,1,128,16,2,102400,16128,2304,18432
SRRIP_u128_s64_h1_c937,0,1,128,64,1,90112,16128,2304,18432
BRRIP_u128_s64_h0_c937,11,1,128,64,0,90112,16128,2304,18432
BRRIP_u128_s64_h0_c937,29,1,128,64,0,90112,16128,2304,18432
BRRIP_u128_s64_h0_c937,47,1,128,64,0,90112,16128,2304,18432
LRU_u128_s4_h0_c1000,0,2,128,4,0,98304,16128,2304,18432
LRU_u128_s16_h2_c1000,0,2,128,16,2,98304,16128,2304,18432
LRU_u128_s64_h0_c1000,0,2,128,64,0,98304,16128,2304,18432
FIFO_u128_s16_h2_c1062,0,2,128,16,2,102400,16128,2304,18432
FIFO_u128_s64_h0_c1000,0,2,128,64,0,98304,16128,2304,18432
RANDOM_u128_s64_h1_c937,11,2,128,64,1,90112,16128,2304,18432
RANDOM_u128_s64_h1_c937,29,2,128,64,1,90112,16128,2304,18432
RANDOM_u128_s64_h1_c937,47,2,128,64,1,90112,16128,2304,18432
CLOCK_u128_s16_h2_c1062,0,2,128,16,2,102400,16128,2304,18432
SRRIP_u128_s64_h1_c937,0,2,128,64,1,90112,16128,2304,18432
BRRIP_u128_s64_h0_c937,11,2,128,64,0,90112,16128,2304,18432
BRRIP_u128_s64_h0_c937,29,2,128,64,0,90112,16128,2304,18432
BRRIP_u128_s64_h0_c937,47,2,128,64,0,90112,16128,2304,18432
LRU_u128_s4_h0_c1000,0,3,128,4,0,98304,16128,2304,18432
LRU_u128_s16_h2_c1000,0,3,128,16,2,98304,16128,2304,18432
LRU_u128_s64_h0_c1000,0,3,128,64,0,98304,16128,2304,18432
FIFO_u128_s16_h2_c1062,0,3,128,16,2,102400,16128,2304,18432
FIFO_u128_s64_h0_c1000,0,3,128,64,0,98304,16128,2304,18432
RANDOM_u128_s64_h1_c937,11,3,128,64,1,90112,16128,2304,18432
RANDOM_u128_s64_h1_c937,29,3,128,64,1,90112,16128,2304,18432
RANDOM_u128_s64_h1_c937,47,3,128,64,1,90112,16128,2304,18432
CLOCK_u128_s16_h2_c1062,0,3,128,16,2,102400,16128,2304,18432
SRRIP_u128_s64_h1_c937,0,3,128,64,1,90112,16128,2304,18432
BRRIP_u128_s64_h0_c937,11,3,128,64,0,90112,16128,2304,18432
BRRIP_u128_s64_h0_c937,29,3,128,64,0,90112,16128,2304,18432
BRRIP_u128_s64_h0_c937,47,3,128,64,0,90112,16128,2304,18432
LRU_u128_s4_h0_c1000,0,4,128,4,0,98304,16128,2304,18432
LRU_u128_s16_h2_c1000,0,4,128,16,2,98304,16128,2304,18432
LRU_u128_s64_h0_c1000,0,4,128,64,0,98304,16128,2304,18432
FIFO_u128_s16_h2_c1062,0,4,128,16,2,102400,16128,2304,18432
FIFO_u128_s64_h0_c1000,0,4,128,64,0,98304,16128,2304,18432
RANDOM_u128_s64_h1_c937,11,4,128,64,1,90112,16128,2304,18432
RANDOM_u128_s64_h1_c937,29,4,128,64,1,90112,16128,2304,18432
RANDOM_u128_s64_h1_c937,47,4,128,64,1,90112,16128,2304,18432
CLOCK_u128_s16_h2_c1062,0,4,128,16,2,102400,16128,2304,18432
SRRIP_u128_s64_h1_c937,0,4,128,64,1,90112,16128,2304,18432
BRRIP_u128_s64_h0_c937,11,4,128,64,0,90112,16128,2304,18432
BRRIP_u128_s64_h0_c937,29,4,128,64,0,90112,16128,2304,18432
BRRIP_u128_s64_h0_c937,47,4,128,64,0,90112,16128,2304,18432
LRU_u128_s4_h0_c1000,0,5,128,4,0,98304,16128,2304,18432
LRU_u128_s16_h2_c1000,0,5,128,16,2,98304,16128,2304,18432
LRU_u128_s64_h0_c1000,0,5,128,64,0,98304,16128,2304,18432
FIFO_u128_s16_h2_c1062,0,5,128,16,2,102400,16128,2304,18432
FIFO_u128_s64_h0_c1000,0,5,128,64,0,98304,16128,2304,18432
RANDOM_u128_s64_h1_c937,11,5,128,64,1,90112,16128,2304,18432
RANDOM_u128_s64_h1_c937,29,5,128,64,1,90112,16128,2304,18432
RANDOM_u128_s64_h1_c937,47,5,128,64,1,90112,16128,2304,18432
CLOCK_u128_s16_h2_c1062,0,5,128,16,2,102400,16128,2304,18432
SRRIP_u128_s64_h1_c937,0,5,128,64,1,90112,16128,2304,18432
BRRIP_u128_s64_h0_c937,11,5,128,64,0,90112,16128,2304,18432
BRRIP_u128_s64_h0_c937,29,5,128,64,0,90112,16128,2304,18432
BRRIP_u128_s64_h0_c937,47,5,128,64,0,90112,16128,2304,18432
LRU_u128_s4_h0_c1000,0,6,128,4,0,98304,16128,2304,18432
LRU_u128_s16_h2_c1000,0,6,128,16,2,98304,16128,2304,18432
LRU_u128_s64_h0_c1000,0,6,128,64,0,98304,16128,2304,18432
FIFO_u128_s16_h2_c1062,0,6,128,16,2,102400,16128,2304,18432
FIFO_u128_s64_h0_c1000,0,6,128,64,0,98304,16128,2304,18432
RANDOM_u128_s64_h1_c937,11,6,128,64,1,90112,16128,2304,18432
RANDOM_u128_s64_h1_c937,29,6,128,64,1,90112,16128,2304,18432
RANDOM_u128_s64_h1_c937,47,6,128,64,1,90112,16128,2304,18432
CLOCK_u128_s16_h2_c1062,0,6,128,16,2,102400,16128,2304,18432
SRRIP_u128_s64_h1_c937,0,6,128,64,1,90112,16128,2304,18432
BRRIP_u128_s64_h0_c937,11,6,128,64,0,90112,16128,2304,18432
BRRIP_u128_s64_h0_c937,29,6,128,64,0,90112,16128,2304,18432
BRRIP_u128_s64_h0_c937,47,6,128,64,0,90112,16128,2304,18432
LRU_u128_s4_h0_c1000,0,7,128,4,0,98304,16128,2304,18432
LRU_u128_s16_h2_c1000,0,7,128,16,2,98304,16128,2304,18432
LRU_u128_s64_h0_c1000,0,7,128,64,0,98304,16128,2304,18432
FIFO_u128_s16_h2_c1062,0,7,128,16,2,102400,16128,2304,18432
FIFO_u128_s64_h0_c1000,0,7,128,64,0,98304,16128,2304,18432
RANDOM_u128_s64_h1_c937,11,7,128,64,1,90112,16128,2304,18432
RANDOM_u128_s64_h1_c937,29,7,128,64,1,90112,16128,2304,18432
RANDOM_u128_s64_h1_c937,47,7,128,64,1,90112,16128,2304,18432
CLOCK_u128_s16_h2_c1062,0,7,128,16,2,102400,16128,2304,18432
SRRIP_u128_s64_h1_c937,0,7,128,64,1,90112,16128,2304,18432
BRRIP_u128_s64_h0_c937,11,7,128,64,0,90112,16128,2304,18432
BRRIP_u128_s64_h0_c937,29,7,128,64,0,90112,16128,2304,18432
BRRIP_u128_s64_h0_c937,47,7,128,64,0,90112,16128,2304,18432
LRU_u128_s4_h0_c1000,0,8,128,4,0,98304,16128,2304,18432
LRU_u128_s16_h2_c1000,0,8,128,16,2,98304,16128,2304,18432
LRU_u128_s64_h0_c1000,0,8,128,64,0,98304,16128,2304,18432
FIFO_u128_s16_h2_c1062,0,8,128,16,2,102400,16128,2304,18432
FIFO_u128_s64_h0_c1000,0,8,128,64,0,98304,16128,2304,18432
RANDOM_u128_s64_h1_c937,11,8,128,64,1,90112,16128,2304,18432
RANDOM_u128_s64_h1_c937,29,8,128,64,1,90112,16128,2304,18432
RANDOM_u128_s64_h1_c937,47,8,128,64,1,90112,16128,2304,18432
CLOCK_u128_s16_h2_c1062,0,8,128,16,2,102400,16128,2304,18432
SRRIP_u128_s64_h1_c937,0,8,128,64,1,90112,16128,2304,18432
BRRIP_u128_s64_h0_c937,11,8,128,64,0,90112,16128,2304,18432
BRRIP_u128_s64_h0_c937,29,8,128,64,0,90112,16128,2304,18432
BRRIP_u128_s64_h0_c937,47,8,128,64,0,90112,16128,2304,18432
LRU_u128_s4_h0_c1000,0,9,128,4,0,98304,16128,2304,18432
LRU_u128_s16_h2_c1000,0,9,128,16,2,98304,16128,2304,18432
LRU_u128_s64_h0_c1000,0,9,128,64,0,98304,16128,2304,18432
FIFO_u128_s16_h2_c1062,0,9,128,16,2,102400,16128,2304,18432
FIFO_u128_s64_h0_c1000,0,9,128,64,0,98304,16128,2304,18432
RANDOM_u128_s64_h1_c937,11,9,128,64,1,90112,16128,2304,18432
RANDOM_u128_s64_h1_c937,29,9,128,64,1,90112,16128,2304,18432
RANDOM_u128_s64_h1_c937,47,9,128,64,1,90112,16128,2304,18432
CLOCK_u128_s16_h2_c1062,0,9,128,16,2,102400,16128,2304,18432
SRRIP_u128_s64_h1_c937,0,9,128,64,1,90112,16128,2304,18432
BRRIP_u128_s64_h0_c937,11,9,128,64,0,90112,16128,2304,18432
BRRIP_u128_s64_h0_c937,29,9,128,64,0,90112,16128,2304,18432
BRRIP_u128_s64_h0_c937,47,9,128,64,0,90112,16128,2304,18432
LRU_u128_s4_h0_c1000,0,10,128,4,0,98304,4032,576,4608
LRU_u128_s16_h2_c1000,0,10,128,16,2,98304,4032,576,4608
LRU_u128_s64_h0_c1000,0,10,128,64,0,98304,4032,576,4608
FIFO_u128_s16_h2_c1062,0,10,128,16,2,102400,4032,576,4608
FIFO_u128_s64_h0_c1000,0,10,128,64,0,98304,4032,576,4608
RANDOM_u128_s64_h1_c937,11,10,128,64,1,90112,4032,576,4608
RANDOM_u128_s64_h1_c937,29,10,128,64,1,90112,4032,576,4608
RANDOM_u128_s64_h1_c937,47,10,128,64,1,90112,4032,576,4608
CLOCK_u128_s16_h2_c1062,0,10,128,16,2,102400,4032,576,4608
SRRIP_u128_s64_h1_c937,0,10,128,64,1,90112,4032,576,4608
BRRIP_u128_s64_h0_c937,11,10,128,64,0,90112,4032,576,4608
BRRIP_u128_s64_h0_c937,29,10,128,64,0,90112,4032,576,4608
BRRIP_u128_s64_h0_c937,47,10,128,64,0,90112,4032,576,4608
LRU_u128_s4_h0_c1000,0,11,128,4,0,98304,4032,576,4608
LRU_u128_s16_h2_c1000,0,11,128,16,2,98304,4032,576,4608
LRU_u128_s64_h0_c1000,0,11,128,64,0,98304,4032,576,4608
FIFO_u128_s16_h2_c1062,0,11,128,16,2,102400,4032,576,4608
FIFO_u128_s64_h0_c1000,0,11,128,64,0,98304,4032,576,4608
RANDOM_u128_s64_h1_c937,11,11,128,64,1,90112,4032,576,4608
RANDOM_u128_s64_h1_c937,29,11,128,64,1,90112,4032,576,4608
RANDOM_u128_s64_h1_c937,47,11,128,64,1,90112,4032,576,4608
CLOCK_u128_s16_h2_c1062,0,11,128,16,2,102400,4032,576,4608
SRRIP_u128_s64_h1_c937,0,11,128,64,1,90112,4032,576,4608
BRRIP_u128_s64_h0_c937,11,11,128,64,0,90112,4032,576,4608
BRRIP_u128_s64_h0_c937,29,11,128,64,0,90112,4032,576,4608
BRRIP_u128_s64_h0_c937,47,11,128,64,0,90112,4032,576,4608
LRU_u128_s4_h0_c1000,0,12,128,4,0,98304,4032,576,4608
LRU_u128_s16_h2_c1000,0,12,128,16,2,98304,4032,576,4608
LRU_u128_s64_h0_c1000,0,12,128,64,0,98304,4032,576,4608
FIFO_u128_s16_h2_c1062,0,12,128,16,2,102400,4032,576,4608
FIFO_u128_s64_h0_c1000,0,12,128,64,0,98304,4032,576,4608
RANDOM_u128_s64_h1_c937,11,12,128,64,1,90112,4032,576,4608
RANDOM_u128_s64_h1_c937,29,12,128,64,1,90112,4032,576,4608
RANDOM_u128_s64_h1_c937,47,12,128,64,1,90112,4032,576,4608
CLOCK_u128_s16_h2_c1062,0,12,128,16,2,102400,4032,576,4608
SRRIP_u128_s64_h1_c937,0,12,128,64,1,90112,4032,576,4608
BRRIP_u128_s64_h0_c937,11,12,128,64,0,90112,4032,576,4608
BRRIP_u128_s64_h0_c937,29,12,128,64,0,90112,4032,576,4608
BRRIP_u128_s64_h0_c937,47,12,128,64,0,90112,4032,576,4608
LRU_u128_s4_h0_c1000,0,13,128,4,0,98304,4032,576,4608
LRU_u128_s16_h2_c1000,0,13,128,16,2,98304,4032,576,4608
LRU_u128_s64_h0_c1000,0,13,128,64,0,98304,4032,576,4608
FIFO_u128_s16_h2_c1062,0,13,128,16,2,102400,4032,576,4608
FIFO_u128_s64_h0_c1000,0,13,128,64,0,98304,4032,576,4608
RANDOM_u128_s64_h1_c937,11,13,128,64,1,90112,4032,576,4608
RANDOM_u128_s64_h1_c937,29,13,128,64,1,90112,4032,576,4608
RANDOM_u128_s64_h1_c937,47,13,128,64,1,90112,4032,576,4608
CLOCK_u128_s16_h2_c1062,0,13,128,16,2,102400,4032,576,4608
SRRIP_u128_s64_h1_c937,0,13,128,64,1,90112,4032,576,4608
BRRIP_u128_s64_h0_c937,11,13,128,64,0,90112,4032,576,4608
BRRIP_u128_s64_h0_c937,29,13,128,64,0,90112,4032,576,4608
BRRIP_u128_s64_h0_c937,47,13,128,64,0,90112,4032,576,4608
LRU_u128_s4_h0_c1000,0,14,128,4,0,98304,4032,576,4608
LRU_u128_s16_h2_c1000,0,14,128,16,2,98304,4032,576,4608
LRU_u128_s64_h0_c1000,0,14,128,64,0,98304,4032,576,4608
FIFO_u128_s16_h2_c1062,0,14,128,16,2,102400,4032,576,4608
FIFO_u128_s64_h0_c1000,0,14,128,64,0,98304,4032,576,4608
RANDOM_u128_s64_h1_c937,11,14,128,64,1,90112,4032,576,4608
RANDOM_u128_s64_h1_c937,29,14,128,64,1,90112,4032,576,4608
RANDOM_u128_s64_h1_c937,47,14,128,64,1,90112,4032,576,4608
CLOCK_u128_s16_h2_c1062,0,14,128,16,2,102400,4032,576,4608
SRRIP_u128_s64_h1_c937,0,14,128,64,1,90112,4032,576,4608
BRRIP_u128_s64_h0_c937,11,14,128,64,0,90112,4032,576,4608
BRRIP_u128_s64_h0_c937,29,14,128,64,0,90112,4032,576,4608
BRRIP_u128_s64_h0_c937,47,14,128,64,0,90112,4032,576,4608
LRU_u128_s4_h0_c1000,0,15,128,4,0,98304,4032,576,4608
LRU_u128_s16_h2_c1000,0,15,128,16,2,98304,4032,576,4608
LRU_u128_s64_h0_c1000,0,15,128,64,0,98304,4032,576,4608
FIFO_u128_s16_h2_c1062,0,15,128,16,2,102400,4032,576,4608
FIFO_u128_s64_h0_c1000,0,15,128,64,0,98304,4032,576,4608
RANDOM_u128_s64_h1_c937,11,15,128,64,1,90112,4032,576,4608
RANDOM_u128_s64_h1_c937,29,15,128,64,1,90112,4032,576,4608
RANDOM_u128_s64_h1_c937,47,15,128,64,1,90112,4032,576,4608
CLOCK_u128_s16_h2_c1062,0,15,128,16,2,102400,4032,576,4608
SRRIP_u128_s64_h1_c937,0,15,128,64,1,90112,4032,576,4608
BRRIP_u128_s64_h0_c937,11,15,128,64,0,90112,4032,576,4608
BRRIP_u128_s64_h0_c937,29,15,128,64,0,90112,4032,576,4608
BRRIP_u128_s64_h0_c937,47,15,128,64,0,90112,4032,576,4608
LRU_u128_s4_h0_c1000,0,16,128,4,0,98304,4032,576,4608
LRU_u128_s16_h2_c1000,0,16,128,16,2,98304,4032,576,4608
LRU_u128_s64_h0_c1000,0,16,128,64,0,98304,4032,576,4608
FIFO_u128_s16_h2_c1062,0,16,128,16,2,102400,4032,576,4608
FIFO_u128_s64_h0_c1000,0,16,128,64,0,98304,4032,576,4608
RANDOM_u128_s64_h1_c937,11,16,128,64,1,90112,4032,576,4608
RANDOM_u128_s64_h1_c937,29,16,128,64,1,90112,4032,576,4608
RANDOM_u128_s64_h1_c937,47,16,128,64,1,90112,4032,576,4608
CLOCK_u128_s16_h2_c1062,0,16,128,16,2,102400,4032,576,4608
SRRIP_u128_s64_h1_c937,0,16,128,64,1,90112,4032,576,4608
BRRIP_u128_s64_h0_c937,11,16,128,64,0,90112,4032,576,4608
BRRIP_u128_s64_h0_c937,29,16,128,64,0,90112,4032,576,4608
BRRIP_u128_s64_h0_c937,47,16,128,64,0,90112,4032,576,4608
LRU_u128_s4_h0_c1000,0,17,128,4,0,98304,4032,576,4608
LRU_u128_s16_h2_c1000,0,17,128,16,2,98304,4032,576,4608
LRU_u128_s64_h0_c1000,0,17,128,64,0,98304,4032,576,4608
FIFO_u128_s16_h2_c1062,0,17,128,16,2,102400,4032,576,4608
FIFO_u128_s64_h0_c1000,0,17,128,64,0,98304,4032,576,4608
RANDOM_u128_s64_h1_c937,11,17,128,64,1,90112,4032,576,4608
RANDOM_u128_s64_h1_c937,29,17,128,64,1,90112,4032,576,4608
RANDOM_u128_s64_h1_c937,47,17,128,64,1,90112,4032,576,4608
CLOCK_u128_s16_h2_c1062,0,17,128,16,2,102400,4032,576,4608
SRRIP_u128_s64_h1_c937,0,17,128,64,1,90112,4032,576,4608
BRRIP_u128_s64_h0_c937,11,17,128,64,0,90112,4032,576,4608
BRRIP_u128_s64_h0_c937,29,17,128,64,0,90112,4032,576,4608
BRRIP_u128_s64_h0_c937,47,17,128,64,0,90112,4032,576,4608
LRU_u128_s4_h0_c1000,0,18,128,4,0,98304,4032,576,4608
LRU_u128_s16_h2_c1000,0,18,128,16,2,98304,4032,576,4608
LRU_u128_s64_h0_c1000,0,18,128,64,0,98304,4032,576,4608
FIFO_u128_s16_h2_c1062,0,18,128,16,2,102400,4032,576,4608
FIFO_u128_s64_h0_c1000,0,18,128,64,0,98304,4032,576,4608
RANDOM_u128_s64_h1_c937,11,18,128,64,1,90112,4032,576,4608
RANDOM_u128_s64_h1_c937,29,18,128,64,1,90112,4032,576,4608
RANDOM_u128_s64_h1_c937,47,18,128,64,1,90112,4032,576,4608
CLOCK_u128_s16_h2_c1062,0,18,128,16,2,102400,4032,576,4608
SRRIP_u128_s64_h1_c937,0,18,128,64,1,90112,4032,576,4608
BRRIP_u128_s64_h0_c937,11,18,128,64,0,90112,4032,576,4608
BRRIP_u128_s64_h0_c937,29,18,128,64,0,90112,4032,576,4608
BRRIP_u128_s64_h0_c937,47,18,128,64,0,90112,4032,576,4608
LRU_u128_s4_h0_c1000,0,19,128,4,0,98304,4032,576,4608
LRU_u128_s16_h2_c1000,0,19,128,16,2,98304,4032,576,4608
LRU_u128_s64_h0_c1000,0,19,128,64,0,98304,4032,576,4608
FIFO_u128_s16_h2_c1062,0,19,128,16,2,102400,4032,576,4608
FIFO_u128_s64_h0_c1000,0,19,128,64,0,98304,4032,576,4608
RANDOM_u128_s64_h1_c937,11,19,128,64,1,90112,4032,576,4608
RANDOM_u128_s64_h1_c937,29,19,128,64,1,90112,4032,576,4608
RANDOM_u128_s64_h1_c937,47,19,128,64,1,90112,4032,576,4608
CLOCK_u128_s16_h2_c1062,0,19,128,16,2,102400,4032,576,4608
SRRIP_u128_s64_h1_c937,0,19,128,64,1,90112,4032,576,4608
BRRIP_u128_s64_h0_c937,11,19,128,64,0,90112,4032,576,4608
BRRIP_u128_s64_h0_c937,29,19,128,64,0,90112,4032,576,4608
BRRIP_u128_s64_h0_c937,47,19,128,64,0,90112,4032,576,4608
LRU_u128_s4_h0_c1000,0,20,128,4,0,98304,20608,2944,23552
LRU_u128_s16_h2_c1000,0,20,128,16,2,98304,12964,10588,23552
LRU_u128_s64_h0_c1000,0,20,128,64,0,98304,20608,2944,23552
FIFO_u128_s16_h2_c1062,0,20,128,16,2,102400,12964,10588,23552
FIFO_u128_s64_h0_c1000,0,20,128,64,0,98304,20608,2944,23552
RANDOM_u128_s64_h1_c937,11,20,128,64,1,90112,18836,4716,23552
RANDOM_u128_s64_h1_c937,29,20,128,64,1,90112,18888,4664,23552
RANDOM_u128_s64_h1_c937,47,20,128,64,1,90112,18784,4768,23552
CLOCK_u128_s16_h2_c1062,0,20,128,16,2,102400,12964,10588,23552
SRRIP_u128_s64_h1_c937,0,20,128,64,1,90112,9856,13696,23552
BRRIP_u128_s64_h0_c937,11,20,128,64,0,90112,9856,13696,23552
BRRIP_u128_s64_h0_c937,29,20,128,64,0,90112,9856,13696,23552
BRRIP_u128_s64_h0_c937,47,20,128,64,0,90112,9856,13696,23552
LRU_u128_s4_h0_c1000,0,21,128,4,0,98304,20608,2944,23552
LRU_u128_s16_h2_c1000,0,21,128,16,2,98304,12992,10560,23552
LRU_u128_s64_h0_c1000,0,21,128,64,0,98304,20608,2944,23552
FIFO_u128_s16_h2_c1062,0,21,128,16,2,102400,14364,9188,23552
FIFO_u128_s64_h0_c1000,0,21,128,64,0,98304,20608,2944,23552
RANDOM_u128_s64_h1_c937,11,21,128,64,1,90112,18836,4716,23552
RANDOM_u128_s64_h1_c937,29,21,128,64,1,90112,18888,4664,23552
RANDOM_u128_s64_h1_c937,47,21,128,64,1,90112,18784,4768,23552
CLOCK_u128_s16_h2_c1062,0,21,128,16,2,102400,14364,9188,23552
SRRIP_u128_s64_h1_c937,0,21,128,64,1,90112,9856,13696,23552
BRRIP_u128_s64_h0_c937,11,21,128,64,0,90112,9856,13696,23552
BRRIP_u128_s64_h0_c937,29,21,128,64,0,90112,9856,13696,23552
BRRIP_u128_s64_h0_c937,47,21,128,64,0,90112,9856,13696,23552
LRU_u128_s4_h0_c1000,0,22,128,4,0,98304,20608,2944,23552
LRU_u128_s16_h2_c1000,0,22,128,16,2,98304,19684,3868,23552
LRU_u128_s64_h0_c1000,0,22,128,64,0,98304,20608,2944,23552
FIFO_u128_s16_h2_c1062,0,22,128,16,2,102400,17240,6312,23552
FIFO_u128_s64_h0_c1000,0,22,128,64,0,98304,20608,2944,23552
RANDOM_u128_s64_h1_c937,11,22,128,64,1,90112,19268,4284,23552
RANDOM_u128_s64_h1_c937,29,22,128,64,1,90112,19288,4264,23552
RANDOM_u128_s64_h1_c937,47,22,128,64,1,90112,19304,4248,23552
CLOCK_u128_s16_h2_c1062,0,22,128,16,2,102400,17240,6312,23552
SRRIP_u128_s64_h1_c937,0,22,128,64,1,90112,19693,3859,23552
BRRIP_u128_s64_h0_c937,11,22,128,64,0,90112,19693,3859,23552
BRRIP_u128_s64_h0_c937,29,22,128,64,0,90112,19693,3859,23552
BRRIP_u128_s64_h0_c937,47,22,128,64,0,90112,19693,3859,23552
LRU_u128_s4_h0_c1000,0,23,128,4,0,98304,20608,2944,23552
LRU_u128_s16_h2_c1000,0,23,128,16,2,98304,19693,3859,23552
LRU_u128_s64_h0_c1000,0,23,128,64,0,98304,20608,2944,23552
FIFO_u128_s16_h2_c1062,0,23,128,16,2,102400,17840,5712,23552
FIFO_u128_s64_h0_c1000,0,23,128,64,0,98304,20608,2944,23552
RANDOM_u128_s64_h1_c937,11,23,128,64,1,90112,19268,4284,23552
RANDOM_u128_s64_h1_c937,29,23,128,64,1,90112,19288,4264,23552
RANDOM_u128_s64_h1_c937,47,23,128,64,1,90112,19304,4248,23552
CLOCK_u128_s16_h2_c1062,0,23,128,16,2,102400,17840,5712,23552
SRRIP_u128_s64_h1_c937,0,23,128,64,1,90112,19693,3859,23552
BRRIP_u128_s64_h0_c937,11,23,128,64,0,90112,19693,3859,23552
BRRIP_u128_s64_h0_c937,29,23,128,64,0,90112,19693,3859,23552
BRRIP_u128_s64_h0_c937,47,23,128,64,0,90112,19693,3859,23552
LRU_u128_s4_h0_c1000,0,24,128,4,0,98304,20608,2944,23552
LRU_u128_s16_h2_c1000,0,24,128,16,2,98304,14756,8796,23552
LRU_u128_s64_h0_c1000,0,24,128,64,0,98304,20608,2944,23552
FIFO_u128_s16_h2_c1062,0,24,128,16,2,102400,12964,10588,23552
FIFO_u128_s64_h0_c1000,0,24,128,64,0,98304,20608,2944,23552
RANDOM_u128_s64_h1_c937,11,24,128,64,1,90112,16837,6715,23552
RANDOM_u128_s64_h1_c937,29,24,128,64,1,90112,16702,6850,23552
RANDOM_u128_s64_h1_c937,47,24,128,64,1,90112,16585,6967,23552
CLOCK_u128_s16_h2_c1062,0,24,128,16,2,102400,13704,9848,23552
SRRIP_u128_s64_h1_c937,0,24,128,64,1,90112,17072,6480,23552
BRRIP_u128_s64_h0_c937,11,24,128,64,0,90112,17841,5711,23552
BRRIP_u128_s64_h0_c937,29,24,128,64,0,90112,17750,5802,23552
BRRIP_u128_s64_h0_c937,47,24,128,64,0,90112,17793,5759,23552
LRU_u128_s4_h0_c1000,0,25,128,4,0,98304,20608,2944,23552
LRU_u128_s16_h2_c1000,0,25,128,16,2,98304,15456,8096,23552
LRU_u128_s64_h0_c1000,0,25,128,64,0,98304,20608,2944,23552
FIFO_u128_s16_h2_c1062,0,25,128,16,2,102400,14364,9188,23552
FIFO_u128_s64_h0_c1000,0,25,128,64,0,98304,20608,2944,23552
RANDOM_u128_s64_h1_c937,11,25,128,64,1,90112,16659,6893,23552
RANDOM_u128_s64_h1_c937,29,25,128,64,1,90112,16845,6707,23552
RANDOM_u128_s64_h1_c937,47,25,128,64,1,90112,16804,6748,23552
CLOCK_u128_s16_h2_c1062,0,25,128,16,2,102400,15891,7661,23552
SRRIP_u128_s64_h1_c937,0,25,128,64,1,90112,17082,6470,23552
BRRIP_u128_s64_h0_c937,11,25,128,64,0,90112,17841,5711,23552
BRRIP_u128_s64_h0_c937,29,25,128,64,0,90112,17750,5802,23552
BRRIP_u128_s64_h0_c937,47,25,128,64,0,90112,17793,5759,23552
LRU_u128_s4_h0_c1000,0,26,128,4,0,98304,20608,2944,23552
LRU_u128_s16_h2_c1000,0,26,128,16,2,98304,14784,8768,23552
LRU_u128_s64_h0_c1000,0,26,128,64,0,98304,20608,2944,23552
FIFO_u128_s16_h2_c1062,0,26,128,16,2,102400,12964,10588,23552
FIFO_u128_s64_h0_c1000,0,26,128,64,0,98304,20608,2944,23552
RANDOM_u128_s64_h1_c937,11,26,128,64,1,90112,16652,6900,23552
RANDOM_u128_s64_h1_c937,29,26,128,64,1,90112,16772,6780,23552
RANDOM_u128_s64_h1_c937,47,26,128,64,1,90112,16629,6923,23552
CLOCK_u128_s16_h2_c1062,0,26,128,16,2,102400,14633,8919,23552
SRRIP_u128_s64_h1_c937,0,26,128,64,1,90112,16752,6800,23552
BRRIP_u128_s64_h0_c937,11,26,128,64,0,90112,17910,5642,23552
BRRIP_u128_s64_h0_c937,29,26,128,64,0,90112,17892,5660,23552
BRRIP_u128_s64_h0_c937,47,26,128,64,0,90112,17926,5626,23552
LRU_u128_s4_h0_c1000,0,27,128,4,0,98304,20608,2944,23552
LRU_u128_s16_h2_c1000,0,27,128,16,2,98304,15288,8264,23552
LRU_u128_s64_h0_c1000,0,27,128,64,0,98304,20608,2944,23552
FIFO_u128_s16_h2_c1062,0,27,128,16,2,102400,14364,9188,23552
FIFO_u128_s64_h0_c1000,0,27,128,64,0,98304,20608,2944,23552
RANDOM_u128_s64_h1_c937,11,27,128,64,1,90112,16594,6958,23552
RANDOM_u128_s64_h1_c937,29,27,128,64,1,90112,16783,6769,23552
RANDOM_u128_s64_h1_c937,47,27,128,64,1,90112,16628,6924,23552
CLOCK_u128_s16_h2_c1062,0,27,128,16,2,102400,15210,8342,23552
SRRIP_u128_s64_h1_c937,0,27,128,64,1,90112,16794,6758,23552
BRRIP_u128_s64_h0_c937,11,27,128,64,0,90112,17910,5642,23552
BRRIP_u128_s64_h0_c937,29,27,128,64,0,90112,17892,5660,23552
BRRIP_u128_s64_h0_c937,47,27,128,64,0,90112,17926,5626,23552
LRU_u128_s4_h0_c1000,0,28,128,4,0,98304,20608,2944,23552
LRU_u128_s16_h2_c1000,0,28,128,16,2,98304,14840,8712,23552
LRU_u128_s64_h0_c1000,0,28,128,64,0,98304,20608,2944,23552
FIFO_u128_s16_h2_c1062,0,28,128,16,2,102400,12964,10588,23552
FIFO_u128_s64_h0_c1000,0,28,128,64,0,98304,20608,2944,23552
RANDOM_u128_s64_h1_c937,11,28,128,64,1,90112,16709,6843,23552
RANDOM_u128_s64_h1_c937,29,28,128,64,1,90112,16600,6952,23552
RANDOM_u128_s64_h1_c937,47,28,128,64,1,90112,16597,6955,23552
CLOCK_u128_s16_h2_c1062,0,28,128,16,2,102400,14401,9151,23552
SRRIP_u128_s64_h1_c937,0,28,128,64,1,90112,16852,6700,23552
BRRIP_u128_s64_h0_c937,11,28,128,64,0,90112,17811,5741,23552
BRRIP_u128_s64_h0_c937,29,28,128,64,0,90112,17841,5711,23552
BRRIP_u128_s64_h0_c937,47,28,128,64,0,90112,17905,5647,23552
LRU_u128_s4_h0_c1000,0,29,128,4,0,98304,20608,2944,23552
LRU_u128_s16_h2_c1000,0,29,128,16,2,98304,15400,8152,23552
LRU_u128_s64_h0_c1000,0,29,128,64,0,98304,20608,2944,23552
FIFO_u128_s16_h2_c1062,0,29,128,16,2,102400,14364,9188,23552
FIFO_u128_s64_h0_c1000,0,29,128,64,0,98304,20608,2944,23552
RANDOM_u128_s64_h1_c937,11,29,128,64,1,90112,16823,6729,23552
RANDOM_u128_s64_h1_c937,29,29,128,64,1,90112,16643,6909,23552
RANDOM_u128_s64_h1_c937,47,29,128,64,1,90112,16641,6911,23552
CLOCK_u128_s16_h2_c1062,0,29,128,16,2,102400,16092,7460,23552
SRRIP_u128_s64_h1_c937,0,29,128,64,1,90112,16816,6736,23552
BRRIP_u128_s64_h0_c937,11,29,128,64,0,90112,17811,5741,23552
BRRIP_u128_s64_h0_c937,29,29,128,64,0,90112,17841,5711,23552
BRRIP_u128_s64_h0_c937,47,29,128,64,0,90112,17905,5647,23552
LRU_u128_s4_h0_c1000,0,30,128,4,0,98304,5152,736,5888
LRU_u128_s16_h2_c1000,0,30,128,16,2,98304,3241,2647,5888
LRU_u128_s64_h0_c1000,0,30,128,64,0,98304,5152,736,5888
FIFO_u128_s16_h2_c1062,0,30,128,16,2,102400,3241,2647,5888
FIFO_u128_s64_h0_c1000,0,30,128,64,0,98304,5152,736,5888
RANDOM_u128_s64_h1_c937,11,30,128,64,1,90112,4709,1179,5888
RANDOM_u128_s64_h1_c937,29,30,128,64,1,90112,4722,1166,5888
RANDOM_u128_s64_h1_c937,47,30,128,64,1,90112,4696,1192,5888
CLOCK_u128_s16_h2_c1062,0,30,128,16,2,102400,3241,2647,5888
SRRIP_u128_s64_h1_c937,0,30,128,64,1,90112,2464,3424,5888
BRRIP_u128_s64_h0_c937,11,30,128,64,0,90112,4704,1184,5888
BRRIP_u128_s64_h0_c937,29,30,128,64,0,90112,4704,1184,5888
BRRIP_u128_s64_h0_c937,47,30,128,64,0,90112,4704,1184,5888
LRU_u128_s4_h0_c1000,0,31,128,4,0,98304,5152,736,5888
LRU_u128_s16_h2_c1000,0,31,128,16,2,98304,3248,2640,5888
LRU_u128_s64_h0_c1000,0,31,128,64,0,98304,5152,736,5888
FIFO_u128_s16_h2_c1062,0,31,128,16,2,102400,3591,2297,5888
FIFO_u128_s64_h0_c1000,0,31,128,64,0,98304,5152,736,5888
RANDOM_u128_s64_h1_c937,11,31,128,64,1,90112,4709,1179,5888
RANDOM_u128_s64_h1_c937,29,31,128,64,1,90112,4722,1166,5888
RANDOM_u128_s64_h1_c937,47,31,128,64,1,90112,4696,1192,5888
CLOCK_u128_s16_h2_c1062,0,31,128,16,2,102400,3591,2297,5888
SRRIP_u128_s64_h1_c937,0,31,128,64,1,90112,2464,3424,5888
BRRIP_u128_s64_h0_c937,11,31,128,64,0,90112,4704,1184,5888
BRRIP_u128_s64_h0_c937,29,31,128,64,0,90112,4704,1184,5888
BRRIP_u128_s64_h0_c937,47,31,128,64,0,90112,4704,1184,5888
LRU_u128_s4_h0_c1000,0,32,128,4,0,98304,5152,736,5888
LRU_u128_s16_h2_c1000,0,32,128,16,2,98304,4921,967,5888
LRU_u128_s64_h0_c1000,0,32,128,64,0,98304,5152,736,5888
FIFO_u128_s16_h2_c1062,0,32,128,16,2,102400,4310,1578,5888
FIFO_u128_s64_h0_c1000,0,32,128,64,0,98304,5152,736,5888
RANDOM_u128_s64_h1_c937,11,32,128,64,1,90112,4817,1071,5888
RANDOM_u128_s64_h1_c937,29,32,128,64,1,90112,4822,1066,5888
RANDOM_u128_s64_h1_c937,47,32,128,64,1,90112,4826,1062,5888
CLOCK_u128_s16_h2_c1062,0,32,128,16,2,102400,4310,1578,5888
SRRIP_u128_s64_h1_c937,0,32,128,64,1,90112,4920,968,5888
BRRIP_u128_s64_h0_c937,11,32,128,64,0,90112,4921,967,5888
BRRIP_u128_s64_h0_c937,29,32,128,64,0,90112,4921,967,5888
BRRIP_u128_s64_h0_c937,47,32,128,64,0,90112,4921,967,5888
LRU_u128_s4_h0_c1000,0,33,128,4,0,98304,5152,736,5888
LRU_u128_s16_h2_c1000,0,33,128,16,2,98304,4921,967,5888
LRU_u128_s64_h0_c1000,0,33,128,64,0,98304,5152,736,5888
FIFO_u128_s16_h2_c1062,0,33,128,16,2,102400,4460,1428,5888
FIFO_u128_s64_h0_c1000,0,33,128,64,0,98304,5152,736,5888
RANDOM_u128_s64_h1_c937,11,33,128,64,1,90112,4817,1071,5888
RANDOM_u128_s64_h1_c937,29,33,128,64,1,90112,4822,1066,5888
RANDOM_u128_s64_h1_c937,47,33,128,64,1,90112,4826,1062,5888
CLOCK_u128_s16_h2_c1062,0,33,128,16,2,102400,4460,1428,5888
SRRIP_u128_s64_h1_c937,0,33,128,64,1,90112,4920,968,5888
BRRIP_u128_s64_h0_c937,11,33,128,64,0,90112,4921,967,5888
BRRIP_u128_s64_h0_c937,29,33,128,64,0,90112,4921,967,5888
BRRIP_u128_s64_h0_c937,47,33,128,64,0,90112,4921,967,5888
LRU_u128_s4_h0_c1000,0,34,128,4,0,98304,5152,736,5888
LRU_u128_s16_h2_c1000,0,34,128,16,2,98304,3241,2647,5888
LRU_u128_s64_h0_c1000,0,34,128,64,0,98304,5152,736,5888
FIFO_u128_s16_h2_c1062,0,34,128,16,2,102400,3241,2647,5888
FIFO_u128_s64_h0_c1000,0,34,128,64,0,98304,5152,736,5888
RANDOM_u128_s64_h1_c937,11,34,128,64,1,90112,4719,1169,5888
RANDOM_u128_s64_h1_c937,29,34,128,64,1,90112,4718,1170,5888
RANDOM_u128_s64_h1_c937,47,34,128,64,1,90112,4720,1168,5888
CLOCK_u128_s16_h2_c1062,0,34,128,16,2,102400,3241,2647,5888
SRRIP_u128_s64_h1_c937,0,34,128,64,1,90112,2464,3424,5888
BRRIP_u128_s64_h0_c937,11,34,128,64,0,90112,4704,1184,5888
BRRIP_u128_s64_h0_c937,29,34,128,64,0,90112,4704,1184,5888
BRRIP_u128_s64_h0_c937,47,34,128,64,0,90112,4704,1184,5888
LRU_u128_s4_h0_c1000,0,35,128,4,0,98304,5152,736,5888
LRU_u128_s16_h2_c1000,0,35,128,16,2,98304,3248,2640,5888
LRU_u128_s64_h0_c1000,0,35,128,64,0,98304,5152,736,5888
FIFO_u128_s16_h2_c1062,0,35,128,16,2,102400,3591,2297,5888
FIFO_u128_s64_h0_c1000,0,35,128,64,0,98304,5152,736,5888
RANDOM_u128_s64_h1_c937,11,35,128,64,1,90112,4712,1176,5888
RANDOM_u128_s64_h1_c937,29,35,128,64,1,90112,4707,1181,5888
RANDOM_u128_s64_h1_c937,47,35,128,64,1,90112,4731,1157,5888
CLOCK_u128_s16_h2_c1062,0,35,128,16,2,102400,3591,2297,5888
SRRIP_u128_s64_h1_c937,0,35,128,64,1,90112,2464,3424,5888
BRRIP_u128_s64_h0_c937,11,35,128,64,0,90112,4704,1184,5888
BRRIP_u128_s64_h0_c937,29,35,128,64,0,90112,4704,1184,5888
BRRIP_u128_s64_h0_c937,47,35,128,64,0,90112,4704,1184,5888
LRU_u128_s4_h0_c1000,0,36,128,4,0,98304,5152,736,5888
LRU_u128_s16_h2_c1000,0,36,128,16,2,98304,3241,2647,5888
LRU_u128_s64_h0_c1000,0,36,128,64,0,98304,5152,736,5888
FIFO_u128_s16_h2_c1062,0,36,128,16,2,102400,3241,2647,5888
FIFO_u128_s64_h0_c1000,0,36,128,64,0,98304,5152,736,5888
RANDOM_u128_s64_h1_c937,11,36,128,64,1,90112,4692,1196,5888
RANDOM_u128_s64_h1_c937,29,36,128,64,1,90112,4730,1158,5888
RANDOM_u128_s64_h1_c937,47,36,128,64,1,90112,4700,1188,5888
CLOCK_u128_s16_h2_c1062,0,36,128,16,2,102400,3241,2647,5888
SRRIP_u128_s64_h1_c937,0,36,128,64,1,90112,2464,3424,5888
BRRIP_u128_s64_h0_c937,11,36,128,64,0,90112,4704,1184,5888
BRRIP_u128_s64_h0_c937,29,36,128,64,0,90112,4704,1184,5888
BRRIP_u128_s64_h0_c937,47,36,128,64,0,90112,4704,1184,5888
LRU_u128_s4_h0_c1000,0,37,128,4,0,98304,5152,736,5888
LRU_u128_s16_h2_c1000,0,37,128,16,2,98304,3248,2640,5888
LRU_u128_s64_h0_c1000,0,37,128,64,0,98304,5152,736,5888
FIFO_u128_s16_h2_c1062,0,37,128,16,2,102400,3591,2297,5888
FIFO_u128_s64_h0_c1000,0,37,128,64,0,98304,5152,736,5888
RANDOM_u128_s64_h1_c937,11,37,128,64,1,90112,4718,1170,5888
RANDOM_u128_s64_h1_c937,29,37,128,64,1,90112,4718,1170,5888
RANDOM_u128_s64_h1_c937,47,37,128,64,1,90112,4717,1171,5888
CLOCK_u128_s16_h2_c1062,0,37,128,16,2,102400,3591,2297,5888
SRRIP_u128_s64_h1_c937,0,37,128,64,1,90112,2464,3424,5888
BRRIP_u128_s64_h0_c937,11,37,128,64,0,90112,4704,1184,5888
BRRIP_u128_s64_h0_c937,29,37,128,64,0,90112,4704,1184,5888
BRRIP_u128_s64_h0_c937,47,37,128,64,0,90112,4704,1184,5888
LRU_u128_s4_h0_c1000,0,38,128,4,0,98304,5152,736,5888
LRU_u128_s16_h2_c1000,0,38,128,16,2,98304,3241,2647,5888
LRU_u128_s64_h0_c1000,0,38,128,64,0,98304,5152,736,5888
FIFO_u128_s16_h2_c1062,0,38,128,16,2,102400,3241,2647,5888
FIFO_u128_s64_h0_c1000,0,38,128,64,0,98304,5152,736,5888
RANDOM_u128_s64_h1_c937,11,38,128,64,1,90112,4717,1171,5888
RANDOM_u128_s64_h1_c937,29,38,128,64,1,90112,4718,1170,5888
RANDOM_u128_s64_h1_c937,47,38,128,64,1,90112,4712,1176,5888
CLOCK_u128_s16_h2_c1062,0,38,128,16,2,102400,3241,2647,5888
SRRIP_u128_s64_h1_c937,0,38,128,64,1,90112,2464,3424,5888
BRRIP_u128_s64_h0_c937,11,38,128,64,0,90112,4704,1184,5888
BRRIP_u128_s64_h0_c937,29,38,128,64,0,90112,4704,1184,5888
BRRIP_u128_s64_h0_c937,47,38,128,64,0,90112,4704,1184,5888
LRU_u128_s4_h0_c1000,0,39,128,4,0,98304,5152,736,5888
LRU_u128_s16_h2_c1000,0,39,128,16,2,98304,3248,2640,5888
LRU_u128_s64_h0_c1000,0,39,128,64,0,98304,5152,736,5888
FIFO_u128_s16_h2_c1062,0,39,128,16,2,102400,3591,2297,5888
FIFO_u128_s64_h0_c1000,0,39,128,64,0,98304,5152,736,5888
RANDOM_u128_s64_h1_c937,11,39,128,64,1,90112,4702,1186,5888
RANDOM_u128_s64_h1_c937,29,39,128,64,1,90112,4698,1190,5888
RANDOM_u128_s64_h1_c937,47,39,128,64,1,90112,4701,1187,5888
CLOCK_u128_s16_h2_c1062,0,39,128,16,2,102400,3591,2297,5888
SRRIP_u128_s64_h1_c937,0,39,128,64,1,90112,2464,3424,5888
BRRIP_u128_s64_h0_c937,11,39,128,64,0,90112,4704,1184,5888
BRRIP_u128_s64_h0_c937,29,39,128,64,0,90112,4704,1184,5888
BRRIP_u128_s64_h0_c937,47,39,128,64,0,90112,4704,1184,5888
LRU_u128_s4_h0_c1000,0,40,128,4,0,98304,0,25600,25600
LRU_u128_s16_h2_c1000,0,40,128,16,2,98304,9772,15828,25600
LRU_u128_s64_h0_c1000,0,40,128,64,0,98304,10752,14848,25600
FIFO_u128_s16_h2_c1062,0,40,128,16,2,102400,11144,14456,25600
FIFO_u128_s64_h0_c1000,0,40,128,64,0,98304,10752,14848,25600
RANDOM_u128_s64_h1_c937,11,40,128,64,1,90112,17296,8304,25600
RANDOM_u128_s64_h1_c937,29,40,128,64,1,90112,17092,8508,25600
RANDOM_u128_s64_h1_c937,47,40,128,64,1,90112,17224,8376,25600
CLOCK_u128_s16_h2_c1062,0,40,128,16,2,102400,11144,14456,25600
SRRIP_u128_s64_h1_c937,0,40,128,64,1,90112,0,25600,25600
BRRIP_u128_s64_h0_c937,11,40,128,64,0,90112,0,25600,25600
BRRIP_u128_s64_h0_c937,29,40,128,64,0,90112,0,25600,25600
BRRIP_u128_s64_h0_c937,47,40,128,64,0,90112,0,25600,25600
LRU_u128_s4_h0_c1000,0,41,128,4,0,98304,0,25600,25600
LRU_u128_s16_h2_c1000,0,41,128,16,2,98304,9912,15688,25600
LRU_u128_s64_h0_c1000,0,41,128,64,0,98304,10752,14848,25600
FIFO_u128_s16_h2_c1062,0,41,128,16,2,102400,12712,12888,25600
FIFO_u128_s64_h0_c1000,0,41,128,64,0,98304,10752,14848,25600
RANDOM_u128_s64_h1_c937,11,41,128,64,1,90112,17172,8428,25600
RANDOM_u128_s64_h1_c937,29,41,128,64,1,90112,17084,8516,25600
RANDOM_u128_s64_h1_c937,47,41,128,64,1,90112,17088,8512,25600
CLOCK_u128_s16_h2_c1062,0,41,128,16,2,102400,12712,12888,25600
SRRIP_u128_s64_h1_c937,0,41,128,64,1,90112,0,25600,25600
BRRIP_u128_s64_h0_c937,11,41,128,64,0,90112,0,25600,25600
BRRIP_u128_s64_h0_c937,29,41,128,64,0,90112,0,25600,25600
BRRIP_u128_s64_h0_c937,47,41,128,64,0,90112,0,25600,25600
LRU_u128_s4_h0_c1000,0,42,128,4,0,98304,21485,4115,25600
LRU_u128_s16_h2_c1000,0,42,128,16,2,98304,20524,5076,25600
LRU_u128_s64_h0_c1000,0,42,128,64,0,98304,21485,4115,25600
FIFO_u128_s16_h2_c1062,0,42,128,16,2,102400,17368,8232,25600
FIFO_u128_s64_h0_c1000,0,42,128,64,0,98304,17276,8324,25600
RANDOM_u128_s64_h1_c937,11,42,128,64,1,90112,18684,6916,25600
RANDOM_u128_s64_h1_c937,29,42,128,64,1,90112,18559,7041,25600
RANDOM_u128_s64_h1_c937,47,42,128,64,1,90112,18552,7048,25600
CLOCK_u128_s16_h2_c1062,0,42,128,16,2,102400,17368,8232,25600
SRRIP_u128_s64_h1_c937,0,42,128,64,1,90112,19693,5907,25600
BRRIP_u128_s64_h0_c937,11,42,128,64,0,90112,19693,5907,25600
BRRIP_u128_s64_h0_c937,29,42,128,64,0,90112,19693,5907,25600
BRRIP_u128_s64_h0_c937,47,42,128,64,0,90112,19693,5907,25600
LRU_u128_s4_h0_c1000,0,43,128,4,0,98304,21485,4115,25600
LRU_u128_s16_h2_c1000,0,43,128,16,2,98304,20645,4955,25600
LRU_u128_s64_h0_c1000,0,43,128,64,0,98304,21485,4115,25600
FIFO_u128_s16_h2_c1062,0,43,128,16,2,102400,18060,7540,25600
FIFO_u128_s64_h0_c1000,0,43,128,64,0,98304,17276,8324,25600
RANDOM_u128_s64_h1_c937,11,43,128,64,1,90112,18536,7064,25600
RANDOM_u128_s64_h1_c937,29,43,128,64,1,90112,18480,7120,25600
RANDOM_u128_s64_h1_c937,47,43,128,64,1,90112,18552,7048,25600
CLOCK_u128_s16_h2_c1062,0,43,128,16,2,102400,18060,7540,25600
SRRIP_u128_s64_h1_c937,0,43,128,64,1,90112,19693,5907,25600
BRRIP_u128_s64_h0_c937,11,43,128,64,0,90112,19693,5907,25600
BRRIP_u128_s64_h0_c937,29,43,128,64,0,90112,19693,5907,25600
BRRIP_u128_s64_h0_c937,47,43,128,64,0,90112,19693,5907,25600
LRU_u128_s4_h0_c1000,0,44,128,4,0,98304,14420,11180,25600
LRU_u128_s16_h2_c1000,0,44,128,16,2,98304,12600,13000,25600
LRU_u128_s64_h0_c1000,0,44,128,64,0,98304,16296,9304,25600
FIFO_u128_s16_h2_c1062,0,44,128,16,2,102400,11144,14456,25600
FIFO_u128_s64_h0_c1000,0,44,128,64,0,98304,10752,14848,25600
RANDOM_u128_s64_h1_c937,11,44,128,64,1,90112,11722,13878,25600
RANDOM_u128_s64_h1_c937,29,44,128,64,1,90112,11648,13952,25600
RANDOM_u128_s64_h1_c937,47,44,128,64,1,90112,11489,14111,25600
CLOCK_u128_s16_h2_c1062,0,44,128,16,2,102400,12680,12920,25600
SRRIP_u128_s64_h1_c937,0,44,128,64,1,90112,12252,13348,25600
BRRIP_u128_s64_h0_c937,11,44,128,64,0,90112,16110,9490,25600
BRRIP_u128_s64_h0_c937,29,44,128,64,0,90112,16125,9475,25600
BRRIP_u128_s64_h0_c937,47,44,128,64,0,90112,16025,9575,25600
LRU_u128_s4_h0_c1000,0,45,128,4,0,98304,14420,11180,25600
LRU_u128_s16_h2_c1000,0,45,128,16,2,98304,13076,12524,25600
LRU_u128_s64_h0_c1000,0,45,128,64,0,98304,16296,9304,25600
FIFO_u128_s16_h2_c1062,0,45,128,16,2,102400,12712,12888,25600
FIFO_u128_s64_h0_c1000,0,45,128,64,0,98304,10752,14848,25600
RANDOM_u128_s64_h1_c937,11,45,128,64,1,90112,11522,14078,25600
RANDOM_u128_s64_h1_c937,29,45,128,64,1,90112,11544,14056,25600
RANDOM_u128_s64_h1_c937,47,45,128,64,1,90112,11594,14006,25600
CLOCK_u128_s16_h2_c1062,0,45,128,16,2,102400,14002,11598,25600
SRRIP_u128_s64_h1_c937,0,45,128,64,1,90112,12244,13356,25600
BRRIP_u128_s64_h0_c937,11,45,128,64,0,90112,16110,9490,25600
BRRIP_u128_s64_h0_c937,29,45,128,64,0,90112,16125,9475,25600
BRRIP_u128_s64_h0_c937,47,45,128,64,0,90112,16025,9575,25600
LRU_u128_s4_h0_c1000,0,46,128,4,0,98304,14336,11264,25600
LRU_u128_s16_h2_c1000,0,46,128,16,2,98304,12628,12972,25600
LRU_u128_s64_h0_c1000,0,46,128,64,0,98304,16380,9220,25600
FIFO_u128_s16_h2_c1062,0,46,128,16,2,102400,11144,14456,25600
FIFO_u128_s64_h0_c1000,0,46,128,64,0,98304,10752,14848,25600
RANDOM_u128_s64_h1_c937,11,46,128,64,1,90112,11613,13987,25600
RANDOM_u128_s64_h1_c937,29,46,128,64,1,90112,11824,13776,25600
RANDOM_u128_s64_h1_c937,47,46,128,64,1,90112,11672,13928,25600
CLOCK_u128_s16_h2_c1062,0,46,128,16,2,102400,12803,12797,25600
SRRIP_u128_s64_h1_c937,0,46,128,64,1,90112,12234,13366,25600
BRRIP_u128_s64_h0_c937,11,46,128,64,0,90112,15877,9723,25600
BRRIP_u128_s64_h0_c937,29,46,128,64,0,90112,15781,9819,25600
BRRIP_u128_s64_h0_c937,47,46,128,64,0,90112,15911,9689,25600
LRU_u128_s4_h0_c1000,0,47,128,4,0,98304,14336,11264,25600
LRU_u128_s16_h2_c1000,0,47,128,16,2,98304,13048,12552,25600
LRU_u128_s64_h0_c1000,0,47,128,64,0,98304,16380,9220,25600
FIFO_u128_s16_h2_c1062,0,47,128,16,2,102400,12712,12888,25600
FIFO_u128_s64_h0_c1000,0,47,128,64,0,98304,10752,14848,25600
RANDOM_u128_s64_h1_c937,11,47,128,64,1,90112,11649,13951,25600
RANDOM_u128_s64_h1_c937,29,47,128,64,1,90112,11599,14001,25600
RANDOM_u128_s64_h1_c937,47,47,128,64,1,90112,11686,13914,25600
CLOCK_u128_s16_h2_c1062,0,47,128,16,2,102400,13962,11638,25600
SRRIP_u128_s64_h1_c937,0,47,128,64,1,90112,12630,12970,25600
BRRIP_u128_s64_h0_c937,11,47,128,64,0,90112,15877,9723,25600
BRRIP_u128_s64_h0_c937,29,47,128,64,0,90112,15781,9819,25600
BRRIP_u128_s64_h0_c937,47,47,128,64,0,90112,15911,9689,25600
LRU_u128_s4_h0_c1000,0,48,128,4,0,98304,14560,11040,25600
LRU_u128_s16_h2_c1000,0,48,128,16,2,98304,12964,12636,25600
LRU_u128_s64_h0_c1000,0,48,128,64,0,98304,16576,9024,25600
FIFO_u128_s16_h2_c1062,0,48,128,16,2,102400,11144,14456,25600
FIFO_u128_s64_h0_c1000,0,48,128,64,0,98304,10752,14848,25600
RANDOM_u128_s64_h1_c937,11,48,128,64,1,90112,11678,13922,25600
RANDOM_u128_s64_h1_c937,29,48,128,64,1,90112,11640,13960,25600
RANDOM_u128_s64_h1_c937,47,48,128,64,1,90112,11629,13971,25600
CLOCK_u128_s16_h2_c1062,0,48,128,16,2,102400,12698,12902,25600
SRRIP_u128_s64_h1_c937,0,48,128,64,1,90112,12003,13597,25600
BRRIP_u128_s64_h0_c937,11,48,128,64,0,90112,15829,9771,25600
BRRIP_u128_s64_h0_c937,29,48,128,64,0,90112,15950,9650,25600
BRRIP_u128_s64_h0_c937,47,48,128,64,0,90112,15948,9652,25600
LRU_u128_s4_h0_c1000,0,49,128,4,0,98304,14560,11040,25600
LRU_u128_s16_h2_c1000,0,49,128,16,2,98304,13104,12496,25600
LRU_u128_s64_h0_c1000,0,49,128,64,0,98304,16576,9024,25600
FIFO_u128_s16_h2_c1062,0,49,128,16,2,102400,12712,12888,25600
FIFO_u128_s64_h0_c1000,0,49,128,64,0,98304,10752,14848,25600
RANDOM_u128_s64_h1_c937,11,49,128,64,1,90112,11725,13875,25600
RANDOM_u128_s64_h1_c937,29,49,128,64,1,90112,11725,13875,25600
RANDOM_u128_s64_h1_c937,47,49,128,64,1,90112,11527,14073,25600
CLOCK_u128_s16_h2_c1062,0,49,128,16,2,102400,14555,11045,25600
SRRIP_u128_s64_h1_c937,0,49,128,64,1,90112,12021,13579,25600
BRRIP_u128_s64_h0_c937,11,49,128,64,0,90112,15829,9771,25600
BRRIP_u128_s64_h0_c937,29,49,128,64,0,90112,15950,9650,25600
BRRIP_u128_s64_h0_c937,47,49,128,64,0,90112,15948,9652,25600
LRU_u128_s4_h0_c1000,0,50,128,4,0,98304,0,6400,6400
LRU_u128_s16_h2_c1000,0,50,128,16,2,98304,2443,3957,6400
LRU_u128_s64_h0_c1000,0,50,128,64,0,98304,2688,3712,6400
FIFO_u128_s16_h2_c1062,0,50,128,16,2,102400,2786,3614,6400
FIFO_u128_s64_h0_c1000,0,50,128,64,0,98304,2688,3712,6400
RANDOM_u128_s64_h1_c937,11,50,128,64,1,90112,4324,2076,6400
RANDOM_u128_s64_h1_c937,29,50,128,64,1,90112,4273,2127,6400
RANDOM_u128_s64_h1_c937,47,50,128,64,1,90112,4306,2094,6400
CLOCK_u128_s16_h2_c1062,0,50,128,16,2,102400,2786,3614,6400
SRRIP_u128_s64_h1_c937,0,50,128,64,1,90112,0,6400,6400
BRRIP_u128_s64_h0_c937,11,50,128,64,0,90112,4480,1920,6400
BRRIP_u128_s64_h0_c937,29,50,128,64,0,90112,4480,1920,6400
BRRIP_u128_s64_h0_c937,47,50,128,64,0,90112,4480,1920,6400
LRU_u128_s4_h0_c1000,0,51,128,4,0,98304,0,6400,6400
LRU_u128_s16_h2_c1000,0,51,128,16,2,98304,2478,3922,6400
LRU_u128_s64_h0_c1000,0,51,128,64,0,98304,2688,3712,6400
FIFO_u128_s16_h2_c1062,0,51,128,16,2,102400,3178,3222,6400
FIFO_u128_s64_h0_c1000,0,51,128,64,0,98304,2688,3712,6400
RANDOM_u128_s64_h1_c937,11,51,128,64,1,90112,4293,2107,6400
RANDOM_u128_s64_h1_c937,29,51,128,64,1,90112,4271,2129,6400
RANDOM_u128_s64_h1_c937,47,51,128,64,1,90112,4272,2128,6400
CLOCK_u128_s16_h2_c1062,0,51,128,16,2,102400,3178,3222,6400
SRRIP_u128_s64_h1_c937,0,51,128,64,1,90112,0,6400,6400
BRRIP_u128_s64_h0_c937,11,51,128,64,0,90112,4480,1920,6400
BRRIP_u128_s64_h0_c937,29,51,128,64,0,90112,4480,1920,6400
BRRIP_u128_s64_h0_c937,47,51,128,64,0,90112,4480,1920,6400
LRU_u128_s4_h0_c1000,0,52,128,4,0,98304,5369,1031,6400
LRU_u128_s16_h2_c1000,0,52,128,16,2,98304,5131,1269,6400
LRU_u128_s64_h0_c1000,0,52,128,64,0,98304,5369,1031,6400
FIFO_u128_s16_h2_c1062,0,52,128,16,2,102400,4342,2058,6400
FIFO_u128_s64_h0_c1000,0,52,128,64,0,98304,4319,2081,6400
RANDOM_u128_s64_h1_c937,11,52,128,64,1,90112,4671,1729,6400
RANDOM_u128_s64_h1_c937,29,52,128,64,1,90112,4639,1761,6400
RANDOM_u128_s64_h1_c937,47,52,128,64,1,90112,4638,1762,6400
CLOCK_u128_s16_h2_c1062,0,52,128,16,2,102400,4342,2058,6400
SRRIP_u128_s64_h1_c937,0,52,128,64,1,90112,4915,1485,6400
BRRIP_u128_s64_h0_c937,11,52,128,64,0,90112,4701,1699,6400
BRRIP_u128_s64_h0_c937,29,52,128,64,0,90112,4709,1691,6400
BRRIP_u128_s64_h0_c937,47,52,128,64,0,90112,4699,1701,6400
LRU_u128_s4_h0_c1000,0,53,128,4,0,98304,5369,1031,6400
LRU_u128_s16_h2_c1000,0,53,128,16,2,98304,5159,1241,6400
LRU_u128_s64_h0_c1000,0,53,128,64,0,98304,5369,1031,6400
FIFO_u128_s16_h2_c1062,0,53,128,16,2,102400,4515,1885,6400
FIFO_u128_s64_h0_c1000,0,53,128,64,0,98304,4319,2081,6400
RANDOM_u128_s64_h1_c937,11,53,128,64,1,90112,4634,1766,6400
RANDOM_u128_s64_h1_c937,29,53,128,64,1,90112,4620,1780,6400
RANDOM_u128_s64_h1_c937,47,53,128,64,1,90112,4638,1762,6400
CLOCK_u128_s16_h2_c1062,0,53,128,16,2,102400,4515,1885,6400
SRRIP_u128_s64_h1_c937,0,53,128,64,1,90112,4915,1485,6400
BRRIP_u128_s64_h0_c937,11,53,128,64,0,90112,4701,1699,6400
BRRIP_u128_s64_h0_c937,29,53,128,64,0,90112,4709,1691,6400
BRRIP_u128_s64_h0_c937,47,53,128,64,0,90112,4699,1701,6400
LRU_u128_s4_h0_c1000,0,54,128,4,0,98304,0,6400,6400
LRU_u128_s16_h2_c1000,0,54,128,16,2,98304,2443,3957,6400
LRU_u128_s64_h0_c1000,0,54,128,64,0,98304,2688,3712,6400
FIFO_u128_s16_h2_c1062,0,54,128,16,2,102400,2786,3614,6400
FIFO_u128_s64_h0_c1000,0,54,128,64,0,98304,2688,3712,6400
RANDOM_u128_s64_h1_c937,11,54,128,64,1,90112,4287,2113,6400
RANDOM_u128_s64_h1_c937,29,54,128,64,1,90112,4320,2080,6400
RANDOM_u128_s64_h1_c937,47,54,128,64,1,90112,4305,2095,6400
CLOCK_u128_s16_h2_c1062,0,54,128,16,2,102400,2786,3614,6400
SRRIP_u128_s64_h1_c937,0,54,128,64,1,90112,0,6400,6400
BRRIP_u128_s64_h0_c937,11,54,128,64,0,90112,4479,1921,6400
BRRIP_u128_s64_h0_c937,29,54,128,64,0,90112,4479,1921,6400
BRRIP_u128_s64_h0_c937,47,54,128,64,0,90112,4480,1920,6400
LRU_u128_s4_h0_c1000,0,55,128,4,0,98304,0,6400,6400
LRU_u128_s16_h2_c1000,0,55,128,16,2,98304,2478,3922,6400
LRU_u128_s64_h0_c1000,0,55,128,64,0,98304,2688,3712,6400
FIFO_u128_s16_h2_c1062,0,55,128,16,2,102400,3178,3222,6400
FIFO_u128_s64_h0_c1000,0,55,128,64,0,98304,2688,3712,6400
RANDOM_u128_s64_h1_c937,11,55,128,64,1,90112,4313,2087,6400
RANDOM_u128_s64_h1_c937,29,55,128,64,1,90112,4289,2111,6400
RANDOM_u128_s64_h1_c937,47,55,128,64,1,90112,4285,2115,6400
CLOCK_u128_s16_h2_c1062,0,55,128,16,2,102400,3178,3222,6400
SRRIP_u128_s64_h1_c937,0,55,128,64,1,90112,0,6400,6400
BRRIP_u128_s64_h0_c937,11,55,128,64,0,90112,4479,1921,6400
BRRIP_u128_s64_h0_c937,29,55,128,64,0,90112,4479,1921,6400
BRRIP_u128_s64_h0_c937,47,55,128,64,0,90112,4480,1920,6400
LRU_u128_s4_h0_c1000,0,56,128,4,0,98304,0,6400,6400
LRU_u128_s16_h2_c1000,0,56,128,16,2,98304,2443,3957,6400
LRU_u128_s64_h0_c1000,0,56,128,64,0,98304,2688,3712,6400
FIFO_u128_s16_h2_c1062,0,56,128,16,2,102400,2786,3614,6400
FIFO_u128_s64_h0_c1000,0,56,128,64,0,98304,2688,3712,6400
RANDOM_u128_s64_h1_c937,11,56,128,64,1,90112,4303,2097,6400
RANDOM_u128_s64_h1_c937,29,56,128,64,1,90112,4298,2102,6400
RANDOM_u128_s64_h1_c937,47,56,128,64,1,90112,4287,2113,6400
CLOCK_u128_s16_h2_c1062,0,56,128,16,2,102400,2786,3614,6400
SRRIP_u128_s64_h1_c937,0,56,128,64,1,90112,0,6400,6400
BRRIP_u128_s64_h0_c937,11,56,128,64,0,90112,4479,1921,6400
BRRIP_u128_s64_h0_c937,29,56,128,64,0,90112,4480,1920,6400
BRRIP_u128_s64_h0_c937,47,56,128,64,0,90112,4480,1920,6400
LRU_u128_s4_h0_c1000,0,57,128,4,0,98304,0,6400,6400
LRU_u128_s16_h2_c1000,0,57,128,16,2,98304,2478,3922,6400
LRU_u128_s64_h0_c1000,0,57,128,64,0,98304,2688,3712,6400
FIFO_u128_s16_h2_c1062,0,57,128,16,2,102400,3178,3222,6400
FIFO_u128_s64_h0_c1000,0,57,128,64,0,98304,2688,3712,6400
RANDOM_u128_s64_h1_c937,11,57,128,64,1,90112,4310,2090,6400
RANDOM_u128_s64_h1_c937,29,57,128,64,1,90112,4315,2085,6400
RANDOM_u128_s64_h1_c937,47,57,128,64,1,90112,4310,2090,6400
CLOCK_u128_s16_h2_c1062,0,57,128,16,2,102400,3178,3222,6400
SRRIP_u128_s64_h1_c937,0,57,128,64,1,90112,0,6400,6400
BRRIP_u128_s64_h0_c937,11,57,128,64,0,90112,4479,1921,6400
BRRIP_u128_s64_h0_c937,29,57,128,64,0,90112,4480,1920,6400
BRRIP_u128_s64_h0_c937,47,57,128,64,0,90112,4480,1920,6400
LRU_u128_s4_h0_c1000,0,58,128,4,0,98304,0,6400,6400
LRU_u128_s16_h2_c1000,0,58,128,16,2,98304,2443,3957,6400
LRU_u128_s64_h0_c1000,0,58,128,64,0,98304,2688,3712,6400
FIFO_u128_s16_h2_c1062,0,58,128,16,2,102400,2786,3614,6400
FIFO_u128_s64_h0_c1000,0,58,128,64,0,98304,2688,3712,6400
RANDOM_u128_s64_h1_c937,11,58,128,64,1,90112,4322,2078,6400
RANDOM_u128_s64_h1_c937,29,58,128,64,1,90112,4333,2067,6400
RANDOM_u128_s64_h1_c937,47,58,128,64,1,90112,4315,2085,6400
CLOCK_u128_s16_h2_c1062,0,58,128,16,2,102400,2786,3614,6400
SRRIP_u128_s64_h1_c937,0,58,128,64,1,90112,0,6400,6400
BRRIP_u128_s64_h0_c937,11,58,128,64,0,90112,4480,1920,6400
BRRIP_u128_s64_h0_c937,29,58,128,64,0,90112,4480,1920,6400
BRRIP_u128_s64_h0_c937,47,58,128,64,0,90112,4480,1920,6400
LRU_u128_s4_h0_c1000,0,59,128,4,0,98304,0,6400,6400
LRU_u128_s16_h2_c1000,0,59,128,16,2,98304,2478,3922,6400
LRU_u128_s64_h0_c1000,0,59,128,64,0,98304,2688,3712,6400
FIFO_u128_s16_h2_c1062,0,59,128,16,2,102400,3178,3222,6400
FIFO_u128_s64_h0_c1000,0,59,128,64,0,98304,2688,3712,6400
RANDOM_u128_s64_h1_c937,11,59,128,64,1,90112,4336,2064,6400
RANDOM_u128_s64_h1_c937,29,59,128,64,1,90112,4304,2096,6400
RANDOM_u128_s64_h1_c937,47,59,128,64,1,90112,4338,2062,6400
CLOCK_u128_s16_h2_c1062,0,59,128,16,2,102400,3178,3222,6400
SRRIP_u128_s64_h1_c937,0,59,128,64,1,90112,0,6400,6400
BRRIP_u128_s64_h0_c937,11,59,128,64,0,90112,4480,1920,6400
BRRIP_u128_s64_h0_c937,29,59,128,64,0,90112,4480,1920,6400
BRRIP_u128_s64_h0_c937,47,59,128,64,0,90112,4480,1920,6400
LRU_u128_s4_h0_c1000,0,60,128,4,0,98304,0,27648,27648
LRU_u128_s16_h2_c1000,0,60,128,16,2,98304,5180,22468,27648
LRU_u128_s64_h0_c1000,0,60,128,64,0,98304,0,27648,27648
FIFO_u128_s16_h2_c1062,0,60,128,16,2,102400,7924,19724,27648
FIFO_u128_s64_h0_c1000,0,60,128,64,0,98304,0,27648,27648
RANDOM_u128_s64_h1_c937,11,60,128,64,1,90112,15716,11932,27648
RANDOM_u128_s64_h1_c937,29,60,128,64,1,90112,15784,11864,27648
RANDOM_u128_s64_h1_c937,47,60,128,64,1,90112,15680,11968,27648
CLOCK_u128_s16_h2_c1062,0,60,128,16,2,102400,7924,19724,27648
SRRIP_u128_s64_h1_c937,0,60,128,64,1,90112,0,27648,27648
BRRIP_u128_s64_h0_c937,11,60,128,64,0,90112,0,27648,27648
BRRIP_u128_s64_h0_c937,29,60,128,64,0,90112,0,27648,27648
BRRIP_u128_s64_h0_c937,47,60,128,64,0,90112,0,27648,27648
LRU_u128_s4_h0_c1000,0,61,128,4,0,98304,0,27648,27648
LRU_u128_s16_h2_c1000,0,61,128,16,2,98304,3780,23868,27648
LRU_u128_s64_h0_c1000,0,61,128,64,0,98304,0,27648,27648
FIFO_u128_s16_h2_c1062,0,61,128,16,2,102400,6580,21068,27648
FIFO_u128_s64_h0_c1000,0,61,128,64,0,98304,0,27648,27648
RANDOM_u128_s64_h1_c937,11,61,128,64,1,90112,15768,11880,27648
RANDOM_u128_s64_h1_c937,29,61,128,64,1,90112,15716,11932,27648
RANDOM_u128_s64_h1_c937,47,61,128,64,1,90112,15832,11816,27648
CLOCK_u128_s16_h2_c1062,0,61,128,16,2,102400,6580,21068,27648
SRRIP_u128_s64_h1_c937,0,61,128,64,1,90112,0,27648,27648
BRRIP_u128_s64_h0_c937,11,61,128,64,0,90112,0,27648,27648
BRRIP_u128_s64_h0_c937,29,61,128,64,0,90112,0,27648,27648
BRRIP_u128_s64_h0_c937,47,61,128,64,0,90112,0,27648,27648
LRU_u128_s4_h0_c1000,0,62,128,4,0,98304,21485,6163,27648
LRU_u128_s16_h2_c1000,0,62,128,16,2,98304,21289,6359,27648
LRU_u128_s64_h0_c1000,0,62,128,64,0,98304,21485,6163,27648
FIFO_u128_s16_h2_c1062,0,62,128,16,2,102400,16896,10752,27648
FIFO_u128_s64_h0_c1000,0,62,128,64,0,98304,13436,14212,27648
RANDOM_u128_s64_h1_c937,11,62,128,64,1,90112,17924,9724,27648
RANDOM_u128_s64_h1_c937,29,62,128,64,1,90112,17891,9757,27648
RANDOM_u128_s64_h1_c937,47,62,128,64,1,90112,17876,9772,27648
CLOCK_u128_s16_h2_c1062,0,62,128,16,2,102400,16896,10752,27648
SRRIP_u128_s64_h1_c937,0,62,128,64,1,90112,19693,7955,27648
BRRIP_u128_s64_h0_c937,11,62,128,64,0,90112,19693,7955,27648
BRRIP_u128_s64_h0_c937,29,62,128,64,0,90112,19693,7955,27648
BRRIP_u128_s64_h0_c937,47,62,128,64,0,90112,19693,7955,27648
LRU_u128_s4_h0_c1000,0,63,128,4,0,98304,21485,6163,27648
LRU_u128_s16_h2_c1000,0,63,128,16,2,98304,21233,6415,27648
LRU_u128_s64_h0_c1000,0,63,128,64,0,98304,21485,6163,27648
FIFO_u128_s16_h2_c1062,0,63,128,16,2,102400,16324,11324,27648
FIFO_u128_s64_h0_c1000,0,63,128,64,0,98304,13436,14212,27648
RANDOM_u128_s64_h1_c937,11,63,128,64,1,90112,17905,9743,27648
RANDOM_u128_s64_h1_c937,29,63,128,64,1,90112,18079,9569,27648
RANDOM_u128_s64_h1_c937,47,63,128,64,1,90112,17791,9857,27648
CLOCK_u128_s16_h2_c1062,0,63,128,16,2,102400,16324,11324,27648
SRRIP_u128_s64_h1_c937,0,63,128,64,1,90112,19693,7955,27648
BRRIP_u128_s64_h0_c937,11,63,128,64,0,90112,19693,7955,27648
BRRIP_u128_s64_h0_c937,29,63,128,64,0,90112,19693,7955,27648
BRRIP_u128_s64_h0_c937,47,63,128,64,0,90112,19693,7955,27648
LRU_u128_s4_h0_c1000,0,64,128,4,0,98304,6496,21152,27648
LRU_u128_s16_h2_c1000,0,64,128,16,2,98304,9884,17764,27648
LRU_u128_s64_h0_c1000,0,64,128,64,0,98304,8176,19472,27648
FIFO_u128_s16_h2_c1062,0,64,128,16,2,102400,7924,19724,27648
FIFO_u128_s64_h0_c1000,0,64,128,64,0,98304,0,27648,27648
RANDOM_u128_s64_h1_c937,11,64,128,64,1,90112,8238,19410,27648
RANDOM_u128_s64_h1_c937,29,64,128,64,1,90112,8116,19532,27648
RANDOM_u128_s64_h1_c937,47,64,128,64,1,90112,8135,19513,27648
CLOCK_u128_s16_h2_c1062,0,64,128,16,2,102400,9872,17776,27648
SRRIP_u128_s64_h1_c937,0,64,128,64,1,90112,7644,20004,27648
BRRIP_u128_s64_h0_c937,11,64,128,64,0,90112,15746,11902,27648
BRRIP_u128_s64_h0_c937,29,64,128,64,0,90112,15761,11887,27648
BRRIP_u128_s64_h0_c937,47,64,128,64,0,90112,15769,11879,27648
LRU_u128_s4_h0_c1000,0,65,128,4,0,98304,6496,21152,27648
LRU_u128_s16_h2_c1000,0,65,128,16,2,98304,9492,18156,27648
LRU_u128_s64_h0_c1000,0,65,128,64,0,98304,8176,19472,27648
FIFO_u128_s16_h2_c1062,0,65,128,16,2,102400,6580,21068,27648
FIFO_u128_s64_h0_c1000,0,65,128,64,0,98304,0,27648,27648
RANDOM_u128_s64_h1_c937,11,65,128,64,1,90112,8361,19287,27648
RANDOM_u128_s64_h1_c937,29,65,128,64,1,90112,8211,19437,27648
RANDOM_u128_s64_h1_c937,47,65,128,64,1,90112,8229,19419,27648
CLOCK_u128_s16_h2_c1062,0,65,128,16,2,102400,10566,17082,27648
SRRIP_u128_s64_h1_c937,0,65,128,64,1,90112,7944,19704,27648
BRRIP_u128_s64_h0_c937,11,65,128,64,0,90112,15746,11902,27648
BRRIP_u128_s64_h0_c937,29,65,128,64,0,90112,15761,11887,27648
BRRIP_u128_s64_h0_c937,47,65,128,64,0,90112,15769,11879,27648
LRU_u128_s4_h0_c1000,0,66,128,4,0,98304,6076,21572,27648
LRU_u128_s16_h2_c1000,0,66,128,16,2,98304,9856,17792,27648
LRU_u128_s64_h0_c1000,0,66,128,64,0,98304,7896,19752,27648
FIFO_u128_s16_h2_c1062,0,66,128,16,2,102400,7924,19724,27648
FIFO_u128_s64_h0_c1000,0,66,128,64,0,98304,0,27648,27648
RANDOM_u128_s64_h1_c937,11,66,128,64,1,90112,8134,19514,27648
RANDOM_u128_s64_h1_c937,29,66,128,64,1,90112,8050,19598,27648
RANDOM_u128_s64_h1_c937,47,66,128,64,1,90112,7954,19694,27648
CLOCK_u128_s16_h2_c1062,0,66,128,16,2,102400,9282,18366,27648
SRRIP_u128_s64_h1_c937,0,66,128,64,1,90112,8018,19630,27648
BRRIP_u128_s64_h0_c937,11,66,128,64,0,90112,15648,12000,27648
BRRIP_u128_s64_h0_c937,29,66,128,64,0,90112,15619,12029,27648
BRRIP_u128_s64_h0_c937,47,66,128,64,0,90112,15799,11849,27648
LRU_u128_s4_h0_c1000,0,67,128,4,0,98304,6076,21572,27648
LRU_u128_s16_h2_c1000,0,67,128,16,2,98304,8596,19052,27648
LRU_u128_s64_h0_c1000,0,67,128,64,0,98304,7896,19752,27648
FIFO_u128_s16_h2_c1062,0,67,128,16,2,102400,6580,21068,27648
FIFO_u128_s64_h0_c1000,0,67,128,64,0,98304,0,27648,27648
RANDOM_u128_s64_h1_c937,11,67,128,64,1,90112,8166,19482,27648
RANDOM_u128_s64_h1_c937,29,67,128,64,1,90112,8016,19632,27648
RANDOM_u128_s64_h1_c937,47,67,128,64,1,90112,7895,19753,27648
CLOCK_u128_s16_h2_c1062,0,67,128,16,2,102400,8595,19053,27648
SRRIP_u128_s64_h1_c937,0,67,128,64,1,90112,7391,20257,27648
BRRIP_u128_s64_h0_c937,11,67,128,64,0,90112,15648,12000,27648
BRRIP_u128_s64_h0_c937,29,67,128,64,0,90112,15619,12029,27648
BRRIP_u128_s64_h0_c937,47,67,128,64,0,90112,15799,11849,27648
LRU_u128_s4_h0_c1000,0,68,128,4,0,98304,6132,21516,27648
LRU_u128_s16_h2_c1000,0,68,128,16,2,98304,10080,17568,27648
LRU_u128_s64_h0_c1000,0,68,128,64,0,98304,8064,19584,27648
FIFO_u128_s16_h2_c1062,0,68,128,16,2,102400,7924,19724,27648
FIFO_u128_s64_h0_c1000,0,68,128,64,0,98304,0,27648,27648
RANDOM_u128_s64_h1_c937,11,68,128,64,1,90112,8242,19406,27648
RANDOM_u128_s64_h1_c937,29,68,128,64,1,90112,8150,19498,27648
RANDOM_u128_s64_h1_c937,47,68,128,64,1,90112,8187,19461,27648
CLOCK_u128_s16_h2_c1062,0,68,128,16,2,102400,10791,16857,27648
SRRIP_u128_s64_h1_c937,0,68,128,64,1,90112,7169,20479,27648
BRRIP_u128_s64_h0_c937,11,68,128,64,0,90112,15367,12281,27648
BRRIP_u128_s64_h0_c937,29,68,128,64,0,90112,15723,11925,27648
BRRIP_u128_s64_h0_c937,47,68,128,64,0,90112,15584,12064,27648
LRU_u128_s4_h0_c1000,0,69,128,4,0,98304,6132,21516,27648
LRU_u128_s16_h2_c1000,0,69,128,16,2,98304,9548,18100,27648
LRU_u128_s64_h0_c1000,0,69,128,64,0,98304,8064,19584,27648
FIFO_u128_s16_h2_c1062,0,69,128,16,2,102400,6580,21068,27648
FIFO_u128_s64_h0_c1000,0,69,128,64,0,98304,0,27648,27648
RANDOM_u128_s64_h1_c937,11,69,128,64,1,90112,8149,19499,27648
RANDOM_u128_s64_h1_c937,29,69,128,64,1,90112,8235,19413,27648
RANDOM_u128_s64_h1_c937,47,69,128,64,1,90112,8240,19408,27648
CLOCK_u128_s16_h2_c1062,0,69,128,16,2,102400,10148,17500,27648
SRRIP_u128_s64_h1_c937,0,69,128,64,1,90112,7774,19874,27648
BRRIP_u128_s64_h0_c937,11,69,128,64,0,90112,15367,12281,27648
BRRIP_u128_s64_h0_c937,29,69,128,64,0,90112,15723,11925,27648
BRRIP_u128_s64_h0_c937,47,69,128,64,0,90112,15584,12064,27648
LRU_u128_s4_h0_c1000,0,70,128,4,0,98304,0,6912,6912
LRU_u128_s16_h2_c1000,0,70,128,16,2,98304,1295,5617,6912
LRU_u128_s64_h0_c1000,0,70,128,64,0,98304,0,6912,6912
FIFO_u128_s16_h2_c1062,0,70,128,16,2,102400,1981,4931,6912
FIFO_u128_s64_h0_c1000,0,70,128,64,0,98304,0,6912,6912
RANDOM_u128_s64_h1_c937,11,70,128,64,1,90112,3929,2983,6912
RANDOM_u128_s64_h1_c937,29,70,128,64,1,90112,3946,2966,6912
RANDOM_u128_s64_h1_c937,47,70,128,64,1,90112,3920,2992,6912
CLOCK_u128_s16_h2_c1062,0,70,128,16,2,102400,1981,4931,6912
SRRIP_u128_s64_h1_c937,0,70,128,64,1,90112,0,6912,6912
BRRIP_u128_s64_h0_c937,11,70,128,64,0,90112,4480,2432,6912
BRRIP_u128_s64_h0_c937,29,70,128,64,0,90112,4480,2432,6912
BRRIP_u128_s64_h0_c937,47,70,128,64,0,90112,4480,2432,6912
LRU_u128_s4_h0_c1000,0,71,128,4,0,98304,0,6912,6912
LRU_u128_s16_h2_c1000,0,71,128,16,2,98304,945,5967,6912
LRU_u128_s64_h0_c1000,0,71,128,64,0,98304,0,6912,6912
FIFO_u128_s16_h2_c1062,0,71,128,16,2,102400,1645,5267,6912
FIFO_u128_s64_h0_c1000,0,71,128,64,0,98304,0,6912,6912
RANDOM_u128_s64_h1_c937,11,71,128,64,1,90112,3942,2970,6912
RANDOM_u128_s64_h1_c937,29,71,128,64,1,90112,3929,2983,6912
RANDOM_u128_s64_h1_c937,47,71,128,64,1,90112,3958,2954,6912
CLOCK_u128_s16_h2_c1062,0,71,128,16,2,102400,1645,5267,6912
SRRIP_u128_s64_h1_c937,0,71,128,64,1,90112,0,6912,6912
BRRIP_u128_s64_h0_c937,11,71,128,64,0,90112,4480,2432,6912
BRRIP_u128_s64_h0_c937,29,71,128,64,0,90112,4480,2432,6912
BRRIP_u128_s64_h0_c937,47,71,128,64,0,90112,4480,2432,6912
LRU_u128_s4_h0_c1000,0,72,128,4,0,98304,5369,1543,6912
LRU_u128_s16_h2_c1000,0,72,128,16,2,98304,5320,1592,6912
LRU_u128_s64_h0_c1000,0,72,128,64,0,98304,5369,1543,6912
FIFO_u128_s16_h2_c1062,0,72,128,16,2,102400,4224,2688,6912
FIFO_u128_s64_h0_c1000,0,72,128,64,0,98304,3359,3553,6912
RANDOM_u128_s64_h1_c937,11,72,128,64,1,90112,4481,2431,6912
RANDOM_u128_s64_h1_c937,29,72,128,64,1,90112,4472,2440,6912
RANDOM_u128_s64_h1_c937,47,72,128,64,1,90112,4469,2443,6912
CLOCK_u128_s16_h2_c1062,0,72,128,16,2,102400,4224,2688,6912
SRRIP_u128_s64_h1_c937,0,72,128,64,1,90112,4913,1999,6912
BRRIP_u128_s64_h0_c937,11,72,128,64,0,90112,4485,2427,6912
BRRIP_u128_s64_h0_c937,29,72,128,64,0,90112,4487,2425,6912
BRRIP_u128_s64_h0_c937,47,72,128,64,0,90112,4493,2419,6912
LRU_u128_s4_h0_c1000,0,73,128,4,0,98304,5369,1543,6912
LRU_u128_s16_h2_c1000,0,73,128,16,2,98304,5306,1606,6912
LRU_u128_s64_h0_c1000,0,73,128,64,0,98304,5369,1543,6912
FIFO_u128_s16_h2_c1062,0,73,128,16,2,102400,4081,2831,6912
FIFO_u128_s64_h0_c1000,0,73,128,64,0,98304,3359,3553,6912
RANDOM_u128_s64_h1_c937,11,73,128,64,1,90112,4477,2435,6912
RANDOM_u128_s64_h1_c937,29,73,128,64,1,90112,4519,2393,6912
RANDOM_u128_s64_h1_c937,47,73,128,64,1,90112,4447,2465,6912
CLOCK_u128_s16_h2_c1062,0,73,128,16,2,102400,4081,2831,6912
SRRIP_u128_s64_h1_c937,0,73,128,64,1,90112,4913,1999,6912
BRRIP_u128_s64_h0_c937,11,73,128,64,0,90112,4485,2427,6912
BRRIP_u128_s64_h0_c937,29,73,128,64,0,90112,4487,2425,6912
BRRIP_u128_s64_h0_c937,47,73,128,64,0,90112,4493,2419,6912
LRU_u128_s4_h0_c1000,0,74,128,4,0,98304,0,6912,6912
LRU_u128_s16_h2_c1000,0,74,128,16,2,98304,1295,5617,6912
LRU_u128_s64_h0_c1000,0,74,128,64,0,98304,0,6912,6912
FIFO_u128_s16_h2_c1062,0,74,128,16,2,102400,1981,4931,6912
FIFO_u128_s64_h0_c1000,0,74,128,64,0,98304,0,6912,6912
RANDOM_u128_s64_h1_c937,11,74,128,64,1,90112,3980,2932,6912
RANDOM_u128_s64_h1_c937,29,74,128,64,1,90112,3937,2975,6912
RANDOM_u128_s64_h1_c937,47,74,128,64,1,90112,3942,2970,6912
CLOCK_u128_s16_h2_c1062,0,74,128,16,2,102400,1981,4931,6912
SRRIP_u128_s64_h1_c937,0,74,128,64,1,90112,0,6912,6912
BRRIP_u128_s64_h0_c937,11,74,128,64,0,90112,4479,2433,6912
BRRIP_u128_s64_h0_c937,29,74,128,64,0,90112,4480,2432,6912
BRRIP_u128_s64_h0_c937,47,74,128,64,0,90112,4479,2433,6912
LRU_u128_s4_h0_c1000,0,75,128,4,0,98304,0,6912,6912
LRU_u128_s16_h2_c1000,0,75,128,16,2,98304,945,5967,6912
LRU_u128_s64_h0_c1000,0,75,128,64,0,98304,0,6912,6912
FIFO_u128_s16_h2_c1062,0,75,128,16,2,102400,1645,5267,6912
FIFO_u128_s64_h0_c1000,0,75,128,64,0,98304,0,6912,6912
RANDOM_u128_s64_h1_c937,11,75,128,64,1,90112,3972,2940,6912
RANDOM_u128_s64_h1_c937,29,75,128,64,1,90112,3952,2960,6912
RANDOM_u128_s64_h1_c937,47,75,128,64,1,90112,3928,2984,6912
CLOCK_u128_s16_h2_c1062,0,75,128,16,2,102400,1645,5267,6912
SRRIP_u128_s64_h1_c937,0,75,128,64,1,90112,0,6912,6912
BRRIP_u128_s64_h0_c937,11,75,128,64,0,90112,4479,2433,6912
BRRIP_u128_s64_h0_c937,29,75,128,64,0,90112,4480,2432,6912
BRRIP_u128_s64_h0_c937,47,75,128,64,0,90112,4479,2433,6912
LRU_u128_s4_h0_c1000,0,76,128,4,0,98304,0,6912,6912
LRU_u128_s16_h2_c1000,0,76,128,16,2,98304,1295,5617,6912
LRU_u128_s64_h0_c1000,0,76,128,64,0,98304,0,6912,6912
FIFO_u128_s16_h2_c1062,0,76,128,16,2,102400,1981,4931,6912
FIFO_u128_s64_h0_c1000,0,76,128,64,0,98304,0,6912,6912
RANDOM_u128_s64_h1_c937,11,76,128,64,1,90112,3938,2974,6912
RANDOM_u128_s64_h1_c937,29,76,128,64,1,90112,3977,2935,6912
RANDOM_u128_s64_h1_c937,47,76,128,64,1,90112,3899,3013,6912
CLOCK_u128_s16_h2_c1062,0,76,128,16,2,102400,1981,4931,6912
SRRIP_u128_s64_h1_c937,0,76,128,64,1,90112,0,6912,6912
BRRIP_u128_s64_h0_c937,11,76,128,64,0,90112,4480,2432,6912
BRRIP_u128_s64_h0_c937,29,76,128,64,0,90112,4480,2432,6912
BRRIP_u128_s64_h0_c937,47,76,128,64,0,90112,4480,2432,6912
LRU_u128_s4_h0_c1000,0,77,128,4,0,98304,0,6912,6912
LRU_u128_s16_h2_c1000,0,77,128,16,2,98304,945,5967,6912
LRU_u128_s64_h0_c1000,0,77,128,64,0,98304,0,6912,6912
FIFO_u128_s16_h2_c1062,0,77,128,16,2,102400,1645,5267,6912
FIFO_u128_s64_h0_c1000,0,77,128,64,0,98304,0,6912,6912
RANDOM_u128_s64_h1_c937,11,77,128,64,1,90112,3947,2965,6912
RANDOM_u128_s64_h1_c937,29,77,128,64,1,90112,3971,2941,6912
RANDOM_u128_s64_h1_c937,47,77,128,64,1,90112,3936,2976,6912
CLOCK_u128_s16_h2_c1062,0,77,128,16,2,102400,1645,5267,6912
SRRIP_u128_s64_h1_c937,0,77,128,64,1,90112,0,6912,6912
BRRIP_u128_s64_h0_c937,11,77,128,64,0,90112,4480,2432,6912
BRRIP_u128_s64_h0_c937,29,77,128,64,0,90112,4480,2432,6912
BRRIP_u128_s64_h0_c937,47,77,128,64,0,90112,4480,2432,6912
LRU_u128_s4_h0_c1000,0,78,128,4,0,98304,0,6912,6912
LRU_u128_s16_h2_c1000,0,78,128,16,2,98304,1295,5617,6912
LRU_u128_s64_h0_c1000,0,78,128,64,0,98304,0,6912,6912
FIFO_u128_s16_h2_c1062,0,78,128,16,2,102400,1981,4931,6912
FIFO_u128_s64_h0_c1000,0,78,128,64,0,98304,0,6912,6912
RANDOM_u128_s64_h1_c937,11,78,128,64,1,90112,3987,2925,6912
RANDOM_u128_s64_h1_c937,29,78,128,64,1,90112,3925,2987,6912
RANDOM_u128_s64_h1_c937,47,78,128,64,1,90112,3943,2969,6912
CLOCK_u128_s16_h2_c1062,0,78,128,16,2,102400,1981,4931,6912
SRRIP_u128_s64_h1_c937,0,78,128,64,1,90112,0,6912,6912
BRRIP_u128_s64_h0_c937,11,78,128,64,0,90112,4480,2432,6912
BRRIP_u128_s64_h0_c937,29,78,128,64,0,90112,4480,2432,6912
BRRIP_u128_s64_h0_c937,47,78,128,64,0,90112,4479,2433,6912
LRU_u128_s4_h0_c1000,0,79,128,4,0,98304,0,6912,6912
LRU_u128_s16_h2_c1000,0,79,128,16,2,98304,945,5967,6912
LRU_u128_s64_h0_c1000,0,79,128,64,0,98304,0,6912,6912
FIFO_u128_s16_h2_c1062,0,79,128,16,2,102400,1645,5267,6912
FIFO_u128_s64_h0_c1000,0,79,128,64,0,98304,0,6912,6912
RANDOM_u128_s64_h1_c937,11,79,128,64,1,90112,3956,2956,6912
RANDOM_u128_s64_h1_c937,29,79,128,64,1,90112,3961,2951,6912
RANDOM_u128_s64_h1_c937,47,79,128,64,1,90112,3968,2944,6912
CLOCK_u128_s16_h2_c1062,0,79,128,16,2,102400,1645,5267,6912
SRRIP_u128_s64_h1_c937,0,79,128,64,1,90112,0,6912,6912
BRRIP_u128_s64_h0_c937,11,79,128,64,0,90112,4480,2432,6912
BRRIP_u128_s64_h0_c937,29,79,128,64,0,90112,4480,2432,6912
BRRIP_u128_s64_h0_c937,47,79,128,64,0,90112,4479,2433,6912
LRU_u128_s4_h0_c1000,0,80,128,4,0,98304,0,29696,29696
LRU_u128_s16_h2_c1000,0,80,128,16,2,98304,1316,28380,29696
LRU_u128_s64_h0_c1000,0,80,128,64,0,98304,0,29696,29696
FIFO_u128_s16_h2_c1062,0,80,128,16,2,102400,1316,28380,29696
FIFO_u128_s64_h0_c1000,0,80,128,64,0,98304,0,29696,29696
RANDOM_u128_s64_h1_c937,11,80,128,64,1,90112,14456,15240,29696
RANDOM_u128_s64_h1_c937,29,80,128,64,1,90112,14532,15164,29696
RANDOM_u128_s64_h1_c937,47,80,128,64,1,90112,14392,15304,29696
CLOCK_u128_s16_h2_c1062,0,80,128,16,2,102400,1316,28380,29696
SRRIP_u128_s64_h1_c937,0,80,128,64,1,90112,0,29696,29696
BRRIP_u128_s64_h0_c937,11,80,128,64,0,90112,0,29696,29696
BRRIP_u128_s64_h0_c937,29,80,128,64,0,90112,0,29696,29696
BRRIP_u128_s64_h0_c937,47,80,128,64,0,90112,0,29696,29696
LRU_u128_s4_h0_c1000,0,81,128,4,0,98304,0,29696,29696
LRU_u128_s16_h2_c1000,0,81,128,16,2,98304,2632,27064,29696
LRU_u128_s64_h0_c1000,0,81,128,64,0,98304,0,29696,29696
FIFO_u128_s16_h2_c1062,0,81,128,16,2,102400,4032,25664,29696
FIFO_u128_s64_h0_c1000,0,81,128,64,0,98304,0,29696,29696
RANDOM_u128_s64_h1_c937,11,81,128,64,1,90112,14492,15204,29696
RANDOM_u128_s64_h1_c937,29,81,128,64,1,90112,14476,15220,29696
RANDOM_u128_s64_h1_c937,47,81,128,64,1,90112,14412,15284,29696
CLOCK_u128_s16_h2_c1062,0,81,128,16,2,102400,4032,25664,29696
SRRIP_u128_s64_h1_c937,0,81,128,64,1,90112,0,29696,29696
BRRIP_u128_s64_h0_c937,11,81,128,64,0,90112,0,29696,29696
BRRIP_u128_s64_h0_c937,29,81,128,64,0,90112,0,29696,29696
BRRIP_u128_s64_h0_c937,47,81,128,64,0,90112,0,29696,29696
LRU_u128_s4_h0_c1000,0,82,128,4,0,98304,21485,8211,29696
LRU_u128_s16_h2_c1000,0,82,128,16,2,98304,21457,8239,29696
LRU_u128_s64_h0_c1000,0,82,128,64,0,98304,21485,8211,29696
FIFO_u128_s16_h2_c1062,0,82,128,16,2,102400,14884,14812,29696
FIFO_u128_s64_h0_c1000,0,82,128,64,0,98304,14204,15492,29696
RANDOM_u128_s64_h1_c937,11,82,128,64,1,90112,17423,12273,29696
RANDOM_u128_s64_h1_c937,29,82,128,64,1,90112,17260,12436,29696
RANDOM_u128_s64_h1_c937,47,82,128,64,1,90112,17395,12301,29696
CLOCK_u128_s16_h2_c1062,0,82,128,16,2,102400,14884,14812,29696
SRRIP_u128_s64_h1_c937,0,82,128,64,1,90112,19693,10003,29696
BRRIP_u128_s64_h0_c937,11,82,128,64,0,90112,19693,10003,29696
BRRIP_u128_s64_h0_c937,29,82,128,64,0,90112,19693,10003,29696
BRRIP_u128_s64_h0_c937,47,82,128,64,0,90112,19693,10003,29696
LRU_u128_s4_h0_c1000,0,83,128,4,0,98304,21485,8211,29696
LRU_u128_s16_h2_c1000,0,83,128,16,2,98304,21429,8267,29696
LRU_u128_s64_h0_c1000,0,83,128,64,0,98304,21485,8211,29696
FIFO_u128_s16_h2_c1062,0,83,128,16,2,102400,16036,13660,29696
FIFO_u128_s64_h0_c1000,0,83,128,64,0,98304,14204,15492,29696
RANDOM_u128_s64_h1_c937,11,83,128,64,1,90112,17300,12396,29696
RANDOM_u128_s64_h1_c937,29,83,128,64,1,90112,17448,12248,29696
RANDOM_u128_s64_h1_c937,47,83,128,64,1,90112,17356,12340,29696
CLOCK_u128_s16_h2_c1062,0,83,128,16,2,102400,16036,13660,29696
SRRIP_u128_s64_h1_c937,0,83,128,64,1,90112,19693,10003,29696
BRRIP_u128_s64_h0_c937,11,83,128,64,0,90112,19693,10003,29696
BRRIP_u128_s64_h0_c937,29,83,128,64,0,90112,19693,10003,29696
BRRIP_u128_s64_h0_c937,47,83,128,64,0,90112,19693,10003,29696
LRU_u128_s4_h0_c1000,0,84,128,4,0,98304,1680,28016,29696
LRU_u128_s16_h2_c1000,0,84,128,16,2,98304,5320,24376,29696
LRU_u128_s64_h0_c1000,0,84,128,64,0,98304,3528,26168,29696
FIFO_u128_s16_h2_c1062,0,84,128,16,2,102400,1316,28380,29696
FIFO_u128_s64_h0_c1000,0,84,128,64,0,98304,0,29696,29696
RANDOM_u128_s64_h1_c937,11,84,128,64,1,90112,5805,23891,29696
RANDOM_u128_s64_h1_c937,29,84,128,64,1,90112,5589,24107,29696
RANDOM_u128_s64_h1_c937,47,84,128,64,1,90112,5636,24060,29696
CLOCK_u128_s16_h2_c1062,0,84,128,16,2,102400,5364,24332,29696
SRRIP_u128_s64_h1_c937,0,84,128,64,1,90112,4243,25453,29696
BRRIP_u128_s64_h0_c937,11,84,128,64,0,90112,15468,14228,29696
BRRIP_u128_s64_h0_c937,29,84,128,64,0,90112,15477,14219,29696
BRRIP_u128_s64_h0_c937,47,84,128,64,0,90112,15647,14049,29696
LRU_u128_s4_h0_c1000,0,85,128,4,0,98304,1680,28016,29696
LRU_u128_s16_h2_c1000,0,85,128,16,2,98304,5628,24068,29696
LRU_u128_s64_h0_c1000,0,85,128,64,0,98304,3528,26168,29696
FIFO_u128_s16_h2_c1062,0,85,128,16,2,102400,4032,25664,29696
FIFO_u128_s64_h0_c1000,0,85,128,64,0,98304,0,29696,29696
RANDOM_u128_s64_h1_c937,11,85,128,64,1,90112,5801,23895,29696
RANDOM_u128_s64_h1_c937,29,85,128,64,1,90112,5864,23832,29696
RANDOM_u128_s64_h1_c937,47,85,128,64,1,90112,5725,23971,29696
CLOCK_u128_s16_h2_c1062,0,85,128,16,2,102400,5780,23916,29696
SRRIP_u128_s64_h1_c937,0,85,128,64,1,90112,4543,25153,29696
BRRIP_u128_s64_h0_c937,11,85,128,64,0,90112,15468,14228,29696
BRRIP_u128_s64_h0_c937,29,85,128,64,0,90112,15477,14219,29696
BRRIP_u128_s64_h0_c937,47,85,128,64,0,90112,15647,14049,29696
LRU_u128_s4_h0_c1000,0,86,128,4,0,98304,1680,28016,29696
LRU_u128_s16_h2_c1000,0,86,128,16,2,98304,5600,24096,29696
LRU_u128_s64_h0_c1000,0,86,128,64,0,98304,3528,26168,29696
FIFO_u128_s16_h2_c1062,0,86,128,16,2,102400,1316,28380,29696
FIFO_u128_s64_h0_c1000,0,86,128,64,0,98304,0,29696,29696
RANDOM_u128_s64_h1_c937,11,86,128,64,1,90112,5419,24277,29696
RANDOM_u128_s64_h1_c937,29,86,128,64,1,90112,5605,24091,29696
RANDOM_u128_s64_h1_c937,47,86,128,64,1,90112,5625,24071,29696
CLOCK_u128_s16_h2_c1062,0,86,128,16,2,102400,5096,24600,29696
SRRIP_u128_s64_h1_c937,0,86,128,64,1,90112,4382,25314,29696
BRRIP_u128_s64_h0_c937,11,86,128,64,0,90112,15795,13901,29696
BRRIP_u128_s64_h0_c937,29,86,128,64,0,90112,15923,13773,29696
BRRIP_u128_s64_h0_c937,47,86,128,64,0,90112,15906,13790,29696
LRU_u128_s4_h0_c1000,0,87,128,4,0,98304,1680,28016,29696
LRU_u128_s16_h2_c1000,0,87,128,16,2,98304,5852,23844,29696
LRU_u128_s64_h0_c1000,0,87,128,64,0,98304,3528,26168,29696
FIFO_u128_s16_h2_c1062,0,87,128,16,2,102400,4032,25664,29696
FIFO_u128_s64_h0_c1000,0,87,128,64,0,98304,0,29696,29696
RANDOM_u128_s64_h1_c937,11,87,128,64,1,90112,5790,23906,29696
RANDOM_u128_s64_h1_c937,29,87,128,64,1,90112,5465,24231,29696
RANDOM_u128_s64_h1_c937,47,87,128,64,1,90112,5434,24262,29696
CLOCK_u128_s16_h2_c1062,0,87,128,16,2,102400,6296,23400,29696
SRRIP_u128_s64_h1_c937,0,87,128,64,1,90112,4597,25099,29696
BRRIP_u128_s64_h0_c937,11,87,128,64,0,90112,15795,13901,29696
BRRIP_u128_s64_h0_c937,29,87,128,64,0,90112,15923,13773,29696
BRRIP_u128_s64_h0_c937,47,87,128,64,0,90112,15906,13790,29696
LRU_u128_s4_h0_c1000,0,88,128,4,0,98304,1988,27708,29696
LRU_u128_s16_h2_c1000,0,88,128,16,2,98304,5880,23816,29696
LRU_u128_s64_h0_c1000,0,88,128,64,0,98304,3304,26392,29696
FIFO_u128_s16_h2_c1062,0,88,128,16,2,102400,1316,28380,29696
FIFO_u128_s64_h0_c1000,0,88,128,64,0,98304,0,29696,29696
RANDOM_u128_s64_h1_c937,11,88,128,64,1,90112,5609,24087,29696
RANDOM_u128_s64_h1_c937,29,88,128,64,1,90112,5548,24148,29696
RANDOM_u128_s64_h1_c937,47,88,128,64,1,90112,5538,24158,29696
CLOCK_u128_s16_h2_c1062,0,88,128,16,2,102400,4847,24849,29696
SRRIP_u128_s64_h1_c937,0,88,128,64,1,90112,4566,25130,29696
BRRIP_u128_s64_h0_c937,11,88,128,64,0,90112,15644,14052,29696
BRRIP_u128_s64_h0_c937,29,88,128,64,0,90112,15945,13751,29696
BRRIP_u128_s64_h0_c937,47,88,128,64,0,90112,15828,13868,29696
LRU_u128_s4_h0_c1000,0,89,128,4,0,98304,1988,27708,29696
LRU_u128_s16_h2_c1000,0,89,128,16,2,98304,6048,23648,29696
LRU_u128_s64_h0_c1000,0,89,128,64,0,98304,3304,26392,29696
FIFO_u128_s16_h2_c1062,0,89,128,16,2,102400,4032,25664,29696
FIFO_u128_s64_h0_c1000,0,89,128,64,0,98304,0,29696,29696
RANDOM_u128_s64_h1_c937,11,89,128,64,1,90112,5590,24106,29696
RANDOM_u128_s64_h1_c937,29,89,128,64,1,90112,5712,23984,29696
RANDOM_u128_s64_h1_c937,47,89,128,64,1,90112,5528,24168,29696
CLOCK_u128_s16_h2_c1062,0,89,128,16,2,102400,6326,23370,29696
SRRIP_u128_s64_h1_c937,0,89,128,64,1,90112,4527,25169,29696
BRRIP_u128_s64_h0_c937,11,89,128,64,0,90112,15644,14052,29696
BRRIP_u128_s64_h0_c937,29,89,128,64,0,90112,15945,13751,29696
BRRIP_u128_s64_h0_c937,47,89,128,64,0,90112,15828,13868,29696
LRU_u128_s4_h0_c1000,0,90,128,4,0,98304,0,7424,7424
LRU_u128_s16_h2_c1000,0,90,128,16,2,98304,329,7095,7424
LRU_u128_s64_h0_c1000,0,90,128,64,0,98304,0,7424,7424
FIFO_u128_s16_h2_c1062,0,90,128,16,2,102400,329,7095,7424
FIFO_u128_s64_h0_c1000,0,90,128,64,0,98304,0,7424,7424
RANDOM_u128_s64_h1_c937,11,90,128,64,1,90112,3614,3810,7424
RANDOM_u128_s64_h1_c937,29,90,128,64,1,90112,3633,3791,7424
RANDOM_u128_s64_h1_c937,47,90,128,64,1,90112,3598,3826,7424
CLOCK_u128_s16_h2_c1062,0,90,128,16,2,102400,329,7095,7424
SRRIP_u128_s64_h1_c937,0,90,128,64,1,90112,0,7424,7424
BRRIP_u128_s64_h0_c937,11,90,128,64,0,90112,4480,2944,7424
BRRIP_u128_s64_h0_c937,29,90,128,64,0,90112,4480,2944,7424
BRRIP_u128_s64_h0_c937,47,90,128,64,0,90112,4480,2944,7424
LRU_u128_s4_h0_c1000,0,91,128,4,0,98304,0,7424,7424
LRU_u128_s16_h2_c1000,0,91,128,16,2,98304,658,6766,7424
LRU_u128_s64_h0_c1000,0,91,128,64,0,98304,0,7424,7424
FIFO_u128_s16_h2_c1062,0,91,128,16,2,102400,1008,6416,7424
FIFO_u128_s64_h0_c1000,0,91,128,64,0,98304,0,7424,7424
RANDOM_u128_s64_h1_c937,11,91,128,64,1,90112,3623,3801,7424
RANDOM_u128_s64_h1_c937,29,91,128,64,1,90112,3619,3805,7424
RANDOM_u128_s64_h1_c937,47,91,128,64,1,90112,3603,3821,7424
CLOCK_u128_s16_h2_c1062,0,91,128,16,2,102400,1008,6416,7424
SRRIP_u128_s64_h1_c937,0,91,128,64,1,90112,0,7424,7424
BRRIP_u128_s64_h0_c937,11,91,128,64,0,90112,4480,2944,7424
BRRIP_u128_s64_h0_c937,29,91,128,64,0,90112,4480,2944,7424
BRRIP_u128_s64_h0_c937,47,91,128,64,0,90112,4480,2944,7424
LRU_u128_s4_h0_c1000,0,92,128,4,0,98304,5369,2055,7424
LRU_u128_s16_h2_c1000,0,92,128,16,2,98304,5362,2062,7424
LRU_u128_s64_h0_c1000,0,92,128,64,0,98304,5369,2055,7424
FIFO_u128_s16_h2_c1062,0,92,128,16,2,102400,3721,3703,7424
FIFO_u128_s64_h0_c1000,0,92,128,64,0,98304,3551,3873,7424
RANDOM_u128_s64_h1_c937,11,92,128,64,1,90112,4355,3069,7424
RANDOM_u128_s64_h1_c937,29,92,128,64,1,90112,4315,3109,7424
RANDOM_u128_s64_h1_c937,47,92,128,64,1,90112,4348,3076,7424
CLOCK_u128_s16_h2_c1062,0,92,128,16,2,102400,3721,3703,7424
SRRIP_u128_s64_h1_c937,0,92,128,64,1,90112,4911,2513,7424
BRRIP_u128_s64_h0_c937,11,92,128,64,0,90112,4479,2945,7424
BRRIP_u128_s64_h0_c937,29,92,128,64,0,90112,4473,2951,7424
BRRIP_u128_s64_h0_c937,47,92,128,64,0,90112,4484,2940,7424
LRU_u128_s4_h0_c1000,0,93,128,4,0,98304,5369,2055,7424
LRU_u128_s16_h2_c1000,0,93,128,16,2,98304,5355,2069,7424
LRU_u128_s64_h0_c1000,0,93,128,64,0,98304,5369,2055,7424
FIFO_u128_s16_h2_c1062,0,93,128,16,2,102400,4009,3415,7424
FIFO_u128_s64_h0_c1000,0,93,128,64,0,98304,3551,3873,7424
RANDOM_u128_s64_h1_c937,11,93,128,64,1,90112,4325,3099,7424
RANDOM_u128_s64_h1_c937,29,93,128,64,1,90112,4362,3062,7424
RANDOM_u128_s64_h1_c937,47,93,128,64,1,90112,4339,3085,7424
CLOCK_u128_s16_h2_c1062,0,93,128,16,2,102400,4009,3415,7424
SRRIP_u128_s64_h1_c937,0,93,128,64,1,90112,4911,2513,7424
BRRIP_u128_s64_h0_c937,11,93,128,64,0,90112,4479,2945,7424
BRRIP_u128_s64_h0_c937,29,93,128,64,0,90112,4473,2951,7424
BRRIP_u128_s64_h0_c937,47,93,128,64,0,90112,4484,2940,7424
LRU_u128_s4_h0_c1000,0,94,128,4,0,98304,0,7424,7424
LRU_u128_s16_h2_c1000,0,94,128,16,2,98304,329,7095,7424
LRU_u128_s64_h0_c1000,0,94,128,64,0,98304,0,7424,7424
FIFO_u128_s16_h2_c1062,0,94,128,16,2,102400,329,7095,7424
FIFO_u128_s64_h0_c1000,0,94,128,64,0,98304,0,7424,7424
RANDOM_u128_s64_h1_c937,11,94,128,64,1,90112,3624,3800,7424
RANDOM_u128_s64_h1_c937,29,94,128,64,1,90112,3602,3822,7424
RANDOM_u128_s64_h1_c937,47,94,128,64,1,90112,3596,3828,7424
CLOCK_u128_s16_h2_c1062,0,94,128,16,2,102400,329,7095,7424
SRRIP_u128_s64_h1_c937,0,94,128,64,1,90112,0,7424,7424
BRRIP_u128_s64_h0_c937,11,94,128,64,0,90112,4480,2944,7424
BRRIP_u128_s64_h0_c937,29,94,128,64,0,90112,4479,2945,7424
BRRIP_u128_s64_h0_c937,47,94,128,64,0,90112,4480,2944,7424
LRU_u128_s4_h0_c1000,0,95,128,4,0,98304,0,7424,7424
LRU_u128_s16_h2_c1000,0,95,128,16,2,98304,658,6766,7424
LRU_u128_s64_h0_c1000,0,95,128,64,0,98304,0,7424,7424
FIFO_u128_s16_h2_c1062,0,95,128,16,2,102400,1008,6416,7424
FIFO_u128_s64_h0_c1000,0,95,128,64,0,98304,0,7424,7424
RANDOM_u128_s64_h1_c937,11,95,128,64,1,90112,3626,3798,7424
RANDOM_u128_s64_h1_c937,29,95,128,64,1,90112,3620,3804,7424
RANDOM_u128_s64_h1_c937,47,95,128,64,1,90112,3602,3822,7424
CLOCK_u128_s16_h2_c1062,0,95,128,16,2,102400,1008,6416,7424
SRRIP_u128_s64_h1_c937,0,95,128,64,1,90112,0,7424,7424
BRRIP_u128_s64_h0_c937,11,95,128,64,0,90112,4480,2944,7424
BRRIP_u128_s64_h0_c937,29,95,128,64,0,90112,4479,2945,7424
BRRIP_u128_s64_h0_c937,47,95,128,64,0,90112,4480,2944,7424
LRU_u128_s4_h0_c1000,0,96,128,4,0,98304,0,7424,7424
LRU_u128_s16_h2_c1000,0,96,128,16,2,98304,329,7095,7424
LRU_u128_s64_h0_c1000,0,96,128,64,0,98304,0,7424,7424
FIFO_u128_s16_h2_c1062,0,96,128,16,2,102400,329,7095,7424
FIFO_u128_s64_h0_c1000,0,96,128,64,0,98304,0,7424,7424
RANDOM_u128_s64_h1_c937,11,96,128,64,1,90112,3628,3796,7424
RANDOM_u128_s64_h1_c937,29,96,128,64,1,90112,3593,3831,7424
RANDOM_u128_s64_h1_c937,47,96,128,64,1,90112,3646,3778,7424
CLOCK_u128_s16_h2_c1062,0,96,128,16,2,102400,329,7095,7424
SRRIP_u128_s64_h1_c937,0,96,128,64,1,90112,0,7424,7424
BRRIP_u128_s64_h0_c937,11,96,128,64,0,90112,4479,2945,7424
BRRIP_u128_s64_h0_c937,29,96,128,64,0,90112,4478,2946,7424
BRRIP_u128_s64_h0_c937,47,96,128,64,0,90112,4480,2944,7424
LRU_u128_s4_h0_c1000,0,97,128,4,0,98304,0,7424,7424
LRU_u128_s16_h2_c1000,0,97,128,16,2,98304,658,6766,7424
LRU_u128_s64_h0_c1000,0,97,128,64,0,98304,0,7424,7424
FIFO_u128_s16_h2_c1062,0,97,128,16,2,102400,1008,6416,7424
FIFO_u128_s64_h0_c1000,0,97,128,64,0,98304,0,7424,7424
RANDOM_u128_s64_h1_c937,11,97,128,64,1,90112,3609,3815,7424
RANDOM_u128_s64_h1_c937,29,97,128,64,1,90112,3633,3791,7424
RANDOM_u128_s64_h1_c937,47,97,128,64,1,90112,3605,3819,7424
CLOCK_u128_s16_h2_c1062,0,97,128,16,2,102400,1008,6416,7424
SRRIP_u128_s64_h1_c937,0,97,128,64,1,90112,0,7424,7424
BRRIP_u128_s64_h0_c937,11,97,128,64,0,90112,4479,2945,7424
BRRIP_u128_s64_h0_c937,29,97,128,64,0,90112,4478,2946,7424
BRRIP_u128_s64_h0_c937,47,97,128,64,0,90112,4480,2944,7424
LRU_u128_s4_h0_c1000,0,98,128,4,0,98304,0,7424,7424
LRU_u128_s16_h2_c1000,0,98,128,16,2,98304,329,7095,7424
LRU_u128_s64_h0_c1000,0,98,128,64,0,98304,0,7424,7424
FIFO_u128_s16_h2_c1062,0,98,128,16,2,102400,329,7095,7424
FIFO_u128_s64_h0_c1000,0,98,128,64,0,98304,0,7424,7424
RANDOM_u128_s64_h1_c937,11,98,128,64,1,90112,3627,3797,7424
RANDOM_u128_s64_h1_c937,29,98,128,64,1,90112,3556,3868,7424
RANDOM_u128_s64_h1_c937,47,98,128,64,1,90112,3618,3806,7424
CLOCK_u128_s16_h2_c1062,0,98,128,16,2,102400,329,7095,7424
SRRIP_u128_s64_h1_c937,0,98,128,64,1,90112,0,7424,7424
BRRIP_u128_s64_h0_c937,11,98,128,64,0,90112,4480,2944,7424
BRRIP_u128_s64_h0_c937,29,98,128,64,0,90112,4477,2947,7424
BRRIP_u128_s64_h0_c937,47,98,128,64,0,90112,4480,2944,7424
LRU_u128_s4_h0_c1000,0,99,128,4,0,98304,0,7424,7424
LRU_u128_s16_h2_c1000,0,99,128,16,2,98304,658,6766,7424
LRU_u128_s64_h0_c1000,0,99,128,64,0,98304,0,7424,7424
FIFO_u128_s16_h2_c1062,0,99,128,16,2,102400,1008,6416,7424
FIFO_u128_s64_h0_c1000,0,99,128,64,0,98304,0,7424,7424
RANDOM_u128_s64_h1_c937,11,99,128,64,1,90112,3636,3788,7424
RANDOM_u128_s64_h1_c937,29,99,128,64,1,90112,3569,3855,7424
RANDOM_u128_s64_h1_c937,47,99,128,64,1,90112,3642,3782,7424
CLOCK_u128_s16_h2_c1062,0,99,128,16,2,102400,1008,6416,7424
SRRIP_u128_s64_h1_c937,0,99,128,64,1,90112,0,7424,7424
BRRIP_u128_s64_h0_c937,11,99,128,64,0,90112,4480,2944,7424
BRRIP_u128_s64_h0_c937,29,99,128,64,0,90112,4477,2947,7424
BRRIP_u128_s64_h0_c937,47,99,128,64,0,90112,4480,2944,7424
LRU_u128_s4_h0_c1000,0,100,128,4,0,98304,0,36864,36864
LRU_u128_s16_h2_c1000,0,100,128,16,2,98304,0,36864,36864
LRU_u128_s64_h0_c1000,0,100,128,64,0,98304,0,36864,36864
FIFO_u128_s16_h2_c1062,0,100,128,16,2,102400,0,36864,36864
FIFO_u128_s64_h0_c1000,0,100,128,64,0,98304,0,36864,36864
RANDOM_u128_s64_h1_c937,11,100,128,64,1,90112,10772,26092,36864
RANDOM_u128_s64_h1_c937,29,100,128,64,1,90112,10880,25984,36864
RANDOM_u128_s64_h1_c937,47,100,128,64,1,90112,10768,26096,36864
CLOCK_u128_s16_h2_c1062,0,100,128,16,2,102400,0,36864,36864
SRRIP_u128_s64_h1_c937,0,100,128,64,1,90112,0,36864,36864
BRRIP_u128_s64_h0_c937,11,100,128,64,0,90112,0,36864,36864
BRRIP_u128_s64_h0_c937,29,100,128,64,0,90112,0,36864,36864
BRRIP_u128_s64_h0_c937,47,100,128,64,0,90112,0,36864,36864
LRU_u128_s4_h0_c1000,0,101,128,4,0,98304,0,36864,36864
LRU_u128_s16_h2_c1000,0,101,128,16,2,98304,0,36864,36864
LRU_u128_s64_h0_c1000,0,101,128,64,0,98304,0,36864,36864
FIFO_u128_s16_h2_c1062,0,101,128,16,2,102400,0,36864,36864
FIFO_u128_s64_h0_c1000,0,101,128,64,0,98304,0,36864,36864
RANDOM_u128_s64_h1_c937,11,101,128,64,1,90112,10744,26120,36864
RANDOM_u128_s64_h1_c937,29,101,128,64,1,90112,10744,26120,36864
RANDOM_u128_s64_h1_c937,47,101,128,64,1,90112,11020,25844,36864
CLOCK_u128_s16_h2_c1062,0,101,128,16,2,102400,0,36864,36864
SRRIP_u128_s64_h1_c937,0,101,128,64,1,90112,0,36864,36864
BRRIP_u128_s64_h0_c937,11,101,128,64,0,90112,0,36864,36864
BRRIP_u128_s64_h0_c937,29,101,128,64,0,90112,0,36864,36864
BRRIP_u128_s64_h0_c937,47,101,128,64,0,90112,0,36864,36864
LRU_u128_s4_h0_c1000,0,102,128,4,0,98304,21485,15379,36864
LRU_u128_s16_h2_c1000,0,102,128,16,2,98304,21485,15379,36864
LRU_u128_s64_h0_c1000,0,102,128,64,0,98304,21485,15379,36864
FIFO_u128_s16_h2_c1062,0,102,128,16,2,102400,17020,19844,36864
FIFO_u128_s64_h0_c1000,0,102,128,64,0,98304,16892,19972,36864
RANDOM_u128_s64_h1_c937,11,102,128,64,1,90112,16163,20701,36864
RANDOM_u128_s64_h1_c937,29,102,128,64,1,90112,16031,20833,36864
RANDOM_u128_s64_h1_c937,47,102,128,64,1,90112,15901,20963,36864
CLOCK_u128_s16_h2_c1062,0,102,128,16,2,102400,17020,19844,36864
SRRIP_u128_s64_h1_c937,0,102,128,64,1,90112,19693,17171,36864
BRRIP_u128_s64_h0_c937,11,102,128,64,0,90112,19693,17171,36864
BRRIP_u128_s64_h0_c937,29,102,128,64,0,90112,19693,17171,36864
BRRIP_u128_s64_h0_c937,47,102,128,64,0,90112,19693,17171,36864
LRU_u128_s4_h0_c1000,0,103,128,4,0,98304,21485,15379,36864
LRU_u128_s16_h2_c1000,0,103,128,16,2,98304,21485,15379,36864
LRU_u128_s64_h0_c1000,0,103,128,64,0,98304,21485,15379,36864
FIFO_u128_s16_h2_c1062,0,103,128,16,2,102400,17020,19844,36864
FIFO_u128_s64_h0_c1000,0,103,128,64,0,98304,16892,19972,36864
RANDOM_u128_s64_h1_c937,11,103,128,64,1,90112,16068,20796,36864
RANDOM_u128_s64_h1_c937,29,103,128,64,1,90112,16103,20761,36864
RANDOM_u128_s64_h1_c937,47,103,128,64,1,90112,15770,21094,36864
CLOCK_u128_s16_h2_c1062,0,103,128,16,2,102400,17020,19844,36864
SRRIP_u128_s64_h1_c937,0,103,128,64,1,90112,19693,17171,36864
BRRIP_u128_s64_h0_c937,11,103,128,64,0,90112,19693,17171,36864
BRRIP_u128_s64_h0_c937,29,103,128,64,0,90112,19693,17171,36864
BRRIP_u128_s64_h0_c937,47,103,128,64,0,90112,19693,17171,36864
LRU_u128_s4_h0_c1000,0,104,128,4,0,98304,0,36864,36864
LRU_u128_s16_h2_c1000,0,104,128,16,2,98304,364,36500,36864
LRU_u128_s64_h0_c1000,0,104,128,64,0,98304,28,36836,36864
FIFO_u128_s16_h2_c1062,0,104,128,16,2,102400,0,36864,36864
FIFO_u128_s64_h0_c1000,0,104,128,64,0,98304,0,36864,36864
RANDOM_u128_s64_h1_c937,11,104,128,64,1,90112,1704,35160,36864
RANDOM_u128_s64_h1_c937,29,104,128,64,1,90112,1744,35120,36864
RANDOM_u128_s64_h1_c937,47,104,128,64,1,90112,1695,35169,36864
CLOCK_u128_s16_h2_c1062,0,104,128,16,2,102400,365,36499,36864
SRRIP_u128_s64_h1_c937,0,104,128,64,1,90112,496,36368,36864
BRRIP_u128_s64_h0_c937,11,104,128,64,0,90112,15798,21066,36864
BRRIP_u128_s64_h0_c937,29,104,128,64,0,90112,15961,20903,36864
BRRIP_u128_s64_h0_c937,47,104,128,64,0,90112,15866,20998,36864
LRU_u128_s4_h0_c1000,0,105,128,4,0,98304,0,36864,36864
LRU_u128_s16_h2_c1000,0,105,128,16,2,98304,420,36444,36864
LRU_u128_s64_h0_c1000,0,105,128,64,0,98304,28,36836,36864
FIFO_u128_s16_h2_c1062,0,105,128,16,2,102400,0,36864,36864
FIFO_u128_s64_h0_c1000,0,105,128,64,0,98304,0,36864,36864
RANDOM_u128_s64_h1_c937,11,105,128,64,1,90112,1629,35235,36864
RANDOM_u128_s64_h1_c937,29,105,128,64,1,90112,1625,35239,36864
RANDOM_u128_s64_h1_c937,47,105,128,64,1,90112,1617,35247,36864
CLOCK_u128_s16_h2_c1062,0,105,128,16,2,102400,729,36135,36864
SRRIP_u128_s64_h1_c937,0,105,128,64,1,90112,548,36316,36864
BRRIP_u128_s64_h0_c937,11,105,128,64,0,90112,15798,21066,36864
BRRIP_u128_s64_h0_c937,29,105,128,64,0,90112,15961,20903,36864
BRRIP_u128_s64_h0_c937,47,105,128,64,0,90112,15866,20998,36864
LRU_u128_s4_h0_c1000,0,106,128,4,0,98304,0,36864,36864
LRU_u128_s16_h2_c1000,0,106,128,16,2,98304,280,36584,36864
LRU_u128_s64_h0_c1000,0,106,128,64,0,98304,0,36864,36864
FIFO_u128_s16_h2_c1062,0,106,128,16,2,102400,0,36864,36864
FIFO_u128_s64_h0_c1000,0,106,128,64,0,98304,0,36864,36864
RANDOM_u128_s64_h1_c937,11,106,128,64,1,90112,1542,35322,36864
RANDOM_u128_s64_h1_c937,29,106,128,64,1,90112,1582,35282,36864
RANDOM_u128_s64_h1_c937,47,106,128,64,1,90112,1709,35155,36864
CLOCK_u128_s16_h2_c1062,0,106,128,16,2,102400,446,36418,36864
SRRIP_u128_s64_h1_c937,0,106,128,64,1,90112,628,36236,36864
BRRIP_u128_s64_h0_c937,11,106,128,64,0,90112,15697,21167,36864
BRRIP_u128_s64_h0_c937,29,106,128,64,0,90112,16060,20804,36864
BRRIP_u128_s64_h0_c937,47,106,128,64,0,90112,15796,21068,36864
LRU_u128_s4_h0_c1000,0,107,128,4,0,98304,0,36864,36864
LRU_u128_s16_h2_c1000,0,107,128,16,2,98304,616,36248,36864
LRU_u128_s64_h0_c1000,0,107,128,64,0,98304,0,36864,36864
FIFO_u128_s16_h2_c1062,0,107,128,16,2,102400,0,36864,36864
FIFO_u128_s64_h0_c1000,0,107,128,64,0,98304,0,36864,36864
RANDOM_u128_s64_h1_c937,11,107,128,64,1,90112,1602,35262,36864
RANDOM_u128_s64_h1_c937,29,107,128,64,1,90112,1573,35291,36864
RANDOM_u128_s64_h1_c937,47,107,128,64,1,90112,1536,35328,36864
CLOCK_u128_s16_h2_c1062,0,107,128,16,2,102400,720,36144,36864
SRRIP_u128_s64_h1_c937,0,107,128,64,1,90112,605,36259,36864
BRRIP_u128_s64_h0_c937,11,107,128,64,0,90112,15697,21167,36864
BRRIP_u128_s64_h0_c937,29,107,128,64,0,90112,16060,20804,36864
BRRIP_u128_s64_h0_c937,47,107,128,64,0,90112,15796,21068,36864
LRU_u128_s4_h0_c1000,0,108,128,4,0,98304,0,36864,36864
LRU_u128_s16_h2_c1000,0,108,128,16,2,98304,280,36584,36864
LRU_u128_s64_h0_c1000,0,108,128,64,0,98304,0,36864,36864
FIFO_u128_s16_h2_c1062,0,108,128,16,2,102400,0,36864,36864
FIFO_u128_s64_h0_c1000,0,108,128,64,0,98304,0,36864,36864
RANDOM_u128_s64_h1_c937,11,108,128,64,1,90112,1609,35255,36864
RANDOM_u128_s64_h1_c937,29,108,128,64,1,90112,1481,35383,36864
RANDOM_u128_s64_h1_c937,47,108,128,64,1,90112,1418,35446,36864
CLOCK_u128_s16_h2_c1062,0,108,128,16,2,102400,539,36325,36864
SRRIP_u128_s64_h1_c937,0,108,128,64,1,90112,594,36270,36864
BRRIP_u128_s64_h0_c937,11,108,128,64,0,90112,15863,21001,36864
BRRIP_u128_s64_h0_c937,29,108,128,64,0,90112,15930,20934,36864
BRRIP_u128_s64_h0_c937,47,108,128,64,0,90112,16221,20643,36864
LRU_u128_s4_h0_c1000,0,109,128,4,0,98304,0,36864,36864
LRU_u128_s16_h2_c1000,0,109,128,16,2,98304,504,36360,36864
LRU_u128_s64_h0_c1000,0,109,128,64,0,98304,0,36864,36864
FIFO_u128_s16_h2_c1062,0,109,128,16,2,102400,0,36864,36864
FIFO_u128_s64_h0_c1000,0,109,128,64,0,98304,0,36864,36864
RANDOM_u128_s64_h1_c937,11,109,128,64,1,90112,1609,35255,36864
RANDOM_u128_s64_h1_c937,29,109,128,64,1,90112,1540,35324,36864
RANDOM_u128_s64_h1_c937,47,109,128,64,1,90112,1555,35309,36864
CLOCK_u128_s16_h2_c1062,0,109,128,16,2,102400,653,36211,36864
SRRIP_u128_s64_h1_c937,0,109,128,64,1,90112,434,36430,36864
BRRIP_u128_s64_h0_c937,11,109,128,64,0,90112,15863,21001,36864
BRRIP_u128_s64_h0_c937,29,109,128,64,0,90112,15930,20934,36864
BRRIP_u128_s64_h0_c937,47,109,128,64,0,90112,16221,20643,36864
LRU_u128_s4_h0_c1000,0,110,128,4,0,98304,0,9216,9216
LRU_u128_s16_h2_c1000,0,110,128,16,2,98304,0,9216,9216
LRU_u128_s64_h0_c1000,0,110,128,64,0,98304,0,9216,9216
FIFO_u128_s16_h2_c1062,0,110,128,16,2,102400,0,9216,9216
FIFO_u128_s64_h0_c1000,0,110,128,64,0,98304,0,9216,9216
RANDOM_u128_s64_h1_c937,11,110,128,64,1,90112,2693,6523,9216
RANDOM_u128_s64_h1_c937,29,110,128,64,1,90112,2720,6496,9216
RANDOM_u128_s64_h1_c937,47,110,128,64,1,90112,2692,6524,9216
CLOCK_u128_s16_h2_c1062,0,110,128,16,2,102400,0,9216,9216
SRRIP_u128_s64_h1_c937,0,110,128,64,1,90112,0,9216,9216
BRRIP_u128_s64_h0_c937,11,110,128,64,0,90112,4478,4738,9216
BRRIP_u128_s64_h0_c937,29,110,128,64,0,90112,4474,4742,9216
BRRIP_u128_s64_h0_c937,47,110,128,64,0,90112,4478,4738,9216
LRU_u128_s4_h0_c1000,0,111,128,4,0,98304,0,9216,9216
LRU_u128_s16_h2_c1000,0,111,128,16,2,98304,0,9216,9216
LRU_u128_s64_h0_c1000,0,111,128,64,0,98304,0,9216,9216
FIFO_u128_s16_h2_c1062,0,111,128,16,2,102400,0,9216,9216
FIFO_u128_s64_h0_c1000,0,111,128,64,0,98304,0,9216,9216
RANDOM_u128_s64_h1_c937,11,111,128,64,1,90112,2686,6530,9216
RANDOM_u128_s64_h1_c937,29,111,128,64,1,90112,2686,6530,9216
RANDOM_u128_s64_h1_c937,47,111,128,64,1,90112,2755,6461,9216
CLOCK_u128_s16_h2_c1062,0,111,128,16,2,102400,0,9216,9216
SRRIP_u128_s64_h1_c937,0,111,128,64,1,90112,0,9216,9216
BRRIP_u128_s64_h0_c937,11,111,128,64,0,90112,4478,4738,9216
BRRIP_u128_s64_h0_c937,29,111,128,64,0,90112,4474,4742,9216
BRRIP_u128_s64_h0_c937,47,111,128,64,0,90112,4478,4738,9216
LRU_u128_s4_h0_c1000,0,112,128,4,0,98304,5369,3847,9216
LRU_u128_s16_h2_c1000,0,112,128,16,2,98304,5369,3847,9216
LRU_u128_s64_h0_c1000,0,112,128,64,0,98304,5369,3847,9216
FIFO_u128_s16_h2_c1062,0,112,128,16,2,102400,4255,4961,9216
FIFO_u128_s64_h0_c1000,0,112,128,64,0,98304,4223,4993,9216
RANDOM_u128_s64_h1_c937,11,112,128,64,1,90112,4040,5176,9216
RANDOM_u128_s64_h1_c937,29,112,128,64,1,90112,4007,5209,9216
RANDOM_u128_s64_h1_c937,47,112,128,64,1,90112,3976,5240,9216
CLOCK_u128_s16_h2_c1062,0,112,128,16,2,102400,4255,4961,9216
SRRIP_u128_s64_h1_c937,0,112,128,64,1,90112,4905,4311,9216
BRRIP_u128_s64_h0_c937,11,112,128,64,0,90112,4457,4759,9216
BRRIP_u128_s64_h0_c937,29,112,128,64,0,90112,4451,4765,9216
BRRIP_u128_s64_h0_c937,47,112,128,64,0,90112,4455,4761,9216
LRU_u128_s4_h0_c1000,0,113,128,4,0,98304,5369,3847,9216
LRU_u128_s16_h2_c1000,0,113,128,16,2,98304,5369,3847,9216
LRU_u128_s64_h0_c1000,0,113,128,64,0,98304,5369,3847,9216
FIFO_u128_s16_h2_c1062,0,113,128,16,2,102400,4255,4961,9216
FIFO_u128_s64_h0_c1000,0,113,128,64,0,98304,4223,4993,9216
RANDOM_u128_s64_h1_c937,11,113,128,64,1,90112,4017,5199,9216
RANDOM_u128_s64_h1_c937,29,113,128,64,1,90112,4025,5191,9216
RANDOM_u128_s64_h1_c937,47,113,128,64,1,90112,3941,5275,9216
CLOCK_u128_s16_h2_c1062,0,113,128,16,2,102400,4255,4961,9216
SRRIP_u128_s64_h1_c937,0,113,128,64,1,90112,4905,4311,9216
BRRIP_u128_s64_h0_c937,11,113,128,64,0,90112,4457,4759,9216
BRRIP_u128_s64_h0_c937,29,113,128,64,0,90112,4451,4765,9216
BRRIP_u128_s64_h0_c937,47,113,128,64,0,90112,4455,4761,9216
LRU_u128_s4_h0_c1000,0,114,128,4,0,98304,0,9216,9216
LRU_u128_s16_h2_c1000,0,114,128,16,2,98304,0,9216,9216
LRU_u128_s64_h0_c1000,0,114,128,64,0,98304,0,9216,9216
FIFO_u128_s16_h2_c1062,0,114,128,16,2,102400,0,9216,9216
FIFO_u128_s64_h0_c1000,0,114,128,64,0,98304,0,9216,9216
RANDOM_u128_s64_h1_c937,11,114,128,64,1,90112,2693,6523,9216
RANDOM_u128_s64_h1_c937,29,114,128,64,1,90112,2667,6549,9216
RANDOM_u128_s64_h1_c937,47,114,128,64,1,90112,2679,6537,9216
CLOCK_u128_s16_h2_c1062,0,114,128,16,2,102400,0,9216,9216
SRRIP_u128_s64_h1_c937,0,114,128,64,1,90112,0,9216,9216
BRRIP_u128_s64_h0_c937,11,114,128,64,0,90112,4479,4737,9216
BRRIP_u128_s64_h0_c937,29,114,128,64,0,90112,4477,4739,9216
BRRIP_u128_s64_h0_c937,47,114,128,64,0,90112,4478,4738,9216
LRU_u128_s4_h0_c1000,0,115,128,4,0,98304,0,9216,9216
LRU_u128_s16_h2_c1000,0,115,128,16,2,98304,0,9216,9216
LRU_u128_s64_h0_c1000,0,115,128,64,0,98304,0,9216,9216
FIFO_u128_s16_h2_c1062,0,115,128,16,2,102400,0,9216,9216
FIFO_u128_s64_h0_c1000,0,115,128,64,0,98304,0,9216,9216
RANDOM_u128_s64_h1_c937,11,115,128,64,1,90112,2687,6529,9216
RANDOM_u128_s64_h1_c937,29,115,128,64,1,90112,2663,6553,9216
RANDOM_u128_s64_h1_c937,47,115,128,64,1,90112,2672,6544,9216
CLOCK_u128_s16_h2_c1062,0,115,128,16,2,102400,0,9216,9216
SRRIP_u128_s64_h1_c937,0,115,128,64,1,90112,0,9216,9216
BRRIP_u128_s64_h0_c937,11,115,128,64,0,90112,4479,4737,9216
BRRIP_u128_s64_h0_c937,29,115,128,64,0,90112,4477,4739,9216
BRRIP_u128_s64_h0_c937,47,115,128,64,0,90112,4478,4738,9216
LRU_u128_s4_h0_c1000,0,116,128,4,0,98304,0,9216,9216
LRU_u128_s16_h2_c1000,0,116,128,16,2,98304,0,9216,9216
LRU_u128_s64_h0_c1000,0,116,128,64,0,98304,0,9216,9216
FIFO_u128_s16_h2_c1062,0,116,128,16,2,102400,0,9216,9216
FIFO_u128_s64_h0_c1000,0,116,128,64,0,98304,0,9216,9216
RANDOM_u128_s64_h1_c937,11,116,128,64,1,90112,2676,6540,9216
RANDOM_u128_s64_h1_c937,29,116,128,64,1,90112,2651,6565,9216
RANDOM_u128_s64_h1_c937,47,116,128,64,1,90112,2689,6527,9216
CLOCK_u128_s16_h2_c1062,0,116,128,16,2,102400,0,9216,9216
SRRIP_u128_s64_h1_c937,0,116,128,64,1,90112,0,9216,9216
BRRIP_u128_s64_h0_c937,11,116,128,64,0,90112,4478,4738,9216
BRRIP_u128_s64_h0_c937,29,116,128,64,0,90112,4477,4739,9216
BRRIP_u128_s64_h0_c937,47,116,128,64,0,90112,4480,4736,9216
LRU_u128_s4_h0_c1000,0,117,128,4,0,98304,0,9216,9216
LRU_u128_s16_h2_c1000,0,117,128,16,2,98304,0,9216,9216
LRU_u128_s64_h0_c1000,0,117,128,64,0,98304,0,9216,9216
FIFO_u128_s16_h2_c1062,0,117,128,16,2,102400,0,9216,9216
FIFO_u128_s64_h0_c1000,0,117,128,64,0,98304,0,9216,9216
RANDOM_u128_s64_h1_c937,11,117,128,64,1,90112,2739,6477,9216
RANDOM_u128_s64_h1_c937,29,117,128,64,1,90112,2676,6540,9216
RANDOM_u128_s64_h1_c937,47,117,128,64,1,90112,2715,6501,9216
CLOCK_u128_s16_h2_c1062,0,117,128,16,2,102400,0,9216,9216
SRRIP_u128_s64_h1_c937,0,117,128,64,1,90112,0,9216,9216
BRRIP_u128_s64_h0_c937,11,117,128,64,0,90112,4478,4738,9216
BRRIP_u128_s64_h0_c937,29,117,128,64,0,90112,4477,4739,9216
BRRIP_u128_s64_h0_c937,47,117,128,64,0,90112,4480,4736,9216
LRU_u128_s4_h0_c1000,0,118,128,4,0,98304,0,9216,9216
LRU_u128_s16_h2_c1000,0,118,128,16,2,98304,0,9216,9216
LRU_u128_s64_h0_c1000,0,118,128,64,0,98304,0,9216,9216
FIFO_u128_s16_h2_c1062,0,118,128,16,2,102400,0,9216,9216
FIFO_u128_s64_h0_c1000,0,118,128,64,0,98304,0,9216,9216
RANDOM_u128_s64_h1_c937,11,118,128,64,1,90112,2737,6479,9216
RANDOM_u128_s64_h1_c937,29,118,128,64,1,90112,2694,6522,9216
RANDOM_u128_s64_h1_c937,47,118,128,64,1,90112,2651,6565,9216
CLOCK_u128_s16_h2_c1062,0,118,128,16,2,102400,0,9216,9216
SRRIP_u128_s64_h1_c937,0,118,128,64,1,90112,0,9216,9216
BRRIP_u128_s64_h0_c937,11,118,128,64,0,90112,4475,4741,9216
BRRIP_u128_s64_h0_c937,29,118,128,64,0,90112,4476,4740,9216
BRRIP_u128_s64_h0_c937,47,118,128,64,0,90112,4477,4739,9216
LRU_u128_s4_h0_c1000,0,119,128,4,0,98304,0,9216,9216
LRU_u128_s16_h2_c1000,0,119,128,16,2,98304,0,9216,9216
LRU_u128_s64_h0_c1000,0,119,128,64,0,98304,0,9216,9216
FIFO_u128_s16_h2_c1062,0,119,128,16,2,102400,0,9216,9216
FIFO_u128_s64_h0_c1000,0,119,128,64,0,98304,0,9216,9216
RANDOM_u128_s64_h1_c937,11,119,128,64,1,90112,2691,6525,9216
RANDOM_u128_s64_h1_c937,29,119,128,64,1,90112,2714,6502,9216
RANDOM_u128_s64_h1_c937,47,119,128,64,1,90112,2714,6502,9216
CLOCK_u128_s16_h2_c1062,0,119,128,16,2,102400,0,9216,9216
SRRIP_u128_s64_h1_c937,0,119,128,64,1,90112,0,9216,9216
BRRIP_u128_s64_h0_c937,11,119,128,64,0,90112,4475,4741,9216
BRRIP_u128_s64_h0_c937,29,119,128,64,0,90112,4476,4740,9216
BRRIP_u128_s64_h0_c937,47,119,128,64,0,90112,4477,4739,9216
LRU_u128_s4_h0_c1000,0,120,128,4,0,65536,8960,1280,10240
LRU_u128_s16_h2_c1000,0,120,128,16,2,65536,8960,1280,10240
LRU_u128_s64_h0_c1000,0,120,128,64,0,65536,8960,1280,10240
FIFO_u128_s16_h2_c1062,0,120,128,16,2,67584,8960,1280,10240
FIFO_u128_s64_h0_c1000,0,120,128,64,0,65536,8960,1280,10240
RANDOM_u128_s64_h1_c937,11,120,128,64,1,57344,8960,1280,10240
RANDOM_u128_s64_h1_c937,29,120,128,64,1,57344,8960,1280,10240
RANDOM_u128_s64_h1_c937,47,120,128,64,1,57344,8960,1280,10240
CLOCK_u128_s16_h2_c1062,0,120,128,16,2,67584,8960,1280,10240
SRRIP_u128_s64_h1_c937,0,120,128,64,1,57344,8960,1280,10240
BRRIP_u128_s64_h0_c937,11,120,128,64,0,57344,8960,1280,10240
BRRIP_u128_s64_h0_c937,29,120,128,64,0,57344,8960,1280,10240
BRRIP_u128_s64_h0_c937,47,120,128,64,0,57344,8960,1280,10240
LRU_u128_s4_h0_c1000,0,121,128,4,0,65536,8960,1280,10240
LRU_u128_s16_h2_c1000,0,121,128,16,2,65536,8960,1280,10240
LRU_u128_s64_h0_c1000,0,121,128,64,0,65536,8960,1280,10240
FIFO_u128_s16_h2_c1062,0,121,128,16,2,67584,8960,1280,10240
FIFO_u128_s64_h0_c1000,0,121,128,64,0,65536,8960,1280,10240
RANDOM_u128_s64_h1_c937,11,121,128,64,1,57344,8960,1280,10240
RANDOM_u128_s64_h1_c937,29,121,128,64,1,57344,8960,1280,10240
RANDOM_u128_s64_h1_c937,47,121,128,64,1,57344,8960,1280,10240
CLOCK_u128_s16_h2_c1062,0,121,128,16,2,67584,8960,1280,10240
SRRIP_u128_s64_h1_c937,0,121,128,64,1,57344,8960,1280,10240
BRRIP_u128_s64_h0_c937,11,121,128,64,0,57344,8960,1280,10240
BRRIP_u128_s64_h0_c937,29,121,128,64,0,57344,8960,1280,10240
BRRIP_u128_s64_h0_c937,47,121,128,64,0,57344,8960,1280,10240
LRU_u128_s4_h0_c1000,0,122,128,4,0,65536,8960,1280,10240
LRU_u128_s16_h2_c1000,0,122,128,16,2,65536,8960,1280,10240
LRU_u128_s64_h0_c1000,0,122,128,64,0,65536,8960,1280,10240
FIFO_u128_s16_h2_c1062,0,122,128,16,2,67584,8960,1280,10240
FIFO_u128_s64_h0_c1000,0,122,128,64,0,65536,8960,1280,10240
RANDOM_u128_s64_h1_c937,11,122,128,64,1,57344,8960,1280,10240
RANDOM_u128_s64_h1_c937,29,122,128,64,1,57344,8960,1280,10240
RANDOM_u128_s64_h1_c937,47,122,128,64,1,57344,8960,1280,10240
CLOCK_u128_s16_h2_c1062,0,122,128,16,2,67584,8960,1280,10240
SRRIP_u128_s64_h1_c937,0,122,128,64,1,57344,8960,1280,10240
BRRIP_u128_s64_h0_c937,11,122,128,64,0,57344,8960,1280,10240
BRRIP_u128_s64_h0_c937,29,122,128,64,0,57344,8960,1280,10240
BRRIP_u128_s64_h0_c937,47,122,128,64,0,57344,8960,1280,10240
LRU_u128_s4_h0_c1000,0,123,128,4,0,65536,8960,1280,10240
LRU_u128_s16_h2_c1000,0,123,128,16,2,65536,8960,1280,10240
LRU_u128_s64_h0_c1000,0,123,128,64,0,65536,8960,1280,10240
FIFO_u128_s16_h2_c1062,0,123,128,16,2,67584,8960,1280,10240
FIFO_u128_s64_h0_c1000,0,123,128,64,0,65536,8960,1280,10240
RANDOM_u128_s64_h1_c937,11,123,128,64,1,57344,8960,1280,10240
RANDOM_u128_s64_h1_c937,29,123,128,64,1,57344,8960,1280,10240
RANDOM_u128_s64_h1_c937,47,123,128,64,1,57344,8960,1280,10240
CLOCK_u128_s16_h2_c1062,0,123,128,16,2,67584,8960,1280,10240
SRRIP_u128_s64_h1_c937,0,123,128,64,1,57344,8960,1280,10240
BRRIP_u128_s64_h0_c937,11,123,128,64,0,57344,8960,1280,10240
BRRIP_u128_s64_h0_c937,29,123,128,64,0,57344,8960,1280,10240
BRRIP_u128_s64_h0_c937,47,123,128,64,0,57344,8960,1280,10240
LRU_u128_s4_h0_c1000,0,124,128,4,0,65536,8960,1280,10240
LRU_u128_s16_h2_c1000,0,124,128,16,2,65536,8960,1280,10240
LRU_u128_s64_h0_c1000,0,124,128,64,0,65536,8960,1280,10240
FIFO_u128_s16_h2_c1062,0,124,128,16,2,67584,8960,1280,10240
FIFO_u128_s64_h0_c1000,0,124,128,64,0,65536,8960,1280,10240
RANDOM_u128_s64_h1_c937,11,124,128,64,1,57344,8960,1280,10240
RANDOM_u128_s64_h1_c937,29,124,128,64,1,57344,8960,1280,10240
RANDOM_u128_s64_h1_c937,47,124,128,64,1,57344,8960,1280,10240
CLOCK_u128_s16_h2_c1062,0,124,128,16,2,67584,8960,1280,10240
SRRIP_u128_s64_h1_c937,0,124,128,64,1,57344,8960,1280,10240
BRRIP_u128_s64_h0_c937,11,124,128,64,0,57344,8960,1280,10240
BRRIP_u128_s64_h0_c937,29,124,128,64,0,57344,8960,1280,10240
BRRIP_u128_s64_h0_c937,47,124,128,64,0,57344,8960,1280,10240
LRU_u128_s4_h0_c1000,0,125,128,4,0,65536,8960,1280,10240
LRU_u128_s16_h2_c1000,0,125,128,16,2,65536,8960,1280,10240
LRU_u128_s64_h0_c1000,0,125,128,64,0,65536,8960,1280,10240
FIFO_u128_s16_h2_c1062,0,125,128,16,2,67584,8960,1280,10240
FIFO_u128_s64_h0_c1000,0,125,128,64,0,65536,8960,1280,10240
RANDOM_u128_s64_h1_c937,11,125,128,64,1,57344,8960,1280,10240
RANDOM_u128_s64_h1_c937,29,125,128,64,1,57344,8960,1280,10240
RANDOM_u128_s64_h1_c937,47,125,128,64,1,57344,8960,1280,10240
CLOCK_u128_s16_h2_c1062,0,125,128,16,2,67584,8960,1280,10240
SRRIP_u128_s64_h1_c937,0,125,128,64,1,57344,8960,1280,10240
BRRIP_u128_s64_h0_c937,11,125,128,64,0,57344,8960,1280,10240
BRRIP_u128_s64_h0_c937,29,125,128,64,0,57344,8960,1280,10240
BRRIP_u128_s64_h0_c937,47,125,128,64,0,57344,8960,1280,10240
LRU_u128_s4_h0_c1000,0,126,128,4,0,65536,8960,1280,10240
LRU_u128_s16_h2_c1000,0,126,128,16,2,65536,8960,1280,10240
LRU_u128_s64_h0_c1000,0,126,128,64,0,65536,8960,1280,10240
FIFO_u128_s16_h2_c1062,0,126,128,16,2,67584,8960,1280,10240
FIFO_u128_s64_h0_c1000,0,126,128,64,0,65536,8960,1280,10240
RANDOM_u128_s64_h1_c937,11,126,128,64,1,57344,8960,1280,10240
RANDOM_u128_s64_h1_c937,29,126,128,64,1,57344,8960,1280,10240
RANDOM_u128_s64_h1_c937,47,126,128,64,1,57344,8960,1280,10240
CLOCK_u128_s16_h2_c1062,0,126,128,16,2,67584,8960,1280,10240
SRRIP_u128_s64_h1_c937,0,126,128,64,1,57344,8960,1280,10240
BRRIP_u128_s64_h0_c937,11,126,128,64,0,57344,8960,1280,10240
BRRIP_u128_s64_h0_c937,29,126,128,64,0,57344,8960,1280,10240
BRRIP_u128_s64_h0_c937,47,126,128,64,0,57344,8960,1280,10240
LRU_u128_s4_h0_c1000,0,127,128,4,0,65536,8960,1280,10240
LRU_u128_s16_h2_c1000,0,127,128,16,2,65536,8960,1280,10240
LRU_u128_s64_h0_c1000,0,127,128,64,0,65536,8960,1280,10240
FIFO_u128_s16_h2_c1062,0,127,128,16,2,67584,8960,1280,10240
FIFO_u128_s64_h0_c1000,0,127,128,64,0,65536,8960,1280,10240
RANDOM_u128_s64_h1_c937,11,127,128,64,1,57344,8960,1280,10240
RANDOM_u128_s64_h1_c937,29,127,128,64,1,57344,8960,1280,10240
RANDOM_u128_s64_h1_c937,47,127,128,64,1,57344,8960,1280,10240
CLOCK_u128_s16_h2_c1062,0,127,128,16,2,67584,8960,1280,10240
SRRIP_u128_s64_h1_c937,0,127,128,64,1,57344,8960,1280,10240
BRRIP_u128_s64_h0_c937,11,127,128,64,0,57344,8960,1280,10240
BRRIP_u128_s64_h0_c937,29,127,128,64,0,57344,8960,1280,10240
BRRIP_u128_s64_h0_c937,47,127,128,64,0,57344,8960,1280,10240
LRU_u128_s4_h0_c1000,0,128,128,4,0,65536,8960,1280,10240
LRU_u128_s16_h2_c1000,0,128,128,16,2,65536,8960,1280,10240
LRU_u128_s64_h0_c1000,0,128,128,64,0,65536,8960,1280,10240
FIFO_u128_s16_h2_c1062,0,128,128,16,2,67584,8960,1280,10240
FIFO_u128_s64_h0_c1000,0,128,128,64,0,65536,8960,1280,10240
RANDOM_u128_s64_h1_c937,11,128,128,64,1,57344,8960,1280,10240
RANDOM_u128_s64_h1_c937,29,128,128,64,1,57344,8960,1280,10240
RANDOM_u128_s64_h1_c937,47,128,128,64,1,57344,8960,1280,10240
CLOCK_u128_s16_h2_c1062,0,128,128,16,2,67584,8960,1280,10240
SRRIP_u128_s64_h1_c937,0,128,128,64,1,57344,8960,1280,10240
BRRIP_u128_s64_h0_c937,11,128,128,64,0,57344,8960,1280,10240
BRRIP_u128_s64_h0_c937,29,128,128,64,0,57344,8960,1280,10240
BRRIP_u128_s64_h0_c937,47,128,128,64,0,57344,8960,1280,10240
LRU_u128_s4_h0_c1000,0,129,128,4,0,65536,8960,1280,10240
LRU_u128_s16_h2_c1000,0,129,128,16,2,65536,8960,1280,10240
LRU_u128_s64_h0_c1000,0,129,128,64,0,65536,8960,1280,10240
FIFO_u128_s16_h2_c1062,0,129,128,16,2,67584,8960,1280,10240
FIFO_u128_s64_h0_c1000,0,129,128,64,0,65536,8960,1280,10240
RANDOM_u128_s64_h1_c937,11,129,128,64,1,57344,8960,1280,10240
RANDOM_u128_s64_h1_c937,29,129,128,64,1,57344,8960,1280,10240
RANDOM_u128_s64_h1_c937,47,129,128,64,1,57344,8960,1280,10240
CLOCK_u128_s16_h2_c1062,0,129,128,16,2,67584,8960,1280,10240
SRRIP_u128_s64_h1_c937,0,129,128,64,1,57344,8960,1280,10240
BRRIP_u128_s64_h0_c937,11,129,128,64,0,57344,8960,1280,10240
BRRIP_u128_s64_h0_c937,29,129,128,64,0,57344,8960,1280,10240
BRRIP_u128_s64_h0_c937,47,129,128,64,0,57344,8960,1280,10240
LRU_u128_s4_h0_c1000,0,130,128,4,0,65536,2240,320,2560
LRU_u128_s16_h2_c1000,0,130,128,16,2,65536,2240,320,2560
LRU_u128_s64_h0_c1000,0,130,128,64,0,65536,2240,320,2560
FIFO_u128_s16_h2_c1062,0,130,128,16,2,67584,2240,320,2560
FIFO_u128_s64_h0_c1000,0,130,128,64,0,65536,2240,320,2560
RANDOM_u128_s64_h1_c937,11,130,128,64,1,57344,2240,320,2560
RANDOM_u128_s64_h1_c937,29,130,128,64,1,57344,2240,320,2560
RANDOM_u128_s64_h1_c937,47,130,128,64,1,57344,2240,320,2560
CLOCK_u128_s16_h2_c1062,0,130,128,16,2,67584,2240,320,2560
SRRIP_u128_s64_h1_c937,0,130,128,64,1,57344,2240,320,2560
BRRIP_u128_s64_h0_c937,11,130,128,64,0,57344,2240,320,2560
BRRIP_u128_s64_h0_c937,29,130,128,64,0,57344,2240,320,2560
BRRIP_u128_s64_h0_c937,47,130,128,64,0,57344,2240,320,2560
LRU_u128_s4_h0_c1000,0,131,128,4,0,65536,2240,320,2560
LRU_u128_s16_h2_c1000,0,131,128,16,2,65536,2240,320,2560
LRU_u128_s64_h0_c1000,0,131,128,64,0,65536,2240,320,2560
FIFO_u128_s16_h2_c1062,0,131,128,16,2,67584,2240,320,2560
FIFO_u128_s64_h0_c1000,0,131,128,64,0,65536,2240,320,2560
RANDOM_u128_s64_h1_c937,11,131,128,64,1,57344,2240,320,2560
RANDOM_u128_s64_h1_c937,29,131,128,64,1,57344,2240,320,2560
RANDOM_u128_s64_h1_c937,47,131,128,64,1,57344,2240,320,2560
CLOCK_u128_s16_h2_c1062,0,131,128,16,2,67584,2240,320,2560
SRRIP_u128_s64_h1_c937,0,131,128,64,1,57344,2240,320,2560
BRRIP_u128_s64_h0_c937,11,131,128,64,0,57344,2240,320,2560
BRRIP_u128_s64_h0_c937,29,131,128,64,0,57344,2240,320,2560
BRRIP_u128_s64_h0_c937,47,131,128,64,0,57344,2240,320,2560
LRU_u128_s4_h0_c1000,0,132,128,4,0,65536,2240,320,2560
LRU_u128_s16_h2_c1000,0,132,128,16,2,65536,2240,320,2560
LRU_u128_s64_h0_c1000,0,132,128,64,0,65536,2240,320,2560
FIFO_u128_s16_h2_c1062,0,132,128,16,2,67584,2240,320,2560
FIFO_u128_s64_h0_c1000,0,132,128,64,0,65536,2240,320,2560
RANDOM_u128_s64_h1_c937,11,132,128,64,1,57344,2240,320,2560
RANDOM_u128_s64_h1_c937,29,132,128,64,1,57344,2240,320,2560
RANDOM_u128_s64_h1_c937,47,132,128,64,1,57344,2240,320,2560
CLOCK_u128_s16_h2_c1062,0,132,128,16,2,67584,2240,320,2560
SRRIP_u128_s64_h1_c937,0,132,128,64,1,57344,2240,320,2560
BRRIP_u128_s64_h0_c937,11,132,128,64,0,57344,2240,320,2560
BRRIP_u128_s64_h0_c937,29,132,128,64,0,57344,2240,320,2560
BRRIP_u128_s64_h0_c937,47,132,128,64,0,57344,2240,320,2560
LRU_u128_s4_h0_c1000,0,133,128,4,0,65536,2240,320,2560
LRU_u128_s16_h2_c1000,0,133,128,16,2,65536,2240,320,2560
LRU_u128_s64_h0_c1000,0,133,128,64,0,65536,2240,320,2560
FIFO_u128_s16_h2_c1062,0,133,128,16,2,67584,2240,320,2560
FIFO_u128_s64_h0_c1000,0,133,128,64,0,65536,2240,320,2560
RANDOM_u128_s64_h1_c937,11,133,128,64,1,57344,2240,320,2560
RANDOM_u128_s64_h1_c937,29,133,128,64,1,57344,2240,320,2560
RANDOM_u128_s64_h1_c937,47,133,128,64,1,57344,2240,320,2560
CLOCK_u128_s16_h2_c1062,0,133,128,16,2,67584,2240,320,2560
SRRIP_u128_s64_h1_c937,0,133,128,64,1,57344,2240,320,2560
BRRIP_u128_s64_h0_c937,11,133,128,64,0,57344,2240,320,2560
BRRIP_u128_s64_h0_c937,29,133,128,64,0,57344,2240,320,2560
BRRIP_u128_s64_h0_c937,47,133,128,64,0,57344,2240,320,2560
LRU_u128_s4_h0_c1000,0,134,128,4,0,65536,2240,320,2560
LRU_u128_s16_h2_c1000,0,134,128,16,2,65536,2240,320,2560
LRU_u128_s64_h0_c1000,0,134,128,64,0,65536,2240,320,2560
FIFO_u128_s16_h2_c1062,0,134,128,16,2,67584,2240,320,2560
FIFO_u128_s64_h0_c1000,0,134,128,64,0,65536,2240,320,2560
RANDOM_u128_s64_h1_c937,11,134,128,64,1,57344,2240,320,2560
RANDOM_u128_s64_h1_c937,29,134,128,64,1,57344,2240,320,2560
RANDOM_u128_s64_h1_c937,47,134,128,64,1,57344,2240,320,2560
CLOCK_u128_s16_h2_c1062,0,134,128,16,2,67584,2240,320,2560
SRRIP_u128_s64_h1_c937,0,134,128,64,1,57344,2240,320,2560
BRRIP_u128_s64_h0_c937,11,134,128,64,0,57344,2240,320,2560
BRRIP_u128_s64_h0_c937,29,134,128,64,0,57344,2240,320,2560
BRRIP_u128_s64_h0_c937,47,134,128,64,0,57344,2240,320,2560
LRU_u128_s4_h0_c1000,0,135,128,4,0,65536,2240,320,2560
LRU_u128_s16_h2_c1000,0,135,128,16,2,65536,2240,320,2560
LRU_u128_s64_h0_c1000,0,135,128,64,0,65536,2240,320,2560
FIFO_u128_s16_h2_c1062,0,135,128,16,2,67584,2240,320,2560
FIFO_u128_s64_h0_c1000,0,135,128,64,0,65536,2240,320,2560
RANDOM_u128_s64_h1_c937,11,135,128,64,1,57344,2240,320,2560
RANDOM_u128_s64_h1_c937,29,135,128,64,1,57344,2240,320,2560
RANDOM_u128_s64_h1_c937,47,135,128,64,1,57344,2240,320,2560
CLOCK_u128_s16_h2_c1062,0,135,128,16,2,67584,2240,320,2560
SRRIP_u128_s64_h1_c937,0,135,128,64,1,57344,2240,320,2560
BRRIP_u128_s64_h0_c937,11,135,128,64,0,57344,2240,320,2560
BRRIP_u128_s64_h0_c937,29,135,128,64,0,57344,2240,320,2560
BRRIP_u128_s64_h0_c937,47,135,128,64,0,57344,2240,320,2560
LRU_u128_s4_h0_c1000,0,136,128,4,0,65536,2240,320,2560
LRU_u128_s16_h2_c1000,0,136,128,16,2,65536,2240,320,2560
LRU_u128_s64_h0_c1000,0,136,128,64,0,65536,2240,320,2560
FIFO_u128_s16_h2_c1062,0,136,128,16,2,67584,2240,320,2560
FIFO_u128_s64_h0_c1000,0,136,128,64,0,65536,2240,320,2560
RANDOM_u128_s64_h1_c937,11,136,128,64,1,57344,2240,320,2560
RANDOM_u128_s64_h1_c937,29,136,128,64,1,57344,2240,320,2560
RANDOM_u128_s64_h1_c937,47,136,128,64,1,57344,2240,320,2560
CLOCK_u128_s16_h2_c1062,0,136,128,16,2,67584,2240,320,2560
SRRIP_u128_s64_h1_c937,0,136,128,64,1,57344,2240,320,2560
BRRIP_u128_s64_h0_c937,11,136,128,64,0,57344,2240,320,2560
BRRIP_u128_s64_h0_c937,29,136,128,64,0,57344,2240,320,2560
BRRIP_u128_s64_h0_c937,47,136,128,64,0,57344,2240,320,2560
LRU_u128_s4_h0_c1000,0,137,128,4,0,65536,2240,320,2560
LRU_u128_s16_h2_c1000,0,137,128,16,2,65536,2240,320,2560
LRU_u128_s64_h0_c1000,0,137,128,64,0,65536,2240,320,2560
FIFO_u128_s16_h2_c1062,0,137,128,16,2,67584,2240,320,2560
FIFO_u128_s64_h0_c1000,0,137,128,64,0,65536,2240,320,2560
RANDOM_u128_s64_h1_c937,11,137,128,64,1,57344,2240,320,2560
RANDOM_u128_s64_h1_c937,29,137,128,64,1,57344,2240,320,2560
RANDOM_u128_s64_h1_c937,47,137,128,64,1,57344,2240,320,2560
CLOCK_u128_s16_h2_c1062,0,137,128,16,2,67584,2240,320,2560
SRRIP_u128_s64_h1_c937,0,137,128,64,1,57344,2240,320,2560
BRRIP_u128_s64_h0_c937,11,137,128,64,0,57344,2240,320,2560
BRRIP_u128_s64_h0_c937,29,137,128,64,0,57344,2240,320,2560
BRRIP_u128_s64_h0_c937,47,137,128,64,0,57344,2240,320,2560
LRU_u128_s4_h0_c1000,0,138,128,4,0,65536,2240,320,2560
LRU_u128_s16_h2_c1000,0,138,128,16,2,65536,2240,320,2560
LRU_u128_s64_h0_c1000,0,138,128,64,0,65536,2240,320,2560
FIFO_u128_s16_h2_c1062,0,138,128,16,2,67584,2240,320,2560
FIFO_u128_s64_h0_c1000,0,138,128,64,0,65536,2240,320,2560
RANDOM_u128_s64_h1_c937,11,138,128,64,1,57344,2240,320,2560
RANDOM_u128_s64_h1_c937,29,138,128,64,1,57344,2240,320,2560
RANDOM_u128_s64_h1_c937,47,138,128,64,1,57344,2240,320,2560
CLOCK_u128_s16_h2_c1062,0,138,128,16,2,67584,2240,320,2560
SRRIP_u128_s64_h1_c937,0,138,128,64,1,57344,2240,320,2560
BRRIP_u128_s64_h0_c937,11,138,128,64,0,57344,2240,320,2560
BRRIP_u128_s64_h0_c937,29,138,128,64,0,57344,2240,320,2560
BRRIP_u128_s64_h0_c937,47,138,128,64,0,57344,2240,320,2560
LRU_u128_s4_h0_c1000,0,139,128,4,0,65536,2240,320,2560
LRU_u128_s16_h2_c1000,0,139,128,16,2,65536,2240,320,2560
LRU_u128_s64_h0_c1000,0,139,128,64,0,65536,2240,320,2560
FIFO_u128_s16_h2_c1062,0,139,128,16,2,67584,2240,320,2560
FIFO_u128_s64_h0_c1000,0,139,128,64,0,65536,2240,320,2560
RANDOM_u128_s64_h1_c937,11,139,128,64,1,57344,2240,320,2560
RANDOM_u128_s64_h1_c937,29,139,128,64,1,57344,2240,320,2560
RANDOM_u128_s64_h1_c937,47,139,128,64,1,57344,2240,320,2560
CLOCK_u128_s16_h2_c1062,0,139,128,16,2,67584,2240,320,2560
SRRIP_u128_s64_h1_c937,0,139,128,64,1,57344,2240,320,2560
BRRIP_u128_s64_h0_c937,11,139,128,64,0,57344,2240,320,2560
BRRIP_u128_s64_h0_c937,29,139,128,64,0,57344,2240,320,2560
BRRIP_u128_s64_h0_c937,47,139,128,64,0,57344,2240,320,2560
LRU_u128_s4_h0_c1000,0,140,128,4,0,65536,13440,1920,15360
LRU_u128_s16_h2_c1000,0,140,128,16,2,65536,9296,6064,15360
LRU_u128_s64_h0_c1000,0,140,128,64,0,65536,13440,1920,15360
FIFO_u128_s16_h2_c1062,0,140,128,16,2,67584,9296,6064,15360
FIFO_u128_s64_h0_c1000,0,140,128,64,0,65536,13440,1920,15360
RANDOM_u128_s64_h1_c937,11,140,128,64,1,57344,11632,3728,15360
RANDOM_u128_s64_h1_c937,29,140,128,64,1,57344,11628,3732,15360
RANDOM_u128_s64_h1_c937,47,140,128,64,1,57344,11660,3700,15360
CLOCK_u128_s16_h2_c1062,0,140,128,16,2,67584,9296,6064,15360
SRRIP_u128_s64_h1_c937,0,140,128,64,1,57344,6272,9088,15360
BRRIP_u128_s64_h0_c937,11,140,128,64,0,57344,6272,9088,15360
BRRIP_u128_s64_h0_c937,29,140,128,64,0,57344,6272,9088,15360
BRRIP_u128_s64_h0_c937,47,140,128,64,0,57344,6272,9088,15360
LRU_u128_s4_h0_c1000,0,141,128,4,0,65536,13440,1920,15360
LRU_u128_s16_h2_c1000,0,141,128,16,2,65536,9380,5980,15360
LRU_u128_s64_h0_c1000,0,141,128,64,0,65536,13440,1920,15360
FIFO_u128_s16_h2_c1062,0,141,128,16,2,67584,9380,5980,15360
FIFO_u128_s64_h0_c1000,0,141,128,64,0,65536,13440,1920,15360
RANDOM_u128_s64_h1_c937,11,141,128,64,1,57344,11632,3728,15360
RANDOM_u128_s64_h1_c937,29,141,128,64,1,57344,11628,3732,15360
RANDOM_u128_s64_h1_c937,47,141,128,64,1,57344,11660,3700,15360
CLOCK_u128_s16_h2_c1062,0,141,128,16,2,67584,9380,5980,15360
SRRIP_u128_s64_h1_c937,0,141,128,64,1,57344,6272,9088,15360
BRRIP_u128_s64_h0_c937,11,141,128,64,0,57344,6272,9088,15360
BRRIP_u128_s64_h0_c937,29,141,128,64,0,57344,6272,9088,15360
BRRIP_u128_s64_h0_c937,47,141,128,64,0,57344,6272,9088,15360
LRU_u128_s4_h0_c1000,0,142,128,4,0,65536,13440,1920,15360
LRU_u128_s16_h2_c1000,0,142,128,16,2,65536,12880,2480,15360
LRU_u128_s64_h0_c1000,0,142,128,64,0,65536,13440,1920,15360
FIFO_u128_s16_h2_c1062,0,142,128,16,2,67584,11600,3760,15360
FIFO_u128_s64_h0_c1000,0,142,128,64,0,65536,13440,1920,15360
RANDOM_u128_s64_h1_c937,11,142,128,64,1,57344,12160,3200,15360
RANDOM_u128_s64_h1_c937,29,142,128,64,1,57344,12125,3235,15360
RANDOM_u128_s64_h1_c937,47,142,128,64,1,57344,12113,3247,15360
CLOCK_u128_s16_h2_c1062,0,142,128,16,2,67584,11600,3760,15360
SRRIP_u128_s64_h1_c937,0,142,128,64,1,57344,12525,2835,15360
BRRIP_u128_s64_h0_c937,11,142,128,64,0,57344,12525,2835,15360
BRRIP_u128_s64_h0_c937,29,142,128,64,0,57344,12525,2835,15360
BRRIP_u128_s64_h0_c937,47,142,128,64,0,57344,12525,2835,15360
LRU_u128_s4_h0_c1000,0,143,128,4,0,65536,13440,1920,15360
LRU_u128_s16_h2_c1000,0,143,128,16,2,65536,12945,2415,15360
LRU_u128_s64_h0_c1000,0,143,128,64,0,65536,13440,1920,15360
FIFO_u128_s16_h2_c1062,0,143,128,16,2,67584,11644,3716,15360
FIFO_u128_s64_h0_c1000,0,143,128,64,0,65536,13440,1920,15360
RANDOM_u128_s64_h1_c937,11,143,128,64,1,57344,12160,3200,15360
RANDOM_u128_s64_h1_c937,29,143,128,64,1,57344,12125,3235,15360
RANDOM_u128_s64_h1_c937,47,143,128,64,1,57344,12113,3247,15360
CLOCK_u128_s16_h2_c1062,0,143,128,16,2,67584,11644,3716,15360
SRRIP_u128_s64_h1_c937,0,143,128,64,1,57344,12525,2835,15360
BRRIP_u128_s64_h0_c937,11,143,128,64,0,57344,12525,2835,15360
BRRIP_u128_s64_h0_c937,29,143,128,64,0,57344,12525,2835,15360
BRRIP_u128_s64_h0_c937,47,143,128,64,0,57344,12525,2835,15360
LRU_u128_s4_h0_c1000,0,144,128,4,0,65536,13440,1920,15360
LRU_u128_s16_h2_c1000,0,144,128,16,2,65536,10304,5056,15360
LRU_u128_s64_h0_c1000,0,144,128,64,0,65536,13440,1920,15360
FIFO_u128_s16_h2_c1062,0,144,128,16,2,67584,9296,6064,15360
FIFO_u128_s64_h0_c1000,0,144,128,64,0,65536,13440,1920,15360
RANDOM_u128_s64_h1_c937,11,144,128,64,1,57344,9699,5661,15360
RANDOM_u128_s64_h1_c937,29,144,128,64,1,57344,9679,5681,15360
RANDOM_u128_s64_h1_c937,47,144,128,64,1,57344,9626,5734,15360
CLOCK_u128_s16_h2_c1062,0,144,128,16,2,67584,9878,5482,15360
SRRIP_u128_s64_h1_c937,0,144,128,64,1,57344,10209,5151,15360
BRRIP_u128_s64_h0_c937,11,144,128,64,0,57344,10932,4428,15360
BRRIP_u128_s64_h0_c937,29,144,128,64,0,57344,10842,4518,15360
BRRIP_u128_s64_h0_c937,47,144,128,64,0,57344,10967,4393,15360
LRU_u128_s4_h0_c1000,0,145,128,4,0,65536,13440,1920,15360
LRU_u128_s16_h2_c1000,0,145,128,16,2,65536,10780,4580,15360
LRU_u128_s64_h0_c1000,0,145,128,64,0,65536,13440,1920,15360
FIFO_u128_s16_h2_c1062,0,145,128,16,2,67584,9380,5980,15360
FIFO_u128_s64_h0_c1000,0,145,128,64,0,65536,13440,1920,15360
RANDOM_u128_s64_h1_c937,11,145,128,64,1,57344,9740,5620,15360
RANDOM_u128_s64_h1_c937,29,145,128,64,1,57344,9731,5629,15360
RANDOM_u128_s64_h1_c937,47,145,128,64,1,57344,9624,5736,15360
CLOCK_u128_s16_h2_c1062,0,145,128,16,2,67584,10776,4584,15360
SRRIP_u128_s64_h1_c937,0,145,128,64,1,57344,10266,5094,15360
BRRIP_u128_s64_h0_c937,11,145,128,64,0,57344,10932,4428,15360
BRRIP_u128_s64_h0_c937,29,145,128,64,0,57344,10842,4518,15360
BRRIP_u128_s64_h0_c937,47,145,128,64,0,57344,10967,4393,15360
LRU_u128_s4_h0_c1000,0,146,128,4,0,65536,13440,1920,15360
LRU_u128_s16_h2_c1000,0,146,128,16,2,65536,10360,5000,15360
LRU_u128_s64_h0_c1000,0,146,128,64,0,65536,13440,1920,15360
FIFO_u128_s16_h2_c1062,0,146,128,16,2,67584,9296,6064,15360
FIFO_u128_s64_h0_c1000,0,146,128,64,0,65536,13440,1920,15360
RANDOM_u128_s64_h1_c937,11,146,128,64,1,57344,9787,5573,15360
RANDOM_u128_s64_h1_c937,29,146,128,64,1,57344,9828,5532,15360
RANDOM_u128_s64_h1_c937,47,146,128,64,1,57344,9870,5490,15360
CLOCK_u128_s16_h2_c1062,0,146,128,16,2,67584,9998,5362,15360
SRRIP_u128_s64_h1_c937,0,146,128,64,1,57344,10289,5071,15360
BRRIP_u128_s64_h0_c937,11,146,128,64,0,57344,10861,4499,15360
BRRIP_u128_s64_h0_c937,29,146,128,64,0,57344,10871,4489,15360
BRRIP_u128_s64_h0_c937,47,146,128,64,0,57344,10838,4522,15360
LRU_u128_s4_h0_c1000,0,147,128,4,0,65536,13440,1920,15360
LRU_u128_s16_h2_c1000,0,147,128,16,2,65536,10864,4496,15360
LRU_u128_s64_h0_c1000,0,147,128,64,0,65536,13440,1920,15360
FIFO_u128_s16_h2_c1062,0,147,128,16,2,67584,9380,5980,15360
FIFO_u128_s64_h0_c1000,0,147,128,64,0,65536,13440,1920,15360
RANDOM_u128_s64_h1_c937,11,147,128,64,1,57344,9673,5687,15360
RANDOM_u128_s64_h1_c937,29,147,128,64,1,57344,9673,5687,15360
RANDOM_u128_s64_h1_c937,47,147,128,64,1,57344,9807,5553,15360
CLOCK_u128_s16_h2_c1062,0,147,128,16,2,67584,10426,4934,15360
SRRIP_u128_s64_h1_c937,0,147,128,64,1,57344,10246,5114,15360
BRRIP_u128_s64_h0_c937,11,147,128,64,0,57344,10861,4499,15360
BRRIP_u128_s64_h0_c937,29,147,128,64,0,57344,10871,4489,15360
BRRIP_u128_s64_h0_c937,47,147,128,64,0,57344,10838,4522,15360
LRU_u128_s4_h0_c1000,0,148,128,4,0,65536,13440,1920,15360
LRU_u128_s16_h2_c1000,0,148,128,16,2,65536,10556,4804,15360
LRU_u128_s64_h0_c1000,0,148,128,64,0,65536,13440,1920,15360
FIFO_u128_s16_h2_c1062,0,148,128,16,2,67584,9296,6064,15360
FIFO_u128_s64_h0_c1000,0,148,128,64,0,65536,13440,1920,15360
RANDOM_u128_s64_h1_c937,11,148,128,64,1,57344,9755,5605,15360
RANDOM_u128_s64_h1_c937,29,148,128,64,1,57344,9838,5522,15360
RANDOM_u128_s64_h1_c937,47,148,128,64,1,57344,9884,5476,15360
CLOCK_u128_s16_h2_c1062,0,148,128,16,2,67584,10277,5083,15360
SRRIP_u128_s64_h1_c937,0,148,128,64,1,57344,10697,4663,15360
BRRIP_u128_s64_h0_c937,11,148,128,64,0,57344,10985,4375,15360
BRRIP_u128_s64_h0_c937,29,148,128,64,0,57344,10935,4425,15360
BRRIP_u128_s64_h0_c937,47,148,128,64,0,57344,10899,4461,15360
LRU_u128_s4_h0_c1000,0,149,128,4,0,65536,13440,1920,15360
LRU_u128_s16_h2_c1000,0,149,128,16,2,65536,10612,4748,15360
LRU_u128_s64_h0_c1000,0,149,128,64,0,65536,13440,1920,15360
FIFO_u128_s16_h2_c1062,0,149,128,16,2,67584,9380,5980,15360
FIFO_u128_s64_h0_c1000,0,149,128,64,0,65536,13440,1920,15360
RANDOM_u128_s64_h1_c937,11,149,128,64,1,57344,9787,5573,15360
RANDOM_u128_s64_h1_c937,29,149,128,64,1,57344,9800,5560,15360
RANDOM_u128_s64_h1_c937,47,149,128,64,1,57344,9998,5362,15360
CLOCK_u128_s16_h2_c1062,0,149,128,16,2,67584,10524,4836,15360
SRRIP_u128_s64_h1_c937,0,149,128,64,1,57344,10689,4671,15360
BRRIP_u128_s64_h0_c937,11,149,128,64,0,57344,10985,4375,15360
BRRIP_u128_s64_h0_c937,29,149,128,64,0,57344,10935,4425,15360
BRRIP_u128_s64_h0_c937,47,149,128,64,0,57344,10899,4461,15360
LRU_u128_s4_h0_c1000,0,150,128,4,0,65536,3360,480,3840
LRU_u128_s16_h2_c1000,0,150,128,16,2,65536,2324,1516,3840
LRU_u128_s64_h0_c1000,0,150,128,64,0,65536,3360,480,3840
FIFO_u128_s16_h2_c1062,0,150,128,16,2,67584,2324,1516,3840
FIFO_u128_s64_h0_c1000,0,150,128,64,0,65536,3360,480,3840
RANDOM_u128_s64_h1_c937,11,150,128,64,1,57344,2908,932,3840
RANDOM_u128_s64_h1_c937,29,150,128,64,1,57344,2907,933,3840
RANDOM_u128_s64_h1_c937,47,150,128,64,1,57344,2915,925,3840
CLOCK_u128_s16_h2_c1062,0,150,128,16,2,67584,2324,1516,3840
SRRIP_u128_s64_h1_c937,0,150,128,64,1,57344,1568,2272,3840
BRRIP_u128_s64_h0_c937,11,150,128,64,0,57344,2912,928,3840
BRRIP_u128_s64_h0_c937,29,150,128,64,0,57344,2911,929,3840
BRRIP_u128_s64_h0_c937,47,150,128,64,0,57344,2912,928,3840
LRU_u128_s4_h0_c1000,0,151,128,4,0,65536,3360,480,3840
LRU_u128_s16_h2_c1000,0,151,128,16,2,65536,2345,1495,3840
LRU_u128_s64_h0_c1000,0,151,128,64,0,65536,3360,480,3840
FIFO_u128_s16_h2_c1062,0,151,128,16,2,67584,2345,1495,3840
FIFO_u128_s64_h0_c1000,0,151,128,64,0,65536,3360,480,3840
RANDOM_u128_s64_h1_c937,11,151,128,64,1,57344,2908,932,3840
RANDOM_u128_s64_h1_c937,29,151,128,64,1,57344,2907,933,3840
RANDOM_u128_s64_h1_c937,47,151,128,64,1,57344,2915,925,3840
CLOCK_u128_s16_h2_c1062,0,151,128,16,2,67584,2345,1495,3840
SRRIP_u128_s64_h1_c937,0,151,128,64,1,57344,1568,2272,3840
BRRIP_u128_s64_h0_c937,11,151,128,64,0,57344,2912,928,3840
BRRIP_u128_s64_h0_c937,29,151,128,64,0,57344,2911,929,3840
BRRIP_u128_s64_h0_c937,47,151,128,64,0,57344,2912,928,3840
LRU_u128_s4_h0_c1000,0,152,128,4,0,65536,3360,480,3840
LRU_u128_s16_h2_c1000,0,152,128,16,2,65536,3220,620,3840
LRU_u128_s64_h0_c1000,0,152,128,64,0,65536,3360,480,3840
FIFO_u128_s16_h2_c1062,0,152,128,16,2,67584,2900,940,3840
FIFO_u128_s64_h0_c1000,0,152,128,64,0,65536,3360,480,3840
RANDOM_u128_s64_h1_c937,11,152,128,64,1,57344,3040,800,3840
RANDOM_u128_s64_h1_c937,29,152,128,64,1,57344,3032,808,3840
RANDOM_u128_s64_h1_c937,47,152,128,64,1,57344,3029,811,3840
CLOCK_u128_s16_h2_c1062,0,152,128,16,2,67584,2900,940,3840
SRRIP_u128_s64_h1_c937,0,152,128,64,1,57344,3128,712,3840
BRRIP_u128_s64_h0_c937,11,152,128,64,0,57344,3129,711,3840
BRRIP_u128_s64_h0_c937,29,152,128,64,0,57344,3129,711,3840
BRRIP_u128_s64_h0_c937,47,152,128,64,0,57344,3129,711,3840
LRU_u128_s4_h0_c1000,0,153,128,4,0,65536,3360,480,3840
LRU_u128_s16_h2_c1000,0,153,128,16,2,65536,3234,606,3840
LRU_u128_s64_h0_c1000,0,153,128,64,0,65536,3360,480,3840
FIFO_u128_s16_h2_c1062,0,153,128,16,2,67584,2911,929,3840
FIFO_u128_s64_h0_c1000,0,153,128,64,0,65536,3360,480,3840
RANDOM_u128_s64_h1_c937,11,153,128,64,1,57344,3040,800,3840
RANDOM_u128_s64_h1_c937,29,153,128,64,1,57344,3032,808,3840
RANDOM_u128_s64_h1_c937,47,153,128,64,1,57344,3029,811,3840
CLOCK_u128_s16_h2_c1062,0,153,128,16,2,67584,2911,929,3840
SRRIP_u128_s64_h1_c937,0,153,128,64,1,57344,3128,712,3840
BRRIP_u128_s64_h0_c937,11,153,128,64,0,57344,3129,711,3840
BRRIP_u128_s64_h0_c937,29,153,128,64,0,57344,3129,711,3840
BRRIP_u128_s64_h0_c937,47,153,128,64,0,57344,3129,711,3840
LRU_u128_s4_h0_c1000,0,154,128,4,0,65536,3360,480,3840
LRU_u128_s16_h2_c1000,0,154,128,16,2,65536,2324,1516,3840
LRU_u128_s64_h0_c1000,0,154,128,64,0,65536,3360,480,3840
FIFO_u128_s16_h2_c1062,0,154,128,16,2,67584,2324,1516,3840
FIFO_u128_s64_h0_c1000,0,154,128,64,0,65536,3360,480,3840
RANDOM_u128_s64_h1_c937,11,154,128,64,1,57344,2921,919,3840
RANDOM_u128_s64_h1_c937,29,154,128,64,1,57344,2914,926,3840
RANDOM_u128_s64_h1_c937,47,154,128,64,1,57344,2923,917,3840
CLOCK_u128_s16_h2_c1062,0,154,128,16,2,67584,2324,1516,3840
SRRIP_u128_s64_h1_c937,0,154,128,64,1,57344,1568,2272,3840
BRRIP_u128_s64_h0_c937,11,154,128,64,0,57344,2912,928,3840
BRRIP_u128_s64_h0_c937,29,154,128,64,0,57344,2912,928,3840
BRRIP_u128_s64_h0_c937,47,154,128,64,0,57344,2912,928,3840
LRU_u128_s4_h0_c1000,0,155,128,4,0,65536,3360,480,3840
LRU_u128_s16_h2_c1000,0,155,128,16,2,65536,2345,1495,3840
LRU_u128_s64_h0_c1000,0,155,128,64,0,65536,3360,480,3840
FIFO_u128_s16_h2_c1062,0,155,128,16,2,67584,2345,1495,3840
FIFO_u128_s64_h0_c1000,0,155,128,64,0,65536,3360,480,3840
RANDOM_u128_s64_h1_c937,11,155,128,64,1,57344,2920,920,3840
RANDOM_u128_s64_h1_c937,29,155,128,64,1,57344,2930,910,3840
RANDOM_u128_s64_h1_c937,47,155,128,64,1,57344,2919,921,3840
CLOCK_u128_s16_h2_c1062,0,155,128,16,2,67584,2345,1495,3840
SRRIP_u128_s64_h1_c937,0,155,128,64,1,57344,1568,2272,3840
BRRIP_u128_s64_h0_c937,11,155,128,64,0,57344,2912,928,3840
BRRIP_u128_s64_h0_c937,29,155,128,64,0,57344,2912,928,3840
BRRIP_u128_s64_h0_c937,47,155,128,64,0,57344,2912,928,3840
LRU_u128_s4_h0_c1000,0,156,128,4,0,65536,3360,480,3840
LRU_u128_s16_h2_c1000,0,156,128,16,2,65536,2324,1516,3840
LRU_u128_s64_h0_c1000,0,156,128,64,0,65536,3360,480,3840
FIFO_u128_s16_h2_c1062,0,156,128,16,2,67584,2324,1516,3840
FIFO_u128_s64_h0_c1000,0,156,128,64,0,65536,3360,480,3840
RANDOM_u128_s64_h1_c937,11,156,128,64,1,57344,2920,920,3840
RANDOM_u128_s64_h1_c937,29,156,128,64,1,57344,2919,921,3840
RANDOM_u128_s64_h1_c937,47,156,128,64,1,57344,2918,922,3840
CLOCK_u128_s16_h2_c1062,0,156,128,16,2,67584,2324,1516,3840
SRRIP_u128_s64_h1_c937,0,156,128,64,1,57344,1568,2272,3840
BRRIP_u128_s64_h0_c937,11,156,128,64,0,57344,2912,928,3840
BRRIP_u128_s64_h0_c937,29,156,128,64,0,57344,2912,928,3840
BRRIP_u128_s64_h0_c937,47,156,128,64,0,57344,2912,928,3840
LRU_u128_s4_h0_c1000,0,157,128,4,0,65536,3360,480,3840
LRU_u128_s16_h2_c1000,0,157,128,16,2,65536,2345,1495,3840
LRU_u128_s64_h0_c1000,0,157,128,64,0,65536,3360,480,3840
FIFO_u128_s16_h2_c1062,0,157,128,16,2,67584,2345,1495,3840
FIFO_u128_s64_h0_c1000,0,157,128,64,0,65536,3360,480,3840
RANDOM_u128_s64_h1_c937,11,157,128,64,1,57344,2930,910,3840
RANDOM_u128_s64_h1_c937,29,157,128,64,1,57344,2910,930,3840
RANDOM_u128_s64_h1_c937,47,157,128,64,1,57344,2933,907,3840
CLOCK_u128_s16_h2_c1062,0,157,128,16,2,67584,2345,1495,3840
SRRIP_u128_s64_h1_c937,0,157,128,64,1,57344,1568,2272,3840
BRRIP_u128_s64_h0_c937,11,157,128,64,0,57344,2912,928,3840
BRRIP_u128_s64_h0_c937,29,157,128,64,0,57344,2912,928,3840
BRRIP_u128_s64_h0_c937,47,157,128,64,0,57344,2912,928,3840
LRU_u128_s4_h0_c1000,0,158,128,4,0,65536,3360,480,3840
LRU_u128_s16_h2_c1000,0,158,128,16,2,65536,2324,1516,3840
LRU_u128_s64_h0_c1000,0,158,128,64,0,65536,3360,480,3840
FIFO_u128_s16_h2_c1062,0,158,128,16,2,67584,2324,1516,3840
FIFO_u128_s64_h0_c1000,0,158,128,64,0,65536,3360,480,3840
RANDOM_u128_s64_h1_c937,11,158,128,64,1,57344,2924,916,3840
RANDOM_u128_s64_h1_c937,29,158,128,64,1,57344,2931,909,3840
RANDOM_u128_s64_h1_c937,47,158,128,64,1,57344,2904,936,3840
CLOCK_u128_s16_h2_c1062,0,158,128,16,2,67584,2324,1516,3840
SRRIP_u128_s64_h1_c937,0,158,128,64,1,57344,1568,2272,3840
BRRIP_u128_s64_h0_c937,11,158,128,64,0,57344,2912,928,3840
BRRIP_u128_s64_h0_c937,29,158,128,64,0,57344,2912,928,3840
BRRIP_u128_s64_h0_c937,47,158,128,64,0,57344,2912,928,3840
LRU_u128_s4_h0_c1000,0,159,128,4,0,65536,3360,480,3840
LRU_u128_s16_h2_c1000,0,159,128,16,2,65536,2345,1495,3840
LRU_u128_s64_h0_c1000,0,159,128,64,0,65536,3360,480,3840
FIFO_u128_s16_h2_c1062,0,159,128,16,2,67584,2345,1495,3840
FIFO_u128_s64_h0_c1000,0,159,128,64,0,65536,3360,480,3840
RANDOM_u128_s64_h1_c937,11,159,128,64,1,57344,2908,932,3840
RANDOM_u128_s64_h1_c937,29,159,128,64,1,57344,2902,938,3840
RANDOM_u128_s64_h1_c937,47,159,128,64,1,57344,2936,904,3840
CLOCK_u128_s16_h2_c1062,0,159,128,16,2,67584,2345,1495,3840
SRRIP_u128_s64_h1_c937,0,159,128,64,1,57344,1568,2272,3840
BRRIP_u128_s64_h0_c937,11,159,128,64,0,57344,2912,928,3840
BRRIP_u128_s64_h0_c937,29,159,128,64,0,57344,2912,928,3840
BRRIP_u128_s64_h0_c937,47,159,128,64,0,57344,2912,928,3840
LRU_u128_s4_h0_c1000,0,160,128,4,0,65536,0,17408,17408
LRU_u128_s16_h2_c1000,0,160,128,16,2,65536,2968,14440,17408
LRU_u128_s64_h0_c1000,0,160,128,64,0,65536,7168,10240,17408
FIFO_u128_s16_h2_c1062,0,160,128,16,2,67584,5740,11668,17408
FIFO_u128_s64_h0_c1000,0,160,128,64,0,65536,7168,10240,17408
RANDOM_u128_s64_h1_c937,11,160,128,64,1,57344,10092,7316,17408
RANDOM_u128_s64_h1_c937,29,160,128,64,1,57344,10200,7208,17408
RANDOM_u128_s64_h1_c937,47,160,128,64,1,57344,9944,7464,17408
CLOCK_u128_s16_h2_c1062,0,160,128,16,2,67584,5740,11668,17408
SRRIP_u128_s64_h1_c937,0,160,128,64,1,57344,0,17408,17408
BRRIP_u128_s64_h0_c937,11,160,128,64,0,57344,0,17408,17408
BRRIP_u128_s64_h0_c937,29,160,128,64,0,57344,0,17408,17408
BRRIP_u128_s64_h0_c937,47,160,128,64,0,57344,0,17408,17408
LRU_u128_s4_h0_c1000,0,161,128,4,0,65536,0,17408,17408
LRU_u128_s16_h2_c1000,0,161,128,16,2,65536,3780,13628,17408
LRU_u128_s64_h0_c1000,0,161,128,64,0,65536,7168,10240,17408
FIFO_u128_s16_h2_c1062,0,161,128,16,2,67584,5628,11780,17408
FIFO_u128_s64_h0_c1000,0,161,128,64,0,65536,7168,10240,17408
RANDOM_u128_s64_h1_c937,11,161,128,64,1,57344,10104,7304,17408
RANDOM_u128_s64_h1_c937,29,161,128,64,1,57344,10184,7224,17408
RANDOM_u128_s64_h1_c937,47,161,128,64,1,57344,10132,7276,17408
CLOCK_u128_s16_h2_c1062,0,161,128,16,2,67584,5628,11780,17408
SRRIP_u128_s64_h1_c937,0,161,128,64,1,57344,0,17408,17408
BRRIP_u128_s64_h0_c937,11,161,128,64,0,57344,0,17408,17408
BRRIP_u128_s64_h0_c937,29,161,128,64,0,57344,0,17408,17408
BRRIP_u128_s64_h0_c937,47,161,128,64,0,57344,0,17408,17408
LRU_u128_s4_h0_c1000,0,162,128,4,0,65536,14317,3091,17408
LRU_u128_s16_h2_c1000,0,162,128,16,2,65536,13720,3688,17408
LRU_u128_s64_h0_c1000,0,162,128,64,0,65536,14317,3091,17408
FIFO_u128_s16_h2_c1062,0,162,128,16,2,67584,10996,6412,17408
FIFO_u128_s64_h0_c1000,0,162,128,64,0,65536,11644,5764,17408
RANDOM_u128_s64_h1_c937,11,162,128,64,1,57344,11460,5948,17408
RANDOM_u128_s64_h1_c937,29,162,128,64,1,57344,11408,6000,17408
RANDOM_u128_s64_h1_c937,47,162,128,64,1,57344,11473,5935,17408
CLOCK_u128_s16_h2_c1062,0,162,128,16,2,67584,10996,6412,17408
SRRIP_u128_s64_h1_c937,0,162,128,64,1,57344,12525,4883,17408
BRRIP_u128_s64_h0_c937,11,162,128,64,0,57344,12525,4883,17408
BRRIP_u128_s64_h0_c937,29,162,128,64,0,57344,12525,4883,17408
BRRIP_u128_s64_h0_c937,47,162,128,64,0,57344,12525,4883,17408
LRU_u128_s4_h0_c1000,0,163,128,4,0,65536,14317,3091,17408
LRU_u128_s16_h2_c1000,0,163,128,16,2,65536,13617,3791,17408
LRU_u128_s64_h0_c1000,0,163,128,64,0,65536,14317,3091,17408
FIFO_u128_s16_h2_c1062,0,163,128,16,2,67584,10928,6480,17408
FIFO_u128_s64_h0_c1000,0,163,128,64,0,65536,11644,5764,17408
RANDOM_u128_s64_h1_c937,11,163,128,64,1,57344,11464,5944,17408
RANDOM_u128_s64_h1_c937,29,163,128,64,1,57344,11588,5820,17408
RANDOM_u128_s64_h1_c937,47,163,128,64,1,57344,11477,5931,17408
CLOCK_u128_s16_h2_c1062,0,163,128,16,2,67584,10928,6480,17408
SRRIP_u128_s64_h1_c937,0,163,128,64,1,57344,12525,4883,17408
BRRIP_u128_s64_h0_c937,11,163,128,64,0,57344,12525,4883,17408
BRRIP_u128_s64_h0_c937,29,163,128,64,0,57344,12525,4883,17408
BRRIP_u128_s64_h0_c937,47,163,128,64,0,57344,12525,4883,17408
LRU_u128_s4_h0_c1000,0,164,128,4,0,65536,7812,9596,17408
LRU_u128_s16_h2_c1000,0,164,128,16,2,65536,7308,10100,17408
LRU_u128_s64_h0_c1000,0,164,128,64,0,65536,10080,7328,17408
FIFO_u128_s16_h2_c1062,0,164,128,16,2,67584,5740,11668,17408
FIFO_u128_s64_h0_c1000,0,164,128,64,0,65536,7168,10240,17408
RANDOM_u128_s64_h1_c937,11,164,128,64,1,57344,5717,11691,17408
RANDOM_u128_s64_h1_c937,29,164,128,64,1,57344,5482,11926,17408
RANDOM_u128_s64_h1_c937,47,164,128,64,1,57344,5556,11852,17408
CLOCK_u128_s16_h2_c1062,0,164,128,16,2,67584,7259,10149,17408
SRRIP_u128_s64_h1_c937,0,164,128,64,1,57344,5986,11422,17408
BRRIP_u128_s64_h0_c937,11,164,128,64,0,57344,9019,8389,17408
BRRIP_u128_s64_h0_c937,29,164,128,64,0,57344,9048,8360,17408
BRRIP_u128_s64_h0_c937,47,164,128,64,0,57344,8926,8482,17408
LRU_u128_s4_h0_c1000,0,165,128,4,0,65536,7812,9596,17408
LRU_u128_s16_h2_c1000,0,165,128,16,2,65536,6720,10688,17408
LRU_u128_s64_h0_c1000,0,165,128,64,0,65536,10080,7328,17408
FIFO_u128_s16_h2_c1062,0,165,128,16,2,67584,5628,11780,17408
FIFO_u128_s64_h0_c1000,0,165,128,64,0,65536,7168,10240,17408
RANDOM_u128_s64_h1_c937,11,165,128,64,1,57344,5581,11827,17408
RANDOM_u128_s64_h1_c937,29,165,128,64,1,57344,5472,11936,17408
RANDOM_u128_s64_h1_c937,47,165,128,64,1,57344,5564,11844,17408
CLOCK_u128_s16_h2_c1062,0,165,128,16,2,67584,6586,10822,17408
SRRIP_u128_s64_h1_c937,0,165,128,64,1,57344,6107,11301,17408
BRRIP_u128_s64_h0_c937,11,165,128,64,0,57344,9019,8389,17408
BRRIP_u128_s64_h0_c937,29,165,128,64,0,57344,9048,8360,17408
BRRIP_u128_s64_h0_c937,47,165,128,64,0,57344,8926,8482,17408
LRU_u128_s4_h0_c1000,0,166,128,4,0,65536,8092,9316,17408
LRU_u128_s16_h2_c1000,0,166,128,16,2,65536,7700,9708,17408
LRU_u128_s64_h0_c1000,0,166,128,64,0,65536,9772,7636,17408
FIFO_u128_s16_h2_c1062,0,166,128,16,2,67584,5740,11668,17408
FIFO_u128_s64_h0_c1000,0,166,128,64,0,65536,7168,10240,17408
RANDOM_u128_s64_h1_c937,11,166,128,64,1,57344,5385,12023,17408
RANDOM_u128_s64_h1_c937,29,166,128,64,1,57344,5436,11972,17408
RANDOM_u128_s64_h1_c937,47,166,128,64,1,57344,5493,11915,17408
CLOCK_u128_s16_h2_c1062,0,166,128,16,2,67584,7741,9667,17408
SRRIP_u128_s64_h1_c937,0,166,128,64,1,57344,6389,11019,17408
BRRIP_u128_s64_h0_c937,11,166,128,64,0,57344,9104,8304,17408
BRRIP_u128_s64_h0_c937,29,166,128,64,0,57344,9035,8373,17408
BRRIP_u128_s64_h0_c937,47,166,128,64,0,57344,9023,8385,17408
LRU_u128_s4_h0_c1000,0,167,128,4,0,65536,8092,9316,17408
LRU_u128_s16_h2_c1000,0,167,128,16,2,65536,6776,10632,17408
LRU_u128_s64_h0_c1000,0,167,128,64,0,65536,9772,7636,17408
FIFO_u128_s16_h2_c1062,0,167,128,16,2,67584,5628,11780,17408
FIFO_u128_s64_h0_c1000,0,167,128,64,0,65536,7168,10240,17408
RANDOM_u128_s64_h1_c937,11,167,128,64,1,57344,5469,11939,17408
RANDOM_u128_s64_h1_c937,29,167,128,64,1,57344,5267,12141,17408
RANDOM_u128_s64_h1_c937,47,167,128,64,1,57344,5425,11983,17408
CLOCK_u128_s16_h2_c1062,0,167,128,16,2,67584,7131,10277,17408
SRRIP_u128_s64_h1_c937,0,167,128,64,1,57344,6107,11301,17408
BRRIP_u128_s64_h0_c937,11,167,128,64,0,57344,9104,8304,17408
BRRIP_u128_s64_h0_c937,29,167,128,64,0,57344,9035,8373,17408
BRRIP_u128_s64_h0_c937,47,167,128,64,0,57344,9023,8385,17408
LRU_u128_s4_h0_c1000,0,168,128,4,0,65536,8008,9400,17408
LRU_u128_s16_h2_c1000,0,168,128,16,2,65536,7224,10184,17408
LRU_u128_s64_h0_c1000,0,168,128,64,0,65536,9800,7608,17408
FIFO_u128_s16_h2_c1062,0,168,128,16,2,67584,5740,11668,17408
FIFO_u128_s64_h0_c1000,0,168,128,64,0,65536,7168,10240,17408
RANDOM_u128_s64_h1_c937,11,168,128,64,1,57344,5392,12016,17408
RANDOM_u128_s64_h1_c937,29,168,128,64,1,57344,5371,12037,17408
RANDOM_u128_s64_h1_c937,47,168,128,64,1,57344,5349,12059,17408
CLOCK_u128_s16_h2_c1062,0,168,128,16,2,67584,7166,10242,17408
SRRIP_u128_s64_h1_c937,0,168,128,64,1,57344,6168,11240,17408
BRRIP_u128_s64_h0_c937,11,168,128,64,0,57344,9246,8162,17408
BRRIP_u128_s64_h0_c937,29,168,128,64,0,57344,9099,8309,17408
BRRIP_u128_s64_h0_c937,47,168,128,64,0,57344,9182,8226,17408
LRU_u128_s4_h0_c1000,0,169,128,4,0,65536,8008,9400,17408
LRU_u128_s16_h2_c1000,0,169,128,16,2,65536,7084,10324,17408
LRU_u128_s64_h0_c1000,0,169,128,64,0,65536,9800,7608,17408
FIFO_u128_s16_h2_c1062,0,169,128,16,2,67584,5628,11780,17408
FIFO_u128_s64_h0_c1000,0,169,128,64,0,65536,7168,10240,17408
RANDOM_u128_s64_h1_c937,11,169,128,64,1,57344,5527,11881,17408
RANDOM_u128_s64_h1_c937,29,169,128,64,1,57344,5532,11876,17408
RANDOM_u128_s64_h1_c937,47,169,128,64,1,57344,5480,11928,17408
CLOCK_u128_s16_h2_c1062,0,169,128,16,2,67584,6802,10606,17408
SRRIP_u128_s64_h1_c937,0,169,128,64,1,57344,6150,11258,17408
BRRIP_u128_s64_h0_c937,11,169,128,64,0,57344,9246,8162,17408
BRRIP_u128_s64_h0_c937,29,169,128,64,0,57344,9099,8309,17408
BRRIP_u128_s64_h0_c937,47,169,128,64,0,57344,9182,8226,17408
LRU_u128_s4_h0_c1000,0,170,128,4,0,65536,0,4352,4352
LRU_u128_s16_h2_c1000,0,170,128,16,2,65536,742,3610,4352
LRU_u128_s64_h0_c1000,0,170,128,64,0,65536,1792,2560,4352
FIFO_u128_s16_h2_c1062,0,170,128,16,2,67584,1435,2917,4352
FIFO_u128_s64_h0_c1000,0,170,128,64,0,65536,1792,2560,4352
RANDOM_u128_s64_h1_c937,11,170,128,64,1,57344,2523,1829,4352
RANDOM_u128_s64_h1_c937,29,170,128,64,1,57344,2550,1802,4352
RANDOM_u128_s64_h1_c937,47,170,128,64,1,57344,2486,1866,4352
CLOCK_u128_s16_h2_c1062,0,170,128,16,2,67584,1435,2917,4352
SRRIP_u128_s64_h1_c937,0,170,128,64,1,57344,0,4352,4352
BRRIP_u128_s64_h0_c937,11,170,128,64,0,57344,2688,1664,4352
BRRIP_u128_s64_h0_c937,29,170,128,64,0,57344,2688,1664,4352
BRRIP_u128_s64_h0_c937,47,170,128,64,0,57344,2688,1664,4352
LRU_u128_s4_h0_c1000,0,171,128,4,0,65536,0,4352,4352
LRU_u128_s16_h2_c1000,0,171,128,16,2,65536,945,3407,4352
LRU_u128_s64_h0_c1000,0,171,128,64,0,65536,1792,2560,4352
FIFO_u128_s16_h2_c1062,0,171,128,16,2,67584,1407,2945,4352
FIFO_u128_s64_h0_c1000,0,171,128,64,0,65536,1792,2560,4352
RANDOM_u128_s64_h1_c937,11,171,128,64,1,57344,2526,1826,4352
RANDOM_u128_s64_h1_c937,29,171,128,64,1,57344,2546,1806,4352
RANDOM_u128_s64_h1_c937,47,171,128,64,1,57344,2533,1819,4352
CLOCK_u128_s16_h2_c1062,0,171,128,16,2,67584,1407,2945,4352
SRRIP_u128_s64_h1_c937,0,171,128,64,1,57344,0,4352,4352
BRRIP_u128_s64_h0_c937,11,171,128,64,0,57344,2688,1664,4352
BRRIP_u128_s64_h0_c937,29,171,128,64,0,57344,2688,1664,4352
BRRIP_u128_s64_h0_c937,47,171,128,64,0,57344,2688,1664,4352
LRU_u128_s4_h0_c1000,0,172,128,4,0,65536,3577,775,4352
LRU_u128_s16_h2_c1000,0,172,128,16,2,65536,3430,922,4352
LRU_u128_s64_h0_c1000,0,172,128,64,0,65536,3577,775,4352
FIFO_u128_s16_h2_c1062,0,172,128,16,2,67584,2749,1603,4352
FIFO_u128_s64_h0_c1000,0,172,128,64,0,65536,2911,1441,4352
RANDOM_u128_s64_h1_c937,11,172,128,64,1,57344,2865,1487,4352
RANDOM_u128_s64_h1_c937,29,172,128,64,1,57344,2852,1500,4352
RANDOM_u128_s64_h1_c937,47,172,128,64,1,57344,2869,1483,4352
CLOCK_u128_s16_h2_c1062,0,172,128,16,2,67584,2749,1603,4352
SRRIP_u128_s64_h1_c937,0,172,128,64,1,57344,3123,1229,4352
BRRIP_u128_s64_h0_c937,11,172,128,64,0,57344,2910,1442,4352
BRRIP_u128_s64_h0_c937,29,172,128,64,0,57344,2917,1435,4352
BRRIP_u128_s64_h0_c937,47,172,128,64,0,57344,2907,1445,4352
LRU_u128_s4_h0_c1000,0,173,128,4,0,65536,3577,775,4352
LRU_u128_s16_h2_c1000,0,173,128,16,2,65536,3402,950,4352
LRU_u128_s64_h0_c1000,0,173,128,64,0,65536,3577,775,4352
FIFO_u128_s16_h2_c1062,0,173,128,16,2,67584,2732,1620,4352
FIFO_u128_s64_h0_c1000,0,173,128,64,0,65536,2911,1441,4352
RANDOM_u128_s64_h1_c937,11,173,128,64,1,57344,2866,1486,4352
RANDOM_u128_s64_h1_c937,29,173,128,64,1,57344,2897,1455,4352
RANDOM_u128_s64_h1_c937,47,173,128,64,1,57344,2870,1482,4352
CLOCK_u128_s16_h2_c1062,0,173,128,16,2,67584,2732,1620,4352
SRRIP_u128_s64_h1_c937,0,173,128,64,1,57344,3123,1229,4352
BRRIP_u128_s64_h0_c937,11,173,128,64,0,57344,2910,1442,4352
BRRIP_u128_s64_h0_c937,29,173,128,64,0,57344,2917,1435,4352
BRRIP_u128_s64_h0_c937,47,173,128,64,0,57344,2907,1445,4352
LRU_u128_s4_h0_c1000,0,174,128,4,0,65536,0,4352,4352
LRU_u128_s16_h2_c1000,0,174,128,16,2,65536,742,3610,4352
LRU_u128_s64_h0_c1000,0,174,128,64,0,65536,1792,2560,4352
FIFO_u128_s16_h2_c1062,0,174,128,16,2,67584,1435,2917,4352
FIFO_u128_s64_h0_c1000,0,174,128,64,0,65536,1792,2560,4352
RANDOM_u128_s64_h1_c937,11,174,128,64,1,57344,2539,1813,4352
RANDOM_u128_s64_h1_c937,29,174,128,64,1,57344,2539,1813,4352
RANDOM_u128_s64_h1_c937,47,174,128,64,1,57344,2501,1851,4352
CLOCK_u128_s16_h2_c1062,0,174,128,16,2,67584,1435,2917,4352
SRRIP_u128_s64_h1_c937,0,174,128,64,1,57344,0,4352,4352
BRRIP_u128_s64_h0_c937,11,174,128,64,0,57344,2688,1664,4352
BRRIP_u128_s64_h0_c937,29,174,128,64,0,57344,2688,1664,4352
BRRIP_u128_s64_h0_c937,47,174,128,64,0,57344,2687,1665,4352
LRU_u128_s4_h0_c1000,0,175,128,4,0,65536,0,4352,4352
LRU_u128_s16_h2_c1000,0,175,128,16,2,65536,945,3407,4352
LRU_u128_s64_h0_c1000,0,175,128,64,0,65536,1792,2560,4352
FIFO_u128_s16_h2_c1062,0,175,128,16,2,67584,1407,2945,4352
FIFO_u128_s64_h0_c1000,0,175,128,64,0,65536,1792,2560,4352
RANDOM_u128_s64_h1_c937,11,175,128,64,1,57344,2521,1831,4352
RANDOM_u128_s64_h1_c937,29,175,128,64,1,57344,2535,1817,4352
RANDOM_u128_s64_h1_c937,47,175,128,64,1,57344,2494,1858,4352
CLOCK_u128_s16_h2_c1062,0,175,128,16,2,67584,1407,2945,4352
SRRIP_u128_s64_h1_c937,0,175,128,64,1,57344,0,4352,4352
BRRIP_u128_s64_h0_c937,11,175,128,64,0,57344,2688,1664,4352
BRRIP_u128_s64_h0_c937,29,175,128,64,0,57344,2688,1664,4352
BRRIP_u128_s64_h0_c937,47,175,128,64,0,57344,2687,1665,4352
LRU_u128_s4_h0_c1000,0,176,128,4,0,65536,0,4352,4352
LRU_u128_s16_h2_c1000,0,176,128,16,2,65536,742,3610,4352
LRU_u128_s64_h0_c1000,0,176,128,64,0,65536,1792,2560,4352
FIFO_u128_s16_h2_c1062,0,176,128,16,2,67584,1435,2917,4352
FIFO_u128_s64_h0_c1000,0,176,128,64,0,65536,1792,2560,4352
RANDOM_u128_s64_h1_c937,11,176,128,64,1,57344,2519,1833,4352
RANDOM_u128_s64_h1_c937,29,176,128,64,1,57344,2543,1809,4352
RANDOM_u128_s64_h1_c937,47,176,128,64,1,57344,2524,1828,4352
CLOCK_u128_s16_h2_c1062,0,176,128,16,2,67584,1435,2917,4352
SRRIP_u128_s64_h1_c937,0,176,128,64,1,57344,0,4352,4352
BRRIP_u128_s64_h0_c937,11,176,128,64,0,57344,2688,1664,4352
BRRIP_u128_s64_h0_c937,29,176,128,64,0,57344,2688,1664,4352
BRRIP_u128_s64_h0_c937,47,176,128,64,0,57344,2688,1664,4352
LRU_u128_s4_h0_c1000,0,177,128,4,0,65536,0,4352,4352
LRU_u128_s16_h2_c1000,0,177,128,16,2,65536,945,3407,4352
LRU_u128_s64_h0_c1000,0,177,128,64,0,65536,1792,2560,4352
FIFO_u128_s16_h2_c1062,0,177,128,16,2,67584,1407,2945,4352
FIFO_u128_s64_h0_c1000,0,177,128,64,0,65536,1792,2560,4352
RANDOM_u128_s64_h1_c937,11,177,128,64,1,57344,2499,1853,4352
RANDOM_u128_s64_h1_c937,29,177,128,64,1,57344,2511,1841,4352
RANDOM_u128_s64_h1_c937,47,177,128,64,1,57344,2506,1846,4352
CLOCK_u128_s16_h2_c1062,0,177,128,16,2,67584,1407,2945,4352
SRRIP_u128_s64_h1_c937,0,177,128,64,1,57344,0,4352,4352
BRRIP_u128_s64_h0_c937,11,177,128,64,0,57344,2688,1664,4352
BRRIP_u128_s64_h0_c937,29,177,128,64,0,57344,2688,1664,4352
BRRIP_u128_s64_h0_c937,47,177,128,64,0,57344,2688,1664,4352
LRU_u128_s4_h0_c1000,0,178,128,4,0,65536,0,4352,4352
LRU_u128_s16_h2_c1000,0,178,128,16,2,65536,742,3610,4352
LRU_u128_s64_h0_c1000,0,178,128,64,0,65536,1792,2560,4352
FIFO_u128_s16_h2_c1062,0,178,128,16,2,67584,1435,2917,4352
FIFO_u128_s64_h0_c1000,0,178,128,64,0,65536,1792,2560,4352
RANDOM_u128_s64_h1_c937,11,178,128,64,1,57344,2523,1829,4352
RANDOM_u128_s64_h1_c937,29,178,128,64,1,57344,2525,1827,4352
RANDOM_u128_s64_h1_c937,47,178,128,64,1,57344,2555,1797,4352
CLOCK_u128_s16_h2_c1062,0,178,128,16,2,67584,1435,2917,4352
SRRIP_u128_s64_h1_c937,0,178,128,64,1,57344,0,4352,4352
BRRIP_u128_s64_h0_c937,11,178,128,64,0,57344,2688,1664,4352
BRRIP_u128_s64_h0_c937,29,178,128,64,0,57344,2688,1664,4352
BRRIP_u128_s64_h0_c937,47,178,128,64,0,57344,2688,1664,4352
LRU_u128_s4_h0_c1000,0,179,128,4,0,65536,0,4352,4352
LRU_u128_s16_h2_c1000,0,179,128,16,2,65536,945,3407,4352
LRU_u128_s64_h0_c1000,0,179,128,64,0,65536,1792,2560,4352
FIFO_u128_s16_h2_c1062,0,179,128,16,2,67584,1407,2945,4352
FIFO_u128_s64_h0_c1000,0,179,128,64,0,65536,1792,2560,4352
RANDOM_u128_s64_h1_c937,11,179,128,64,1,57344,2506,1846,4352
RANDOM_u128_s64_h1_c937,29,179,128,64,1,57344,2503,1849,4352
RANDOM_u128_s64_h1_c937,47,179,128,64,1,57344,2550,1802,4352
CLOCK_u128_s16_h2_c1062,0,179,128,16,2,67584,1407,2945,4352
SRRIP_u128_s64_h1_c937,0,179,128,64,1,57344,0,4352,4352
BRRIP_u128_s64_h0_c937,11,179,128,64,0,57344,2688,1664,4352
BRRIP_u128_s64_h0_c937,29,179,128,64,0,57344,2688,1664,4352
BRRIP_u128_s64_h0_c937,47,179,128,64,0,57344,2688,1664,4352
LRU_u128_s4_h0_c1000,0,180,128,4,0,65536,0,19456,19456
LRU_u128_s16_h2_c1000,0,180,128,16,2,65536,2324,17132,19456
LRU_u128_s64_h0_c1000,0,180,128,64,0,65536,0,19456,19456
FIFO_u128_s16_h2_c1062,0,180,128,16,2,67584,2324,17132,19456
FIFO_u128_s64_h0_c1000,0,180,128,64,0,65536,0,19456,19456
RANDOM_u128_s64_h1_c937,11,180,128,64,1,57344,8700,10756,19456
RANDOM_u128_s64_h1_c937,29,180,128,64,1,57344,8764,10692,19456
RANDOM_u128_s64_h1_c937,47,180,128,64,1,57344,8780,10676,19456
CLOCK_u128_s16_h2_c1062,0,180,128,16,2,67584,2324,17132,19456
SRRIP_u128_s64_h1_c937,0,180,128,64,1,57344,0,19456,19456
BRRIP_u128_s64_h0_c937,11,180,128,64,0,57344,0,19456,19456
BRRIP_u128_s64_h0_c937,29,180,128,64,0,57344,0,19456,19456
BRRIP_u128_s64_h0_c937,47,180,128,64,0,57344,0,19456,19456
LRU_u128_s4_h0_c1000,0,181,128,4,0,65536,0,19456,19456
LRU_u128_s16_h2_c1000,0,181,128,16,2,65536,2464,16992,19456
LRU_u128_s64_h0_c1000,0,181,128,64,0,65536,0,19456,19456
FIFO_u128_s16_h2_c1062,0,181,128,16,2,67584,3388,16068,19456
FIFO_u128_s64_h0_c1000,0,181,128,64,0,65536,0,19456,19456
RANDOM_u128_s64_h1_c937,11,181,128,64,1,57344,8908,10548,19456
RANDOM_u128_s64_h1_c937,29,181,128,64,1,57344,8748,10708,19456
RANDOM_u128_s64_h1_c937,47,181,128,64,1,57344,8736,10720,19456
CLOCK_u128_s16_h2_c1062,0,181,128,16,2,67584,3388,16068,19456
SRRIP_u128_s64_h1_c937,0,181,128,64,1,57344,0,19456,19456
BRRIP_u128_s64_h0_c937,11,181,128,64,0,57344,0,19456,19456
BRRIP_u128_s64_h0_c937,29,181,128,64,0,57344,0,19456,19456
BRRIP_u128_s64_h0_c937,47,181,128,64,0,57344,0,19456,19456
LRU_u128_s4_h0_c1000,0,182,128,4,0,65536,14317,5139,19456
LRU_u128_s16_h2_c1000,0,182,128,16,2,65536,13953,5503,19456
LRU_u128_s64_h0_c1000,0,182,128,64,0,65536,14317,5139,19456
FIFO_u128_s16_h2_c1062,0,182,128,16,2,67584,10336,9120,19456
FIFO_u128_s64_h0_c1000,0,182,128,64,0,65536,9340,10116,19456
RANDOM_u128_s64_h1_c937,11,182,128,64,1,57344,10968,8488,19456
RANDOM_u128_s64_h1_c937,29,182,128,64,1,57344,11020,8436,19456
RANDOM_u128_s64_h1_c937,47,182,128,64,1,57344,11005,8451,19456
CLOCK_u128_s16_h2_c1062,0,182,128,16,2,67584,10336,9120,19456
SRRIP_u128_s64_h1_c937,0,182,128,64,1,57344,12525,6931,19456
BRRIP_u128_s64_h0_c937,11,182,128,64,0,57344,12525,6931,19456
BRRIP_u128_s64_h0_c937,29,182,128,64,0,57344,12525,6931,19456
BRRIP_u128_s64_h0_c937,47,182,128,64,0,57344,12525,6931,19456
LRU_u128_s4_h0_c1000,0,183,128,4,0,65536,14317,5139,19456
LRU_u128_s16_h2_c1000,0,183,128,16,2,65536,14093,5363,19456
LRU_u128_s64_h0_c1000,0,183,128,64,0,65536,14317,5139,19456
FIFO_u128_s16_h2_c1062,0,183,128,16,2,67584,10812,8644,19456
FIFO_u128_s64_h0_c1000,0,183,128,64,0,65536,9340,10116,19456
RANDOM_u128_s64_h1_c937,11,183,128,64,1,57344,10988,8468,19456
RANDOM_u128_s64_h1_c937,29,183,128,64,1,57344,10948,8508,19456
RANDOM_u128_s64_h1_c937,47,183,128,64,1,57344,10949,8507,19456
CLOCK_u128_s16_h2_c1062,0,183,128,16,2,67584,10812,8644,19456
SRRIP_u128_s64_h1_c937,0,183,128,64,1,57344,12525,6931,19456
BRRIP_u128_s64_h0_c937,11,183,128,64,0,57344,12525,6931,19456
BRRIP_u128_s64_h0_c937,29,183,128,64,0,57344,12525,6931,19456
BRRIP_u128_s64_h0_c937,47,183,128,64,0,57344,12525,6931,19456
LRU_u128_s4_h0_c1000,0,184,128,4,0,65536,1736,17720,19456
LRU_u128_s16_h2_c1000,0,184,128,16,2,65536,4032,15424,19456
LRU_u128_s64_h0_c1000,0,184,128,64,0,65536,3920,15536,19456
FIFO_u128_s16_h2_c1062,0,184,128,16,2,67584,2324,17132,19456
FIFO_u128_s64_h0_c1000,0,184,128,64,0,65536,0,19456,19456
RANDOM_u128_s64_h1_c937,11,184,128,64,1,57344,3153,16303,19456
RANDOM_u128_s64_h1_c937,29,184,128,64,1,57344,3271,16185,19456
RANDOM_u128_s64_h1_c937,47,184,128,64,1,57344,3122,16334,19456
CLOCK_u128_s16_h2_c1062,0,184,128,16,2,67584,3808,15648,19456
SRRIP_u128_s64_h1_c937,0,184,128,64,1,57344,3185,16271,19456
BRRIP_u128_s64_h0_c937,11,184,128,64,0,57344,8761,10695,19456
BRRIP_u128_s64_h0_c937,29,184,128,64,0,57344,8751,10705,19456
BRRIP_u128_s64_h0_c937,47,184,128,64,0,57344,8814,10642,19456
LRU_u128_s4_h0_c1000,0,185,128,4,0,65536,1736,17720,19456
LRU_u128_s16_h2_c1000,0,185,128,16,2,65536,4816,14640,19456
LRU_u128_s64_h0_c1000,0,185,128,64,0,65536,3920,15536,19456
FIFO_u128_s16_h2_c1062,0,185,128,16,2,67584,3388,16068,19456
FIFO_u128_s64_h0_c1000,0,185,128,64,0,65536,0,19456,19456
RANDOM_u128_s64_h1_c937,11,185,128,64,1,57344,3181,16275,19456
RANDOM_u128_s64_h1_c937,29,185,128,64,1,57344,3124,16332,19456
RANDOM_u128_s64_h1_c937,47,185,128,64,1,57344,3280,16176,19456
CLOCK_u128_s16_h2_c1062,0,185,128,16,2,67584,4204,15252,19456
SRRIP_u128_s64_h1_c937,0,185,128,64,1,57344,3091,16365,19456
BRRIP_u128_s64_h0_c937,11,185,128,64,0,57344,8761,10695,19456
BRRIP_u128_s64_h0_c937,29,185,128,64,0,57344,8751,10705,19456
BRRIP_u128_s64_h0_c937,47,185,128,64,0,57344,8814,10642,19456
LRU_u128_s4_h0_c1000,0,186,128,4,0,65536,1568,17888,19456
LRU_u128_s16_h2_c1000,0,186,128,16,2,65536,3668,15788,19456
LRU_u128_s64_h0_c1000,0,186,128,64,0,65536,3556,15900,19456
FIFO_u128_s16_h2_c1062,0,186,128,16,2,67584,2324,17132,19456
FIFO_u128_s64_h0_c1000,0,186,128,64,0,65536,0,19456,19456
RANDOM_u128_s64_h1_c937,11,186,128,64,1,57344,3249,16207,19456
RANDOM_u128_s64_h1_c937,29,186,128,64,1,57344,3167,16289,19456
RANDOM_u128_s64_h1_c937,47,186,128,64,1,57344,3204,16252,19456
CLOCK_u128_s16_h2_c1062,0,186,128,16,2,67584,3691,15765,19456
SRRIP_u128_s64_h1_c937,0,186,128,64,1,57344,3151,16305,19456
BRRIP_u128_s64_h0_c937,11,186,128,64,0,57344,8700,10756,19456
BRRIP_u128_s64_h0_c937,29,186,128,64,0,57344,8653,10803,19456
BRRIP_u128_s64_h0_c937,47,186,128,64,0,57344,8661,10795,19456
LRU_u128_s4_h0_c1000,0,187,128,4,0,65536,1568,17888,19456
LRU_u128_s16_h2_c1000,0,187,128,16,2,65536,4620,14836,19456
LRU_u128_s64_h0_c1000,0,187,128,64,0,65536,3556,15900,19456
FIFO_u128_s16_h2_c1062,0,187,128,16,2,67584,3388,16068,19456
FIFO_u128_s64_h0_c1000,0,187,128,64,0,65536,0,19456,19456
RANDOM_u128_s64_h1_c937,11,187,128,64,1,57344,3184,16272,19456
RANDOM_u128_s64_h1_c937,29,187,128,64,1,57344,3155,16301,19456
RANDOM_u128_s64_h1_c937,47,187,128,64,1,57344,3161,16295,19456
CLOCK_u128_s16_h2_c1062,0,187,128,16,2,67584,4891,14565,19456
SRRIP_u128_s64_h1_c937,0,187,128,64,1,57344,2605,16851,19456
BRRIP_u128_s64_h0_c937,11,187,128,64,0,57344,8700,10756,19456
BRRIP_u128_s64_h0_c937,29,187,128,64,0,57344,8653,10803,19456
BRRIP_u128_s64_h0_c937,47,187,128,64,0,57344,8661,10795,19456
LRU_u128_s4_h0_c1000,0,188,128,4,0,65536,2072,17384,19456
LRU_u128_s16_h2_c1000,0,188,128,16,2,65536,3948,15508,19456
LRU_u128_s64_h0_c1000,0,188,128,64,0,65536,2940,16516,19456
FIFO_u128_s16_h2_c1062,0,188,128,16,2,67584,2324,17132,19456
FIFO_u128_s64_h0_c1000,0,188,128,64,0,65536,0,19456,19456
RANDOM_u128_s64_h1_c937,11,188,128,64,1,57344,3215,16241,19456
RANDOM_u128_s64_h1_c937,29,188,128,64,1,57344,3178,16278,19456
RANDOM_u128_s64_h1_c937,47,188,128,64,1,57344,3244,16212,19456
CLOCK_u128_s16_h2_c1062,0,188,128,16,2,67584,3750,15706,19456
SRRIP_u128_s64_h1_c937,0,188,128,64,1,57344,2975,16481,19456
BRRIP_u128_s64_h0_c937,11,188,128,64,0,57344,8884,10572,19456
BRRIP_u128_s64_h0_c937,29,188,128,64,0,57344,8767,10689,19456
BRRIP_u128_s64_h0_c937,47,188,128,64,0,57344,8890,10566,19456
LRU_u128_s4_h0_c1000,0,189,128,4,0,65536,2072,17384,19456
LRU_u128_s16_h2_c1000,0,189,128,16,2,65536,4648,14808,19456
LRU_u128_s64_h0_c1000,0,189,128,64,0,65536,2940,16516,19456
FIFO_u128_s16_h2_c1062,0,189,128,16,2,67584,3388,16068,19456
FIFO_u128_s64_h0_c1000,0,189,128,64,0,65536,0,19456,19456
RANDOM_u128_s64_h1_c937,11,189,128,64,1,57344,3100,16356,19456
RANDOM_u128_s64_h1_c937,29,189,128,64,1,57344,3205,16251,19456
RANDOM_u128_s64_h1_c937,47,189,128,64,1,57344,3106,16350,19456
CLOCK_u128_s16_h2_c1062,0,189,128,16,2,67584,4375,15081,19456
SRRIP_u128_s64_h1_c937,0,189,128,64,1,57344,2887,16569,19456
BRRIP_u128_s64_h0_c937,11,189,128,64,0,57344,8884,10572,19456
BRRIP_u128_s64_h0_c937,29,189,128,64,0,57344,8767,10689,19456
BRRIP_u128_s64_h0_c937,47,189,128,64,0,57344,8890,10566,19456
LRU_u128_s4_h0_c1000,0,190,128,4,0,65536,0,4864,4864
LRU_u128_s16_h2_c1000,0,190,128,16,2,65536,581,4283,4864
LRU_u128_s64_h0_c1000,0,190,128,64,0,65536,0,4864,4864
FIFO_u128_s16_h2_c1062,0,190,128,16,2,67584,581,4283,4864
FIFO_u128_s64_h0_c1000,0,190,128,64,0,65536,0,4864,4864
RANDOM_u128_s64_h1_c937,11,190,128,64,1,57344,2175,2689,4864
RANDOM_u128_s64_h1_c937,29,190,128,64,1,57344,2191,2673,4864
RANDOM_u128_s64_h1_c937,47,190,128,64,1,57344,2195,2669,4864
CLOCK_u128_s16_h2_c1062,0,190,128,16,2,67584,581,4283,4864
SRRIP_u128_s64_h1_c937,0,190,128,64,1,57344,0,4864,4864
BRRIP_u128_s64_h0_c937,11,190,128,64,0,57344,2688,2176,4864
BRRIP_u128_s64_h0_c937,29,190,128,64,0,57344,2687,2177,4864
BRRIP_u128_s64_h0_c937,47,190,128,64,0,57344,2688,2176,4864
LRU_u128_s4_h0_c1000,0,191,128,4,0,65536,0,4864,4864
LRU_u128_s16_h2_c1000,0,191,128,16,2,65536,616,4248,4864
LRU_u128_s64_h0_c1000,0,191,128,64,0,65536,0,4864,4864
FIFO_u128_s16_h2_c1062,0,191,128,16,2,67584,847,4017,4864
FIFO_u128_s64_h0_c1000,0,191,128,64,0,65536,0,4864,4864
RANDOM_u128_s64_h1_c937,11,191,128,64,1,57344,2227,2637,4864
RANDOM_u128_s64_h1_c937,29,191,128,64,1,57344,2187,2677,4864
RANDOM_u128_s64_h1_c937,47,191,128,64,1,57344,2184,2680,4864
CLOCK_u128_s16_h2_c1062,0,191,128,16,2,67584,847,4017,4864
SRRIP_u128_s64_h1_c937,0,191,128,64,1,57344,0,4864,4864
BRRIP_u128_s64_h0_c937,11,191,128,64,0,57344,2688,2176,4864
BRRIP_u128_s64_h0_c937,29,191,128,64,0,57344,2687,2177,4864
BRRIP_u128_s64_h0_c937,47,191,128,64,0,57344,2688,2176,4864
LRU_u128_s4_h0_c1000,0,192,128,4,0,65536,3577,1287,4864
LRU_u128_s16_h2_c1000,0,192,128,16,2,65536,3486,1378,4864
LRU_u128_s64_h0_c1000,0,192,128,64,0,65536,3577,1287,4864
FIFO_u128_s16_h2_c1062,0,192,128,16,2,67584,2584,2280,4864
FIFO_u128_s64_h0_c1000,0,192,128,64,0,65536,2335,2529,4864
RANDOM_u128_s64_h1_c937,11,192,128,64,1,57344,2742,2122,4864
RANDOM_u128_s64_h1_c937,29,192,128,64,1,57344,2755,2109,4864
RANDOM_u128_s64_h1_c937,47,192,128,64,1,57344,2752,2112,4864
CLOCK_u128_s16_h2_c1062,0,192,128,16,2,67584,2584,2280,4864
SRRIP_u128_s64_h1_c937,0,192,128,64,1,57344,3121,1743,4864
BRRIP_u128_s64_h0_c937,11,192,128,64,0,57344,2692,2172,4864
BRRIP_u128_s64_h0_c937,29,192,128,64,0,57344,2698,2166,4864
BRRIP_u128_s64_h0_c937,47,192,128,64,0,57344,2690,2174,4864
LRU_u128_s4_h0_c1000,0,193,128,4,0,65536,3577,1287,4864
LRU_u128_s16_h2_c1000,0,193,128,16,2,65536,3521,1343,4864
LRU_u128_s64_h0_c1000,0,193,128,64,0,65536,3577,1287,4864
FIFO_u128_s16_h2_c1062,0,193,128,16,2,67584,2703,2161,4864
FIFO_u128_s64_h0_c1000,0,193,128,64,0,65536,2335,2529,4864
RANDOM_u128_s64_h1_c937,11,193,128,64,1,57344,2747,2117,4864
RANDOM_u128_s64_h1_c937,29,193,128,64,1,57344,2737,2127,4864
RANDOM_u128_s64_h1_c937,47,193,128,64,1,57344,2738,2126,4864
CLOCK_u128_s16_h2_c1062,0,193,128,16,2,67584,2703,2161,4864
SRRIP_u128_s64_h1_c937,0,193,128,64,1,57344,3121,1743,4864
BRRIP_u128_s64_h0_c937,11,193,128,64,0,57344,2692,2172,4864
BRRIP_u128_s64_h0_c937,29,193,128,64,0,57344,2698,2166,4864
BRRIP_u128_s64_h0_c937,47,193,128,64,0,57344,2690,2174,4864
LRU_u128_s4_h0_c1000,0,194,128,4,0,65536,0,4864,4864
LRU_u128_s16_h2_c1000,0,194,128,16,2,65536,581,4283,4864
LRU_u128_s64_h0_c1000,0,194,128,64,0,65536,0,4864,4864
FIFO_u128_s16_h2_c1062,0,194,128,16,2,67584,581,4283,4864
FIFO_u128_s64_h0_c1000,0,194,128,64,0,65536,0,4864,4864
RANDOM_u128_s64_h1_c937,11,194,128,64,1,57344,2222,2642,4864
RANDOM_u128_s64_h1_c937,29,194,128,64,1,57344,2206,2658,4864
RANDOM_u128_s64_h1_c937,47,194,128,64,1,57344,2174,2690,4864
CLOCK_u128_s16_h2_c1062,0,194,128,16,2,67584,581,4283,4864
SRRIP_u128_s64_h1_c937,0,194,128,64,1,57344,0,4864,4864
BRRIP_u128_s64_h0_c937,11,194,128,64,0,57344,2687,2177,4864
BRRIP_u128_s64_h0_c937,29,194,128,64,0,57344,2687,2177,4864
BRRIP_u128_s64_h0_c937,47,194,128,64,0,57344,2688,2176,4864
LRU_u128_s4_h0_c1000,0,195,128,4,0,65536,0,4864,4864
LRU_u128_s16_h2_c1000,0,195,128,16,2,65536,616,4248,4864
LRU_u128_s64_h0_c1000,0,195,128,64,0,65536,0,4864,4864
FIFO_u128_s16_h2_c1062,0,195,128,16,2,67584,847,4017,4864
FIFO_u128_s64_h0_c1000,0,195,128,64,0,65536,0,4864,4864
RANDOM_u128_s64_h1_c937,11,195,128,64,1,57344,2200,2664,4864
RANDOM_u128_s64_h1_c937,29,195,128,64,1,57344,2195,2669,4864
RANDOM_u128_s64_h1_c937,47,195,128,64,1,57344,2190,2674,4864
CLOCK_u128_s16_h2_c1062,0,195,128,16,2,67584,847,4017,4864
SRRIP_u128_s64_h1_c937,0,195,128,64,1,57344,0,4864,4864
BRRIP_u128_s64_h0_c937,11,195,128,64,0,57344,2687,2177,4864
BRRIP_u128_s64_h0_c937,29,195,128,64,0,57344,2687,2177,4864
BRRIP_u128_s64_h0_c937,47,195,128,64,0,57344,2688,2176,4864
LRU_u128_s4_h0_c1000,0,196,128,4,0,65536,0,4864,4864
LRU_u128_s16_h2_c1000,0,196,128,16,2,65536,581,4283,4864
LRU_u128_s64_h0_c1000,0,196,128,64,0,65536,0,4864,4864
FIFO_u128_s16_h2_c1062,0,196,128,16,2,67584,581,4283,4864
FIFO_u128_s64_h0_c1000,0,196,128,64,0,65536,0,4864,4864
RANDOM_u128_s64_h1_c937,11,196,128,64,1,57344,2192,2672,4864
RANDOM_u128_s64_h1_c937,29,196,128,64,1,57344,2194,2670,4864
RANDOM_u128_s64_h1_c937,47,196,128,64,1,57344,2217,2647,4864
CLOCK_u128_s16_h2_c1062,0,196,128,16,2,67584,581,4283,4864
SRRIP_u128_s64_h1_c937,0,196,128,64,1,57344,0,4864,4864
BRRIP_u128_s64_h0_c937,11,196,128,64,0,57344,2688,2176,4864
BRRIP_u128_s64_h0_c937,29,196,128,64,0,57344,2688,2176,4864
BRRIP_u128_s64_h0_c937,47,196,128,64,0,57344,2688,2176,4864
LRU_u128_s4_h0_c1000,0,197,128,4,0,65536,0,4864,4864
LRU_u128_s16_h2_c1000,0,197,128,16,2,65536,616,4248,4864
LRU_u128_s64_h0_c1000,0,197,128,64,0,65536,0,4864,4864
FIFO_u128_s16_h2_c1062,0,197,128,16,2,67584,847,4017,4864
FIFO_u128_s64_h0_c1000,0,197,128,64,0,65536,0,4864,4864
RANDOM_u128_s64_h1_c937,11,197,128,64,1,57344,2212,2652,4864
RANDOM_u128_s64_h1_c937,29,197,128,64,1,57344,2211,2653,4864
RANDOM_u128_s64_h1_c937,47,197,128,64,1,57344,2223,2641,4864
CLOCK_u128_s16_h2_c1062,0,197,128,16,2,67584,847,4017,4864
SRRIP_u128_s64_h1_c937,0,197,128,64,1,57344,0,4864,4864
BRRIP_u128_s64_h0_c937,11,197,128,64,0,57344,2688,2176,4864
BRRIP_u128_s64_h0_c937,29,197,128,64,0,57344,2688,2176,4864
BRRIP_u128_s64_h0_c937,47,197,128,64,0,57344,2688,2176,4864
LRU_u128_s4_h0_c1000,0,198,128,4,0,65536,0,4864,4864
LRU_u128_s16_h2_c1000,0,198,128,16,2,65536,581,4283,4864
LRU_u128_s64_h0_c1000,0,198,128,64,0,65536,0,4864,4864
FIFO_u128_s16_h2_c1062,0,198,128,16,2,67584,581,4283,4864
FIFO_u128_s64_h0_c1000,0,198,128,64,0,65536,0,4864,4864
RANDOM_u128_s64_h1_c937,11,198,128,64,1,57344,2186,2678,4864
RANDOM_u128_s64_h1_c937,29,198,128,64,1,57344,2175,2689,4864
RANDOM_u128_s64_h1_c937,47,198,128,64,1,57344,2244,2620,4864
CLOCK_u128_s16_h2_c1062,0,198,128,16,2,67584,581,4283,4864
SRRIP_u128_s64_h1_c937,0,198,128,64,1,57344,0,4864,4864
BRRIP_u128_s64_h0_c937,11,198,128,64,0,57344,2688,2176,4864
BRRIP_u128_s64_h0_c937,29,198,128,64,0,57344,2687,2177,4864
BRRIP_u128_s64_h0_c937,47,198,128,64,0,57344,2687,2177,4864
LRU_u128_s4_h0_c1000,0,199,128,4,0,65536,0,4864,4864
LRU_u128_s16_h2_c1000,0,199,128,16,2,65536,616,4248,4864
LRU_u128_s64_h0_c1000,0,199,128,64,0,65536,0,4864,4864
FIFO_u128_s16_h2_c1062,0,199,128,16,2,67584,847,4017,4864
FIFO_u128_s64_h0_c1000,0,199,128,64,0,65536,0,4864,4864
RANDOM_u128_s64_h1_c937,11,199,128,64,1,57344,2186,2678,4864
RANDOM_u128_s64_h1_c937,29,199,128,64,1,57344,2191,2673,4864
RANDOM_u128_s64_h1_c937,47,199,128,64,1,57344,2178,2686,4864
CLOCK_u128_s16_h2_c1062,0,199,128,16,2,67584,847,4017,4864
SRRIP_u128_s64_h1_c937,0,199,128,64,1,57344,0,4864,4864
BRRIP_u128_s64_h0_c937,11,199,128,64,0,57344,2688,2176,4864
BRRIP_u128_s64_h0_c937,29,199,128,64,0,57344,2687,2177,4864
BRRIP_u128_s64_h0_c937,47,199,128,64,0,57344,2687,2177,4864
LRU_u128_s4_h0_c1000,0,200,128,4,0,65536,0,21504,21504
LRU_u128_s16_h2_c1000,0,200,128,16,2,65536,812,20692,21504
LRU_u128_s64_h0_c1000,0,200,128,64,0,65536,0,21504,21504
FIFO_u128_s16_h2_c1062,0,200,128,16,2,67584,1736,19768,21504
FIFO_u128_s64_h0_c1000,0,200,128,64,0,65536,0,21504,21504
RANDOM_u128_s64_h1_c937,11,200,128,64,1,57344,7612,13892,21504
RANDOM_u128_s64_h1_c937,29,200,128,64,1,57344,7636,13868,21504
RANDOM_u128_s64_h1_c937,47,200,128,64,1,57344,7652,13852,21504
CLOCK_u128_s16_h2_c1062,0,200,128,16,2,67584,1736,19768,21504
SRRIP_u128_s64_h1_c937,0,200,128,64,1,57344,0,21504,21504
BRRIP_u128_s64_h0_c937,11,200,128,64,0,57344,0,21504,21504
BRRIP_u128_s64_h0_c937,29,200,128,64,0,57344,0,21504,21504
BRRIP_u128_s64_h0_c937,47,200,128,64,0,57344,0,21504,21504
LRU_u128_s4_h0_c1000,0,201,128,4,0,65536,0,21504,21504
LRU_u128_s16_h2_c1000,0,201,128,16,2,65536,840,20664,21504
LRU_u128_s64_h0_c1000,0,201,128,64,0,65536,0,21504,21504
FIFO_u128_s16_h2_c1062,0,201,128,16,2,67584,840,20664,21504
FIFO_u128_s64_h0_c1000,0,201,128,64,0,65536,0,21504,21504
RANDOM_u128_s64_h1_c937,11,201,128,64,1,57344,7696,13808,21504
RANDOM_u128_s64_h1_c937,29,201,128,64,1,57344,7836,13668,21504
RANDOM_u128_s64_h1_c937,47,201,128,64,1,57344,7728,13776,21504
CLOCK_u128_s16_h2_c1062,0,201,128,16,2,67584,840,20664,21504
SRRIP_u128_s64_h1_c937,0,201,128,64,1,57344,0,21504,21504
BRRIP_u128_s64_h0_c937,11,201,128,64,0,57344,0,21504,21504
BRRIP_u128_s64_h0_c937,29,201,128,64,0,57344,0,21504,21504
BRRIP_u128_s64_h0_c937,47,201,128,64,0,57344,0,21504,21504
LRU_u128_s4_h0_c1000,0,202,128,4,0,65536,14317,7187,21504
LRU_u128_s16_h2_c1000,0,202,128,16,2,65536,14233,7271,21504
LRU_u128_s64_h0_c1000,0,202,128,64,0,65536,14317,7187,21504
FIFO_u128_s16_h2_c1062,0,202,128,16,2,67584,10900,10604,21504
FIFO_u128_s64_h0_c1000,0,202,128,64,0,65536,10108,11396,21504
RANDOM_u128_s64_h1_c937,11,202,128,64,1,57344,10524,10980,21504
RANDOM_u128_s64_h1_c937,29,202,128,64,1,57344,10520,10984,21504
RANDOM_u128_s64_h1_c937,47,202,128,64,1,57344,10600,10904,21504
CLOCK_u128_s16_h2_c1062,0,202,128,16,2,67584,10900,10604,21504
SRRIP_u128_s64_h1_c937,0,202,128,64,1,57344,12525,8979,21504
BRRIP_u128_s64_h0_c937,11,202,128,64,0,57344,12525,8979,21504
BRRIP_u128_s64_h0_c937,29,202,128,64,0,57344,12525,8979,21504
BRRIP_u128_s64_h0_c937,47,202,128,64,0,57344,12525,8979,21504
LRU_u128_s4_h0_c1000,0,203,128,4,0,65536,14317,7187,21504
LRU_u128_s16_h2_c1000,0,203,128,16,2,65536,14261,7243,21504
LRU_u128_s64_h0_c1000,0,203,128,64,0,65536,14317,7187,21504
FIFO_u128_s16_h2_c1062,0,203,128,16,2,67584,10520,10984,21504
FIFO_u128_s64_h0_c1000,0,203,128,64,0,65536,10108,11396,21504
RANDOM_u128_s64_h1_c937,11,203,128,64,1,57344,10548,10956,21504
RANDOM_u128_s64_h1_c937,29,203,128,64,1,57344,10656,10848,21504
RANDOM_u128_s64_h1_c937,47,203,128,64,1,57344,10680,10824,21504
CLOCK_u128_s16_h2_c1062,0,203,128,16,2,67584,10520,10984,21504
SRRIP_u128_s64_h1_c937,0,203,128,64,1,57344,12525,8979,21504
BRRIP_u128_s64_h0_c937,11,203,128,64,0,57344,12525,8979,21504
BRRIP_u128_s64_h0_c937,29,203,128,64,0,57344,12525,8979,21504
BRRIP_u128_s64_h0_c937,47,203,128,64,0,57344,12525,8979,21504
LRU_u128_s4_h0_c1000,0,204,128,4,0,65536,84,21420,21504
LRU_u128_s16_h2_c1000,0,204,128,16,2,65536,2044,19460,21504
LRU_u128_s64_h0_c1000,0,204,128,64,0,65536,1008,20496,21504
FIFO_u128_s16_h2_c1062,0,204,128,16,2,67584,1736,19768,21504
FIFO_u128_s64_h0_c1000,0,204,128,64,0,65536,0,21504,21504
RANDOM_u128_s64_h1_c937,11,204,128,64,1,57344,1738,19766,21504
RANDOM_u128_s64_h1_c937,29,204,128,64,1,57344,1768,19736,21504
RANDOM_u128_s64_h1_c937,47,204,128,64,1,57344,1822,19682,21504
CLOCK_u128_s16_h2_c1062,0,204,128,16,2,67584,2441,19063,21504
SRRIP_u128_s64_h1_c937,0,204,128,64,1,57344,1320,20184,21504
BRRIP_u128_s64_h0_c937,11,204,128,64,0,57344,8838,12666,21504
BRRIP_u128_s64_h0_c937,29,204,128,64,0,57344,8747,12757,21504
BRRIP_u128_s64_h0_c937,47,204,128,64,0,57344,8921,12583,21504
LRU_u128_s4_h0_c1000,0,205,128,4,0,65536,84,21420,21504
LRU_u128_s16_h2_c1000,0,205,128,16,2,65536,1932,19572,21504
LRU_u128_s64_h0_c1000,0,205,128,64,0,65536,1008,20496,21504
FIFO_u128_s16_h2_c1062,0,205,128,16,2,67584,840,20664,21504
FIFO_u128_s64_h0_c1000,0,205,128,64,0,65536,0,21504,21504
RANDOM_u128_s64_h1_c937,11,205,128,64,1,57344,1750,19754,21504
RANDOM_u128_s64_h1_c937,29,205,128,64,1,57344,1782,19722,21504
RANDOM_u128_s64_h1_c937,47,205,128,64,1,57344,1747,19757,21504
CLOCK_u128_s16_h2_c1062,0,205,128,16,2,67584,1735,19769,21504
SRRIP_u128_s64_h1_c937,0,205,128,64,1,57344,1398,20106,21504
BRRIP_u128_s64_h0_c937,11,205,128,64,0,57344,8838,12666,21504
BRRIP_u128_s64_h0_c937,29,205,128,64,0,57344,8747,12757,21504
BRRIP_u128_s64_h0_c937,47,205,128,64,0,57344,8921,12583,21504
LRU_u128_s4_h0_c1000,0,206,128,4,0,65536,168,21336,21504
LRU_u128_s16_h2_c1000,0,206,128,16,2,65536,1988,19516,21504
LRU_u128_s64_h0_c1000,0,206,128,64,0,65536,644,20860,21504
FIFO_u128_s16_h2_c1062,0,206,128,16,2,67584,1736,19768,21504
FIFO_u128_s64_h0_c1000,0,206,128,64,0,65536,0,21504,21504
RANDOM_u128_s64_h1_c937,11,206,128,64,1,57344,1771,19733,21504
RANDOM_u128_s64_h1_c937,29,206,128,64,1,57344,1658,19846,21504
RANDOM_u128_s64_h1_c937,47,206,128,64,1,57344,1771,19733,21504
CLOCK_u128_s16_h2_c1062,0,206,128,16,2,67584,2638,18866,21504
SRRIP_u128_s64_h1_c937,0,206,128,64,1,57344,1467,20037,21504
BRRIP_u128_s64_h0_c937,11,206,128,64,0,57344,8871,12633,21504
BRRIP_u128_s64_h0_c937,29,206,128,64,0,57344,8820,12684,21504
BRRIP_u128_s64_h0_c937,47,206,128,64,0,57344,8746,12758,21504
LRU_u128_s4_h0_c1000,0,207,128,4,0,65536,168,21336,21504
LRU_u128_s16_h2_c1000,0,207,128,16,2,65536,2128,19376,21504
LRU_u128_s64_h0_c1000,0,207,128,64,0,65536,644,20860,21504
FIFO_u128_s16_h2_c1062,0,207,128,16,2,67584,840,20664,21504
FIFO_u128_s64_h0_c1000,0,207,128,64,0,65536,0,21504,21504
RANDOM_u128_s64_h1_c937,11,207,128,64,1,57344,1712,19792,21504
RANDOM_u128_s64_h1_c937,29,207,128,64,1,57344,1599,19905,21504
RANDOM_u128_s64_h1_c937,47,207,128,64,1,57344,1671,19833,21504
CLOCK_u128_s16_h2_c1062,0,207,128,16,2,67584,1664,19840,21504
SRRIP_u128_s64_h1_c937,0,207,128,64,1,57344,1242,20262,21504
BRRIP_u128_s64_h0_c937,11,207,128,64,0,57344,8871,12633,21504
BRRIP_u128_s64_h0_c937,29,207,128,64,0,57344,8820,12684,21504
BRRIP_u128_s64_h0_c937,47,207,128,64,0,57344,8746,12758,21504
LRU_u128_s4_h0_c1000,0,208,128,4,0,65536,224,21280,21504
LRU_u128_s16_h2_c1000,0,208,128,16,2,65536,2128,19376,21504
LRU_u128_s64_h0_c1000,0,208,128,64,0,65536,1092,20412,21504
FIFO_u128_s16_h2_c1062,0,208,128,16,2,67584,1736,19768,21504
FIFO_u128_s64_h0_c1000,0,208,128,64,0,65536,0,21504,21504
RANDOM_u128_s64_h1_c937,11,208,128,64,1,57344,1822,19682,21504
RANDOM_u128_s64_h1_c937,29,208,128,64,1,57344,1762,19742,21504
RANDOM_u128_s64_h1_c937,47,208,128,64,1,57344,1652,19852,21504
CLOCK_u128_s16_h2_c1062,0,208,128,16,2,67584,2329,19175,21504
SRRIP_u128_s64_h1_c937,0,208,128,64,1,57344,1338,20166,21504
BRRIP_u128_s64_h0_c937,11,208,128,64,0,57344,8703,12801,21504
BRRIP_u128_s64_h0_c937,29,208,128,64,0,57344,8612,12892,21504
BRRIP_u128_s64_h0_c937,47,208,128,64,0,57344,8589,12915,21504
LRU_u128_s4_h0_c1000,0,209,128,4,0,65536,224,21280,21504
LRU_u128_s16_h2_c1000,0,209,128,16,2,65536,1820,19684,21504
LRU_u128_s64_h0_c1000,0,209,128,64,0,65536,1092,20412,21504
FIFO_u128_s16_h2_c1062,0,209,128,16,2,67584,840,20664,21504
FIFO_u128_s64_h0_c1000,0,209,128,64,0,65536,0,21504,21504
RANDOM_u128_s64_h1_c937,11,209,128,64,1,57344,1648,19856,21504
RANDOM_u128_s64_h1_c937,29,209,128,64,1,57344,1723,19781,21504
RANDOM_u128_s64_h1_c937,47,209,128,64,1,57344,1774,19730,21504
CLOCK_u128_s16_h2_c1062,0,209,128,16,2,67584,1491,20013,21504
SRRIP_u128_s64_h1_c937,0,209,128,64,1,57344,1213,20291,21504
BRRIP_u128_s64_h0_c937,11,209,128,64,0,57344,8703,12801,21504
BRRIP_u128_s64_h0_c937,29,209,128,64,0,57344,8612,12892,21504
BRRIP_u128_s64_h0_c937,47,209,128,64,0,57344,8589,12915,21504
LRU_u128_s4_h0_c1000,0,210,128,4,0,65536,0,5376,5376
LRU_u128_s16_h2_c1000,0,210,128,16,2,65536,203,5173,5376
LRU_u128_s64_h0_c1000,0,210,128,64,0,65536,0,5376,5376
FIFO_u128_s16_h2_c1062,0,210,128,16,2,67584,434,4942,5376
FIFO_u128_s64_h0_c1000,0,210,128,64,0,65536,0,5376,5376
RANDOM_u128_s64_h1_c937,11,210,128,64,1,57344,1903,3473,5376
RANDOM_u128_s64_h1_c937,29,210,128,64,1,57344,1909,3467,5376
RANDOM_u128_s64_h1_c937,47,210,128,64,1,57344,1913,3463,5376
CLOCK_u128_s16_h2_c1062,0,210,128,16,2,67584,434,4942,5376
SRRIP_u128_s64_h1_c937,0,210,128,64,1,57344,0,5376,5376
BRRIP_u128_s64_h0_c937,11,210,128,64,0,57344,2687,2689,5376
BRRIP_u128_s64_h0_c937,29,210,128,64,0,57344,2685,2691,5376
BRRIP_u128_s64_h0_c937,47,210,128,64,0,57344,2688,2688,5376
LRU_u128_s4_h0_c1000,0,211,128,4,0,65536,0,5376,5376
LRU_u128_s16_h2_c1000,0,211,128,16,2,65536,210,5166,5376
LRU_u128_s64_h0_c1000,0,211,128,64,0,65536,0,5376,5376
FIFO_u128_s16_h2_c1062,0,211,128,16,2,67584,210,5166,5376
FIFO_u128_s64_h0_c1000,0,211,128,64,0,65536,0,5376,5376
RANDOM_u128_s64_h1_c937,11,211,128,64,1,57344,1924,3452,5376
RANDOM_u128_s64_h1_c937,29,211,128,64,1,57344,1959,3417,5376
RANDOM_u128_s64_h1_c937,47,211,128,64,1,57344,1932,3444,5376
CLOCK_u128_s16_h2_c1062,0,211,128,16,2,67584,210,5166,5376
SRRIP_u128_s64_h1_c937,0,211,128,64,1,57344,0,5376,5376
BRRIP_u128_s64_h0_c937,11,211,128,64,0,57344,2687,2689,5376
BRRIP_u128_s64_h0_c937,29,211,128,64,0,57344,2685,2691,5376
BRRIP_u128_s64_h0_c937,47,211,128,64,0,57344,2688,2688,5376
LRU_u128_s4_h0_c1000,0,212,128,4,0,65536,3577,1799,5376
LRU_u128_s16_h2_c1000,0,212,128,16,2,65536,3556,1820,5376
LRU_u128_s64_h0_c1000,0,212,128,64,0,65536,3577,1799,5376
FIFO_u128_s16_h2_c1062,0,212,128,16,2,67584,2725,2651,5376
FIFO_u128_s64_h0_c1000,0,212,128,64,0,65536,2527,2849,5376
RANDOM_u128_s64_h1_c937,11,212,128,64,1,57344,2631,2745,5376
RANDOM_u128_s64_h1_c937,29,212,128,64,1,57344,2630,2746,5376
RANDOM_u128_s64_h1_c937,47,212,128,64,1,57344,2650,2726,5376
CLOCK_u128_s16_h2_c1062,0,212,128,16,2,67584,2725,2651,5376
SRRIP_u128_s64_h1_c937,0,212,128,64,1,57344,3119,2257,5376
BRRIP_u128_s64_h0_c937,11,212,128,64,0,57344,2689,2687,5376
BRRIP_u128_s64_h0_c937,29,212,128,64,0,57344,2682,2694,5376
BRRIP_u128_s64_h0_c937,47,212,128,64,0,57344,2688,2688,5376
LRU_u128_s4_h0_c1000,0,213,128,4,0,65536,3577,1799,5376
LRU_u128_s16_h2_c1000,0,213,128,16,2,65536,3563,1813,5376
LRU_u128_s64_h0_c1000,0,213,128,64,0,65536,3577,1799,5376
FIFO_u128_s16_h2_c1062,0,213,128,16,2,67584,2630,2746,5376
FIFO_u128_s64_h0_c1000,0,213,128,64,0,65536,2527,2849,5376
RANDOM_u128_s64_h1_c937,11,213,128,64,1,57344,2637,2739,5376
RANDOM_u128_s64_h1_c937,29,213,128,64,1,57344,2664,2712,5376
RANDOM_u128_s64_h1_c937,47,213,128,64,1,57344,2670,2706,5376
CLOCK_u128_s16_h2_c1062,0,213,128,16,2,67584,2630,2746,5376
SRRIP_u128_s64_h1_c937,0,213,128,64,1,57344,3119,2257,5376
BRRIP_u128_s64_h0_c937,11,213,128,64,0,57344,2689,2687,5376
BRRIP_u128_s64_h0_c937,29,213,128,64,0,57344,2682,2694,5376
BRRIP_u128_s64_h0_c937,47,213,128,64,0,57344,2688,2688,5376
LRU_u128_s4_h0_c1000,0,214,128,4,0,65536,0,5376,5376
LRU_u128_s16_h2_c1000,0,214,128,16,2,65536,203,5173,5376
LRU_u128_s64_h0_c1000,0,214,128,64,0,65536,0,5376,5376
FIFO_u128_s16_h2_c1062,0,214,128,16,2,67584,434,4942,5376
FIFO_u128_s64_h0_c1000,0,214,128,64,0,65536,0,5376,5376
RANDOM_u128_s64_h1_c937,11,214,128,64,1,57344,1929,3447,5376
RANDOM_u128_s64_h1_c937,29,214,128,64,1,57344,1917,3459,5376
RANDOM_u128_s64_h1_c937,47,214,128,64,1,57344,1904,3472,5376
CLOCK_u128_s16_h2_c1062,0,214,128,16,2,67584,434,4942,5376
SRRIP_u128_s64_h1_c937,0,214,128,64,1,57344,0,5376,5376
BRRIP_u128_s64_h0_c937,11,214,128,64,0,57344,2687,2689,5376
BRRIP_u128_s64_h0_c937,29,214,128,64,0,57344,2684,2692,5376
BRRIP_u128_s64_h0_c937,47,214,128,64,0,57344,2687,2689,5376
LRU_u128_s4_h0_c1000,0,215,128,4,0,65536,0,5376,5376
LRU_u128_s16_h2_c1000,0,215,128,16,2,65536,210,5166,5376
LRU_u128_s64_h0_c1000,0,215,128,64,0,65536,0,5376,5376
FIFO_u128_s16_h2_c1062,0,215,128,16,2,67584,210,5166,5376
FIFO_u128_s64_h0_c1000,0,215,128,64,0,65536,0,5376,5376
RANDOM_u128_s64_h1_c937,11,215,128,64,1,57344,1899,3477,5376
RANDOM_u128_s64_h1_c937,29,215,128,64,1,57344,1925,3451,5376
RANDOM_u128_s64_h1_c937,47,215,128,64,1,57344,1921,3455,5376
CLOCK_u128_s16_h2_c1062,0,215,128,16,2,67584,210,5166,5376
SRRIP_u128_s64_h1_c937,0,215,128,64,1,57344,0,5376,5376
BRRIP_u128_s64_h0_c937,11,215,128,64,0,57344,2687,2689,5376
BRRIP_u128_s64_h0_c937,29,215,128,64,0,57344,2684,2692,5376
BRRIP_u128_s64_h0_c937,47,215,128,64,0,57344,2687,2689,5376
LRU_u128_s4_h0_c1000,0,216,128,4,0,65536,0,5376,5376
LRU_u128_s16_h2_c1000,0,216,128,16,2,65536,203,5173,5376
LRU_u128_s64_h0_c1000,0,216,128,64,0,65536,0,5376,5376
FIFO_u128_s16_h2_c1062,0,216,128,16,2,67584,434,4942,5376
FIFO_u128_s64_h0_c1000,0,216,128,64,0,65536,0,5376,5376
RANDOM_u128_s64_h1_c937,11,216,128,64,1,57344,1914,3462,5376
RANDOM_u128_s64_h1_c937,29,216,128,64,1,57344,1944,3432,5376
RANDOM_u128_s64_h1_c937,47,216,128,64,1,57344,1936,3440,5376
CLOCK_u128_s16_h2_c1062,0,216,128,16,2,67584,434,4942,5376
SRRIP_u128_s64_h1_c937,0,216,128,64,1,57344,0,5376,5376
BRRIP_u128_s64_h0_c937,11,216,128,64,0,57344,2687,2689,5376
BRRIP_u128_s64_h0_c937,29,216,128,64,0,57344,2685,2691,5376
BRRIP_u128_s64_h0_c937,47,216,128,64,0,57344,2688,2688,5376
LRU_u128_s4_h0_c1000,0,217,128,4,0,65536,0,5376,5376
LRU_u128_s16_h2_c1000,0,217,128,16,2,65536,210,5166,5376
LRU_u128_s64_h0_c1000,0,217,128,64,0,65536,0,5376,5376
FIFO_u128_s16_h2_c1062,0,217,128,16,2,67584,210,5166,5376
FIFO_u128_s64_h0_c1000,0,217,128,64,0,65536,0,5376,5376
RANDOM_u128_s64_h1_c937,11,217,128,64,1,57344,1910,3466,5376
RANDOM_u128_s64_h1_c937,29,217,128,64,1,57344,1921,3455,5376
RANDOM_u128_s64_h1_c937,47,217,128,64,1,57344,1953,3423,5376
CLOCK_u128_s16_h2_c1062,0,217,128,16,2,67584,210,5166,5376
SRRIP_u128_s64_h1_c937,0,217,128,64,1,57344,0,5376,5376
BRRIP_u128_s64_h0_c937,11,217,128,64,0,57344,2687,2689,5376
BRRIP_u128_s64_h0_c937,29,217,128,64,0,57344,2685,2691,5376
BRRIP_u128_s64_h0_c937,47,217,128,64,0,57344,2688,2688,5376
LRU_u128_s4_h0_c1000,0,218,128,4,0,65536,0,5376,5376
LRU_u128_s16_h2_c1000,0,218,128,16,2,65536,203,5173,5376
LRU_u128_s64_h0_c1000,0,218,128,64,0,65536,0,5376,5376
FIFO_u128_s16_h2_c1062,0,218,128,16,2,67584,434,4942,5376
FIFO_u128_s64_h0_c1000,0,218,128,64,0,65536,0,5376,5376
RANDOM_u128_s64_h1_c937,11,218,128,64,1,57344,1870,3506,5376
RANDOM_u128_s64_h1_c937,29,218,128,64,1,57344,1920,3456,5376
RANDOM_u128_s64_h1_c937,47,218,128,64,1,57344,1907,3469,5376
CLOCK_u128_s16_h2_c1062,0,218,128,16,2,67584,434,4942,5376
SRRIP_u128_s64_h1_c937,0,218,128,64,1,57344,0,5376,5376
BRRIP_u128_s64_h0_c937,11,218,128,64,0,57344,2686,2690,5376
BRRIP_u128_s64_h0_c937,29,218,128,64,0,57344,2687,2689,5376
BRRIP_u128_s64_h0_c937,47,218,128,64,0,57344,2687,2689,5376
LRU_u128_s4_h0_c1000,0,219,128,4,0,65536,0,5376,5376
LRU_u128_s16_h2_c1000,0,219,128,16,2,65536,210,5166,5376
LRU_u128_s64_h0_c1000,0,219,128,64,0,65536,0,5376,5376
FIFO_u128_s16_h2_c1062,0,219,128,16,2,67584,210,5166,5376
FIFO_u128_s64_h0_c1000,0,219,128,64,0,65536,0,5376,5376
RANDOM_u128_s64_h1_c937,11,219,128,64,1,57344,1924,3452,5376
RANDOM_u128_s64_h1_c937,29,219,128,64,1,57344,1901,3475,5376
RANDOM_u128_s64_h1_c937,47,219,128,64,1,57344,1904,3472,5376
CLOCK_u128_s16_h2_c1062,0,219,128,16,2,67584,210,5166,5376
SRRIP_u128_s64_h1_c937,0,219,128,64,1,57344,0,5376,5376
BRRIP_u128_s64_h0_c937,11,219,128,64,0,57344,2686,2690,5376
BRRIP_u128_s64_h0_c937,29,219,128,64,0,57344,2687,2689,5376
BRRIP_u128_s64_h0_c937,47,219,128,64,0,57344,2687,2689,5376
LRU_u128_s4_h0_c1000,0,220,128,4,0,65536,0,26624,26624
LRU_u128_s16_h2_c1000,0,220,128,16,2,65536,0,26624,26624
LRU_u128_s64_h0_c1000,0,220,128,64,0,65536,0,26624,26624
FIFO_u128_s16_h2_c1062,0,220,128,16,2,67584,0,26624,26624
FIFO_u128_s64_h0_c1000,0,220,128,64,0,65536,0,26624,26624
RANDOM_u128_s64_h1_c937,11,220,128,64,1,57344,5568,21056,26624
RANDOM_u128_s64_h1_c937,29,220,128,64,1,57344,5548,21076,26624
RANDOM_u128_s64_h1_c937,47,220,128,64,1,57344,5640,20984,26624
CLOCK_u128_s16_h2_c1062,0,220,128,16,2,67584,0,26624,26624
SRRIP_u128_s64_h1_c937,0,220,128,64,1,57344,0,26624,26624
BRRIP_u128_s64_h0_c937,11,220,128,64,0,57344,0,26624,26624
BRRIP_u128_s64_h0_c937,29,220,128,64,0,57344,0,26624,26624
BRRIP_u128_s64_h0_c937,47,220,128,64,0,57344,0,26624,26624
LRU_u128_s4_h0_c1000,0,221,128,4,0,65536,0,26624,26624
LRU_u128_s16_h2_c1000,0,221,128,16,2,65536,0,26624,26624
LRU_u128_s64_h0_c1000,0,221,128,64,0,65536,0,26624,26624
FIFO_u128_s16_h2_c1062,0,221,128,16,2,67584,0,26624,26624
FIFO_u128_s64_h0_c1000,0,221,128,64,0,65536,0,26624,26624
RANDOM_u128_s64_h1_c937,11,221,128,64,1,57344,5512,21112,26624
RANDOM_u128_s64_h1_c937,29,221,128,64,1,57344,5448,21176,26624
RANDOM_u128_s64_h1_c937,47,221,128,64,1,57344,5440,21184,26624
CLOCK_u128_s16_h2_c1062,0,221,128,16,2,67584,0,26624,26624
SRRIP_u128_s64_h1_c937,0,221,128,64,1,57344,0,26624,26624
BRRIP_u128_s64_h0_c937,11,221,128,64,0,57344,0,26624,26624
BRRIP_u128_s64_h0_c937,29,221,128,64,0,57344,0,26624,26624
BRRIP_u128_s64_h0_c937,47,221,128,64,0,57344,0,26624,26624
LRU_u128_s4_h0_c1000,0,222,128,4,0,65536,14317,12307,26624
LRU_u128_s16_h2_c1000,0,222,128,16,2,65536,14317,12307,26624
LRU_u128_s64_h0_c1000,0,222,128,64,0,65536,14317,12307,26624
FIFO_u128_s16_h2_c1062,0,222,128,16,2,67584,12092,14532,26624
FIFO_u128_s64_h0_c1000,0,222,128,64,0,65536,12028,14596,26624
RANDOM_u128_s64_h1_c937,11,222,128,64,1,57344,9968,16656,26624
RANDOM_u128_s64_h1_c937,29,222,128,64,1,57344,9992,16632,26624
RANDOM_u128_s64_h1_c937,47,222,128,64,1,57344,9724,16900,26624
CLOCK_u128_s16_h2_c1062,0,222,128,16,2,67584,12092,14532,26624
SRRIP_u128_s64_h1_c937,0,222,128,64,1,57344,12525,14099,26624
BRRIP_u128_s64_h0_c937,11,222,128,64,0,57344,12525,14099,26624
BRRIP_u128_s64_h0_c937,29,222,128,64,0,57344,12525,14099,26624
BRRIP_u128_s64_h0_c937,47,222,128,64,0,57344,12525,14099,26624
LRU_u128_s4_h0_c1000,0,223,128,4,0,65536,14317,12307,26624
LRU_u128_s16_h2_c1000,0,223,128,16,2,65536,14317,12307,26624
LRU_u128_s64_h0_c1000,0,223,128,64,0,65536,14317,12307,26624
FIFO_u128_s16_h2_c1062,0,223,128,16,2,67584,12092,14532,26624
FIFO_u128_s64_h0_c1000,0,223,128,64,0,65536,12028,14596,26624
RANDOM_u128_s64_h1_c937,11,223,128,64,1,57344,9919,16705,26624
RANDOM_u128_s64_h1_c937,29,223,128,64,1,57344,10091,16533,26624
RANDOM_u128_s64_h1_c937,47,223,128,64,1,57344,10007,16617,26624
CLOCK_u128_s16_h2_c1062,0,223,128,16,2,67584,12092,14532,26624
SRRIP_u128_s64_h1_c937,0,223,128,64,1,57344,12525,14099,26624
BRRIP_u128_s64_h0_c937,11,223,128,64,0,57344,12525,14099,26624
BRRIP_u128_s64_h0_c937,29,223,128,64,0,57344,12525,14099,26624
BRRIP_u128_s64_h0_c937,47,223,128,64,0,57344,12525,14099,26624
LRU_u128_s4_h0_c1000,0,224,128,4,0,65536,0,26624,26624
LRU_u128_s16_h2_c1000,0,224,128,16,2,65536,0,26624,26624
LRU_u128_s64_h0_c1000,0,224,128,64,0,65536,0,26624,26624
FIFO_u128_s16_h2_c1062,0,224,128,16,2,67584,0,26624,26624
FIFO_u128_s64_h0_c1000,0,224,128,64,0,65536,0,26624,26624
RANDOM_u128_s64_h1_c937,11,224,128,64,1,57344,409,26215,26624
RANDOM_u128_s64_h1_c937,29,224,128,64,1,57344,457,26167,26624
RANDOM_u128_s64_h1_c937,47,224,128,64,1,57344,383,26241,26624
CLOCK_u128_s16_h2_c1062,0,224,128,16,2,67584,35,26589,26624
SRRIP_u128_s64_h1_c937,0,224,128,64,1,57344,51,26573,26624
BRRIP_u128_s64_h0_c937,11,224,128,64,0,57344,8539,18085,26624
BRRIP_u128_s64_h0_c937,29,224,128,64,0,57344,8725,17899,26624
BRRIP_u128_s64_h0_c937,47,224,128,64,0,57344,8652,17972,26624
LRU_u128_s4_h0_c1000,0,225,128,4,0,65536,0,26624,26624
LRU_u128_s16_h2_c1000,0,225,128,16,2,65536,28,26596,26624
LRU_u128_s64_h0_c1000,0,225,128,64,0,65536,0,26624,26624
FIFO_u128_s16_h2_c1062,0,225,128,16,2,67584,0,26624,26624
FIFO_u128_s64_h0_c1000,0,225,128,64,0,65536,0,26624,26624
RANDOM_u128_s64_h1_c937,11,225,128,64,1,57344,448,26176,26624
RANDOM_u128_s64_h1_c937,29,225,128,64,1,57344,461,26163,26624
RANDOM_u128_s64_h1_c937,47,225,128,64,1,57344,373,26251,26624
CLOCK_u128_s16_h2_c1062,0,225,128,16,2,67584,36,26588,26624
SRRIP_u128_s64_h1_c937,0,225,128,64,1,57344,70,26554,26624
BRRIP_u128_s64_h0_c937,11,225,128,64,0,57344,8539,18085,26624
BRRIP_u128_s64_h0_c937,29,225,128,64,0,57344,8725,17899,26624
BRRIP_u128_s64_h0_c937,47,225,128,64,0,57344,8652,17972,26624
LRU_u128_s4_h0_c1000,0,226,128,4,0,65536,0,26624,26624
LRU_u128_s16_h2_c1000,0,226,128,16,2,65536,28,26596,26624
LRU_u128_s64_h0_c1000,0,226,128,64,0,65536,0,26624,26624
FIFO_u128_s16_h2_c1062,0,226,128,16,2,67584,0,26624,26624
FIFO_u128_s64_h0_c1000,0,226,128,64,0,65536,0,26624,26624
RANDOM_u128_s64_h1_c937,11,226,128,64,1,57344,350,26274,26624
RANDOM_u128_s64_h1_c937,29,226,128,64,1,57344,402,26222,26624
RANDOM_u128_s64_h1_c937,47,226,128,64,1,57344,386,26238,26624
CLOCK_u128_s16_h2_c1062,0,226,128,16,2,67584,27,26597,26624
SRRIP_u128_s64_h1_c937,0,226,128,64,1,57344,32,26592,26624
BRRIP_u128_s64_h0_c937,11,226,128,64,0,57344,8890,17734,26624
BRRIP_u128_s64_h0_c937,29,226,128,64,0,57344,9296,17328,26624
BRRIP_u128_s64_h0_c937,47,226,128,64,0,57344,9100,17524,26624
LRU_u128_s4_h0_c1000,0,227,128,4,0,65536,0,26624,26624
LRU_u128_s16_h2_c1000,0,227,128,16,2,65536,28,26596,26624
LRU_u128_s64_h0_c1000,0,227,128,64,0,65536,0,26624,26624
FIFO_u128_s16_h2_c1062,0,227,128,16,2,67584,0,26624,26624
FIFO_u128_s64_h0_c1000,0,227,128,64,0,65536,0,26624,26624
RANDOM_u128_s64_h1_c937,11,227,128,64,1,57344,394,26230,26624
RANDOM_u128_s64_h1_c937,29,227,128,64,1,57344,347,26277,26624
RANDOM_u128_s64_h1_c937,47,227,128,64,1,57344,341,26283,26624
CLOCK_u128_s16_h2_c1062,0,227,128,16,2,67584,49,26575,26624
SRRIP_u128_s64_h1_c937,0,227,128,64,1,57344,14,26610,26624
BRRIP_u128_s64_h0_c937,11,227,128,64,0,57344,8890,17734,26624
BRRIP_u128_s64_h0_c937,29,227,128,64,0,57344,9296,17328,26624
BRRIP_u128_s64_h0_c937,47,227,128,64,0,57344,9100,17524,26624
LRU_u128_s4_h0_c1000,0,228,128,4,0,65536,0,26624,26624
LRU_u128_s16_h2_c1000,0,228,128,16,2,65536,0,26624,26624
LRU_u128_s64_h0_c1000,0,228,128,64,0,65536,0,26624,26624
FIFO_u128_s16_h2_c1062,0,228,128,16,2,67584,0,26624,26624
FIFO_u128_s64_h0_c1000,0,228,128,64,0,65536,0,26624,26624
RANDOM_u128_s64_h1_c937,11,228,128,64,1,57344,531,26093,26624
RANDOM_u128_s64_h1_c937,29,228,128,64,1,57344,450,26174,26624
RANDOM_u128_s64_h1_c937,47,228,128,64,1,57344,407,26217,26624
CLOCK_u128_s16_h2_c1062,0,228,128,16,2,67584,2,26622,26624
SRRIP_u128_s64_h1_c937,0,228,128,64,1,57344,10,26614,26624
BRRIP_u128_s64_h0_c937,11,228,128,64,0,57344,8894,17730,26624
BRRIP_u128_s64_h0_c937,29,228,128,64,0,57344,8645,17979,26624
BRRIP_u128_s64_h0_c937,47,228,128,64,0,57344,8800,17824,26624
LRU_u128_s4_h0_c1000,0,229,128,4,0,65536,0,26624,26624
LRU_u128_s16_h2_c1000,0,229,128,16,2,65536,0,26624,26624
LRU_u128_s64_h0_c1000,0,229,128,64,0,65536,0,26624,26624
FIFO_u128_s16_h2_c1062,0,229,128,16,2,67584,0,26624,26624
FIFO_u128_s64_h0_c1000,0,229,128,64,0,65536,0,26624,26624
RANDOM_u128_s64_h1_c937,11,229,128,64,1,57344,411,26213,26624
RANDOM_u128_s64_h1_c937,29,229,128,64,1,57344,437,26187,26624
RANDOM_u128_s64_h1_c937,47,229,128,64,1,57344,374,26250,26624
CLOCK_u128_s16_h2_c1062,0,229,128,16,2,67584,74,26550,26624
SRRIP_u128_s64_h1_c937,0,229,128,64,1,57344,19,26605,26624
BRRIP_u128_s64_h0_c937,11,229,128,64,0,57344,8894,17730,26624
BRRIP_u128_s64_h0_c937,29,229,128,64,0,57344,8645,17979,26624
BRRIP_u128_s64_h0_c937,47,229,128,64,0,57344,8800,17824,26624
LRU_u128_s4_h0_c1000,0,230,128,4,0,65536,0,6656,6656
LRU_u128_s16_h2_c1000,0,230,128,16,2,65536,0,6656,6656
LRU_u128_s64_h0_c1000,0,230,128,64,0,65536,0,6656,6656
FIFO_u128_s16_h2_c1062,0,230,128,16,2,67584,0,6656,6656
FIFO_u128_s64_h0_c1000,0,230,128,64,0,65536,0,6656,6656
RANDOM_u128_s64_h1_c937,11,230,128,64,1,57344,1392,5264,6656
RANDOM_u128_s64_h1_c937,29,230,128,64,1,57344,1387,5269,6656
RANDOM_u128_s64_h1_c937,47,230,128,64,1,57344,1410,5246,6656
CLOCK_u128_s16_h2_c1062,0,230,128,16,2,67584,0,6656,6656
SRRIP_u128_s64_h1_c937,0,230,128,64,1,57344,0,6656,6656
BRRIP_u128_s64_h0_c937,11,230,128,64,0,57344,2687,3969,6656
BRRIP_u128_s64_h0_c937,29,230,128,64,0,57344,2684,3972,6656
BRRIP_u128_s64_h0_c937,47,230,128,64,0,57344,2686,3970,6656
LRU_u128_s4_h0_c1000,0,231,128,4,0,65536,0,6656,6656
LRU_u128_s16_h2_c1000,0,231,128,16,2,65536,0,6656,6656
LRU_u128_s64_h0_c1000,0,231,128,64,0,65536,0,6656,6656
FIFO_u128_s16_h2_c1062,0,231,128,16,2,67584,0,6656,6656
FIFO_u128_s64_h0_c1000,0,231,128,64,0,65536,0,6656,6656
RANDOM_u128_s64_h1_c937,11,231,128,64,1,57344,1378,5278,6656
RANDOM_u128_s64_h1_c937,29,231,128,64,1,57344,1362,5294,6656
RANDOM_u128_s64_h1_c937,47,231,128,64,1,57344,1360,5296,6656
CLOCK_u128_s16_h2_c1062,0,231,128,16,2,67584,0,6656,6656
SRRIP_u128_s64_h1_c937,0,231,128,64,1,57344,0,6656,6656
BRRIP_u128_s64_h0_c937,11,231,128,64,0,57344,2687,3969,6656
BRRIP_u128_s64_h0_c937,29,231,128,64,0,57344,2684,3972,6656
BRRIP_u128_s64_h0_c937,47,231,128,64,0,57344,2686,3970,6656
LRU_u128_s4_h0_c1000,0,232,128,4,0,65536,3577,3079,6656
LRU_u128_s16_h2_c1000,0,232,128,16,2,65536,3577,3079,6656
LRU_u128_s64_h0_c1000,0,232,128,64,0,65536,3577,3079,6656
FIFO_u128_s16_h2_c1062,0,232,128,16,2,67584,3023,3633,6656
FIFO_u128_s64_h0_c1000,0,232,128,64,0,65536,3007,3649,6656
RANDOM_u128_s64_h1_c937,11,232,128,64,1,57344,2492,4164,6656
RANDOM_u128_s64_h1_c937,29,232,128,64,1,57344,2498,4158,6656
RANDOM_u128_s64_h1_c937,47,232,128,64,1,57344,2431,4225,6656
CLOCK_u128_s16_h2_c1062,0,232,128,16,2,67584,3023,3633,6656
SRRIP_u128_s64_h1_c937,0,232,128,64,1,57344,3116,3540,6656
BRRIP_u128_s64_h0_c937,11,232,128,64,0,57344,2677,3979,6656
BRRIP_u128_s64_h0_c937,29,232,128,64,0,57344,2671,3985,6656
BRRIP_u128_s64_h0_c937,47,232,128,64,0,57344,2676,3980,6656
LRU_u128_s4_h0_c1000,0,233,128,4,0,65536,3577,3079,6656
LRU_u128_s16_h2_c1000,0,233,128,16,2,65536,3577,3079,6656
LRU_u128_s64_h0_c1000,0,233,128,64,0,65536,3577,3079,6656
FIFO_u128_s16_h2_c1062,0,233,128,16,2,67584,3023,3633,6656
FIFO_u128_s64_h0_c1000,0,233,128,64,0,65536,3007,3649,6656
RANDOM_u128_s64_h1_c937,11,233,128,64,1,57344,2479,4177,6656
RANDOM_u128_s64_h1_c937,29,233,128,64,1,57344,2522,4134,6656
RANDOM_u128_s64_h1_c937,47,233,128,64,1,57344,2501,4155,6656
CLOCK_u128_s16_h2_c1062,0,233,128,16,2,67584,3023,3633,6656
SRRIP_u128_s64_h1_c937,0,233,128,64,1,57344,3116,3540,6656
BRRIP_u128_s64_h0_c937,11,233,128,64,0,57344,2677,3979,6656
BRRIP_u128_s64_h0_c937,29,233,128,64,0,57344,2671,3985,6656
BRRIP_u128_s64_h0_c937,47,233,128,64,0,57344,2676,3980,6656
LRU_u128_s4_h0_c1000,0,234,128,4,0,65536,0,6656,6656
LRU_u128_s16_h2_c1000,0,234,128,16,2,65536,0,6656,6656
LRU_u128_s64_h0_c1000,0,234,128,64,0,65536,0,6656,6656
FIFO_u128_s16_h2_c1062,0,234,128,16,2,67584,0,6656,6656
FIFO_u128_s64_h0_c1000,0,234,128,64,0,65536,0,6656,6656
RANDOM_u128_s64_h1_c937,11,234,128,64,1,57344,1384,5272,6656
RANDOM_u128_s64_h1_c937,29,234,128,64,1,57344,1356,5300,6656
RANDOM_u128_s64_h1_c937,47,234,128,64,1,57344,1374,5282,6656
CLOCK_u128_s16_h2_c1062,0,234,128,16,2,67584,0,6656,6656
SRRIP_u128_s64_h1_c937,0,234,128,64,1,57344,0,6656,6656
BRRIP_u128_s64_h0_c937,11,234,128,64,0,57344,2685,3971,6656
BRRIP_u128_s64_h0_c937,29,234,128,64,0,57344,2688,3968,6656
BRRIP_u128_s64_h0_c937,47,234,128,64,0,57344,2688,3968,6656
LRU_u128_s4_h0_c1000,0,235,128,4,0,65536,0,6656,6656
LRU_u128_s16_h2_c1000,0,235,128,16,2,65536,0,6656,6656
LRU_u128_s64_h0_c1000,0,235,128,64,0,65536,0,6656,6656
FIFO_u128_s16_h2_c1062,0,235,128,16,2,67584,0,6656,6656
FIFO_u128_s64_h0_c1000,0,235,128,64,0,65536,0,6656,6656
RANDOM_u128_s64_h1_c937,11,235,128,64,1,57344,1393,5263,6656
RANDOM_u128_s64_h1_c937,29,235,128,64,1,57344,1387,5269,6656
RANDOM_u128_s64_h1_c937,47,235,128,64,1,57344,1327,5329,6656
CLOCK_u128_s16_h2_c1062,0,235,128,16,2,67584,0,6656,6656
SRRIP_u128_s64_h1_c937,0,235,128,64,1,57344,0,6656,6656
BRRIP_u128_s64_h0_c937,11,235,128,64,0,57344,2685,3971,6656
BRRIP_u128_s64_h0_c937,29,235,128,64,0,57344,2688,3968,6656
BRRIP_u128_s64_h0_c937,47,235,128,64,0,57344,2688,3968,6656
LRU_u128_s4_h0_c1000,0,236,128,4,0,65536,0,6656,6656
LRU_u128_s16_h2_c1000,0,236,128,16,2,65536,0,6656,6656
LRU_u128_s64_h0_c1000,0,236,128,64,0,65536,0,6656,6656
FIFO_u128_s16_h2_c1062,0,236,128,16,2,67584,0,6656,6656
FIFO_u128_s64_h0_c1000,0,236,128,64,0,65536,0,6656,6656
RANDOM_u128_s64_h1_c937,11,236,128,64,1,57344,1396,5260,6656
RANDOM_u128_s64_h1_c937,29,236,128,64,1,57344,1378,5278,6656
RANDOM_u128_s64_h1_c937,47,236,128,64,1,57344,1397,5259,6656
CLOCK_u128_s16_h2_c1062,0,236,128,16,2,67584,0,6656,6656
SRRIP_u128_s64_h1_c937,0,236,128,64,1,57344,0,6656,6656
BRRIP_u128_s64_h0_c937,11,236,128,64,0,57344,2685,3971,6656
BRRIP_u128_s64_h0_c937,29,236,128,64,0,57344,2687,3969,6656
BRRIP_u128_s64_h0_c937,47,236,128,64,0,57344,2688,3968,6656
LRU_u128_s4_h0_c1000,0,237,128,4,0,65536,0,6656,6656
LRU_u128_s16_h2_c1000,0,237,128,16,2,65536,0,6656,6656
LRU_u128_s64_h0_c1000,0,237,128,64,0,65536,0,6656,6656
FIFO_u128_s16_h2_c1062,0,237,128,16,2,67584,0,6656,6656
FIFO_u128_s64_h0_c1000,0,237,128,64,0,65536,0,6656,6656
RANDOM_u128_s64_h1_c937,11,237,128,64,1,57344,1358,5298,6656
RANDOM_u128_s64_h1_c937,29,237,128,64,1,57344,1357,5299,6656
RANDOM_u128_s64_h1_c937,47,237,128,64,1,57344,1366,5290,6656
CLOCK_u128_s16_h2_c1062,0,237,128,16,2,67584,0,6656,6656
SRRIP_u128_s64_h1_c937,0,237,128,64,1,57344,0,6656,6656
BRRIP_u128_s64_h0_c937,11,237,128,64,0,57344,2685,3971,6656
BRRIP_u128_s64_h0_c937,29,237,128,64,0,57344,2687,3969,6656
BRRIP_u128_s64_h0_c937,47,237,128,64,0,57344,2688,3968,6656
LRU_u128_s4_h0_c1000,0,238,128,4,0,65536,0,6656,6656
LRU_u128_s16_h2_c1000,0,238,128,16,2,65536,0,6656,6656
LRU_u128_s64_h0_c1000,0,238,128,64,0,65536,0,6656,6656
FIFO_u128_s16_h2_c1062,0,238,128,16,2,67584,0,6656,6656
FIFO_u128_s64_h0_c1000,0,238,128,64,0,65536,0,6656,6656
RANDOM_u128_s64_h1_c937,11,238,128,64,1,57344,1404,5252,6656
RANDOM_u128_s64_h1_c937,29,238,128,64,1,57344,1373,5283,6656
RANDOM_u128_s64_h1_c937,47,238,128,64,1,57344,1384,5272,6656
CLOCK_u128_s16_h2_c1062,0,238,128,16,2,67584,0,6656,6656
SRRIP_u128_s64_h1_c937,0,238,128,64,1,57344,0,6656,6656
BRRIP_u128_s64_h0_c937,11,238,128,64,0,57344,2686,3970,6656
BRRIP_u128_s64_h0_c937,29,238,128,64,0,57344,2685,3971,6656
BRRIP_u128_s64_h0_c937,47,238,128,64,0,57344,2687,3969,6656
LRU_u128_s4_h0_c1000,0,239,128,4,0,65536,0,6656,6656
LRU_u128_s16_h2_c1000,0,239,128,16,2,65536,0,6656,6656
LRU_u128_s64_h0_c1000,0,239,128,64,0,65536,0,6656,6656
FIFO_u128_s16_h2_c1062,0,239,128,16,2,67584,0,6656,6656
FIFO_u128_s64_h0_c1000,0,239,128,64,0,65536,0,6656,6656
RANDOM_u128_s64_h1_c937,11,239,128,64,1,57344,1401,5255,6656
RANDOM_u128_s64_h1_c937,29,239,128,64,1,57344,1381,5275,6656
RANDOM_u128_s64_h1_c937,47,239,128,64,1,57344,1321,5335,6656
CLOCK_u128_s16_h2_c1062,0,239,128,16,2,67584,0,6656,6656
SRRIP_u128_s64_h1_c937,0,239,128,64,1,57344,0,6656,6656
BRRIP_u128_s64_h0_c937,11,239,128,64,0,57344,2686,3970,6656
BRRIP_u128_s64_h0_c937,29,239,128,64,0,57344,2685,3971,6656
BRRIP_u128_s64_h0_c937,47,239,128,64,0,57344,2687,3969,6656
LRU_u128_s4_h0_c1000,0,240,128,4,0,28672,3136,448,3584
LRU_u128_s16_h2_c1000,0,240,128,16,2,28672,3136,448,3584
LRU_u128_s64_h0_c1000,0,240,128,64,0,24576,3136,448,3584
FIFO_u128_s16_h2_c1062,0,240,128,16,2,28672,3136,448,3584
FIFO_u128_s64_h0_c1000,0,240,128,64,0,24576,3136,448,3584
RANDOM_u128_s64_h1_c937,11,240,128,64,1,24576,3136,448,3584
RANDOM_u128_s64_h1_c937,29,240,128,64,1,24576,3136,448,3584
RANDOM_u128_s64_h1_c937,47,240,128,64,1,24576,3136,448,3584
CLOCK_u128_s16_h2_c1062,0,240,128,16,2,28672,3136,448,3584
SRRIP_u128_s64_h1_c937,0,240,128,64,1,24576,3136,448,3584
BRRIP_u128_s64_h0_c937,11,240,128,64,0,24576,3136,448,3584
BRRIP_u128_s64_h0_c937,29,240,128,64,0,24576,3136,448,3584
BRRIP_u128_s64_h0_c937,47,240,128,64,0,24576,3136,448,3584
LRU_u128_s4_h0_c1000,0,241,128,4,0,28672,3136,448,3584
LRU_u128_s16_h2_c1000,0,241,128,16,2,28672,3136,448,3584
LRU_u128_s64_h0_c1000,0,241,128,64,0,24576,3136,448,3584
FIFO_u128_s16_h2_c1062,0,241,128,16,2,28672,3136,448,3584
FIFO_u128_s64_h0_c1000,0,241,128,64,0,24576,3136,448,3584
RANDOM_u128_s64_h1_c937,11,241,128,64,1,24576,3136,448,3584
RANDOM_u128_s64_h1_c937,29,241,128,64,1,24576,3136,448,3584
RANDOM_u128_s64_h1_c937,47,241,128,64,1,24576,3136,448,3584
CLOCK_u128_s16_h2_c1062,0,241,128,16,2,28672,3136,448,3584
SRRIP_u128_s64_h1_c937,0,241,128,64,1,24576,3136,448,3584
BRRIP_u128_s64_h0_c937,11,241,128,64,0,24576,3136,448,3584
BRRIP_u128_s64_h0_c937,29,241,128,64,0,24576,3136,448,3584
BRRIP_u128_s64_h0_c937,47,241,128,64,0,24576,3136,448,3584
LRU_u128_s4_h0_c1000,0,242,128,4,0,28672,3136,448,3584
LRU_u128_s16_h2_c1000,0,242,128,16,2,28672,3136,448,3584
LRU_u128_s64_h0_c1000,0,242,128,64,0,24576,3136,448,3584
FIFO_u128_s16_h2_c1062,0,242,128,16,2,28672,3136,448,3584
FIFO_u128_s64_h0_c1000,0,242,128,64,0,24576,3136,448,3584
RANDOM_u128_s64_h1_c937,11,242,128,64,1,24576,3136,448,3584
RANDOM_u128_s64_h1_c937,29,242,128,64,1,24576,3136,448,3584
RANDOM_u128_s64_h1_c937,47,242,128,64,1,24576,3136,448,3584
CLOCK_u128_s16_h2_c1062,0,242,128,16,2,28672,3136,448,3584
SRRIP_u128_s64_h1_c937,0,242,128,64,1,24576,3136,448,3584
BRRIP_u128_s64_h0_c937,11,242,128,64,0,24576,3136,448,3584
BRRIP_u128_s64_h0_c937,29,242,128,64,0,24576,3136,448,3584
BRRIP_u128_s64_h0_c937,47,242,128,64,0,24576,3136,448,3584
LRU_u128_s4_h0_c1000,0,243,128,4,0,28672,3136,448,3584
LRU_u128_s16_h2_c1000,0,243,128,16,2,28672,3136,448,3584
LRU_u128_s64_h0_c1000,0,243,128,64,0,24576,3136,448,3584
FIFO_u128_s16_h2_c1062,0,243,128,16,2,28672,3136,448,3584
FIFO_u128_s64_h0_c1000,0,243,128,64,0,24576,3136,448,3584
RANDOM_u128_s64_h1_c937,11,243,128,64,1,24576,3136,448,3584
RANDOM_u128_s64_h1_c937,29,243,128,64,1,24576,3136,448,3584
RANDOM_u128_s64_h1_c937,47,243,128,64,1,24576,3136,448,3584
CLOCK_u128_s16_h2_c1062,0,243,128,16,2,28672,3136,448,3584
SRRIP_u128_s64_h1_c937,0,243,128,64,1,24576,3136,448,3584
BRRIP_u128_s64_h0_c937,11,243,128,64,0,24576,3136,448,3584
BRRIP_u128_s64_h0_c937,29,243,128,64,0,24576,3136,448,3584
BRRIP_u128_s64_h0_c937,47,243,128,64,0,24576,3136,448,3584
LRU_u128_s4_h0_c1000,0,244,128,4,0,28672,3136,448,3584
LRU_u128_s16_h2_c1000,0,244,128,16,2,28672,3136,448,3584
LRU_u128_s64_h0_c1000,0,244,128,64,0,24576,3136,448,3584
FIFO_u128_s16_h2_c1062,0,244,128,16,2,28672,3136,448,3584
FIFO_u128_s64_h0_c1000,0,244,128,64,0,24576,3136,448,3584
RANDOM_u128_s64_h1_c937,11,244,128,64,1,24576,3136,448,3584
RANDOM_u128_s64_h1_c937,29,244,128,64,1,24576,3136,448,3584
RANDOM_u128_s64_h1_c937,47,244,128,64,1,24576,3136,448,3584
CLOCK_u128_s16_h2_c1062,0,244,128,16,2,28672,3136,448,3584
SRRIP_u128_s64_h1_c937,0,244,128,64,1,24576,3136,448,3584
BRRIP_u128_s64_h0_c937,11,244,128,64,0,24576,3136,448,3584
BRRIP_u128_s64_h0_c937,29,244,128,64,0,24576,3136,448,3584
BRRIP_u128_s64_h0_c937,47,244,128,64,0,24576,3136,448,3584
LRU_u128_s4_h0_c1000,0,245,128,4,0,28672,3136,448,3584
LRU_u128_s16_h2_c1000,0,245,128,16,2,28672,3136,448,3584
LRU_u128_s64_h0_c1000,0,245,128,64,0,24576,3136,448,3584
FIFO_u128_s16_h2_c1062,0,245,128,16,2,28672,3136,448,3584
FIFO_u128_s64_h0_c1000,0,245,128,64,0,24576,3136,448,3584
RANDOM_u128_s64_h1_c937,11,245,128,64,1,24576,3136,448,3584
RANDOM_u128_s64_h1_c937,29,245,128,64,1,24576,3136,448,3584
RANDOM_u128_s64_h1_c937,47,245,128,64,1,24576,3136,448,3584
CLOCK_u128_s16_h2_c1062,0,245,128,16,2,28672,3136,448,3584
SRRIP_u128_s64_h1_c937,0,245,128,64,1,24576,3136,448,3584
BRRIP_u128_s64_h0_c937,11,245,128,64,0,24576,3136,448,3584
BRRIP_u128_s64_h0_c937,29,245,128,64,0,24576,3136,448,3584
BRRIP_u128_s64_h0_c937,47,245,128,64,0,24576,3136,448,3584
LRU_u128_s4_h0_c1000,0,246,128,4,0,28672,3136,448,3584
LRU_u128_s16_h2_c1000,0,246,128,16,2,28672,3136,448,3584
LRU_u128_s64_h0_c1000,0,246,128,64,0,24576,3136,448,3584
FIFO_u128_s16_h2_c1062,0,246,128,16,2,28672,3136,448,3584
FIFO_u128_s64_h0_c1000,0,246,128,64,0,24576,3136,448,3584
RANDOM_u128_s64_h1_c937,11,246,128,64,1,24576,3136,448,3584
RANDOM_u128_s64_h1_c937,29,246,128,64,1,24576,3136,448,3584
RANDOM_u128_s64_h1_c937,47,246,128,64,1,24576,3136,448,3584
CLOCK_u128_s16_h2_c1062,0,246,128,16,2,28672,3136,448,3584
SRRIP_u128_s64_h1_c937,0,246,128,64,1,24576,3136,448,3584
BRRIP_u128_s64_h0_c937,11,246,128,64,0,24576,3136,448,3584
BRRIP_u128_s64_h0_c937,29,246,128,64,0,24576,3136,448,3584
BRRIP_u128_s64_h0_c937,47,246,128,64,0,24576,3136,448,3584
LRU_u128_s4_h0_c1000,0,247,128,4,0,28672,3136,448,3584
LRU_u128_s16_h2_c1000,0,247,128,16,2,28672,3136,448,3584
LRU_u128_s64_h0_c1000,0,247,128,64,0,24576,3136,448,3584
FIFO_u128_s16_h2_c1062,0,247,128,16,2,28672,3136,448,3584
FIFO_u128_s64_h0_c1000,0,247,128,64,0,24576,3136,448,3584
RANDOM_u128_s64_h1_c937,11,247,128,64,1,24576,3136,448,3584
RANDOM_u128_s64_h1_c937,29,247,128,64,1,24576,3136,448,3584
RANDOM_u128_s64_h1_c937,47,247,128,64,1,24576,3136,448,3584
CLOCK_u128_s16_h2_c1062,0,247,128,16,2,28672,3136,448,3584
SRRIP_u128_s64_h1_c937,0,247,128,64,1,24576,3136,448,3584
BRRIP_u128_s64_h0_c937,11,247,128,64,0,24576,3136,448,3584
BRRIP_u128_s64_h0_c937,29,247,128,64,0,24576,3136,448,3584
BRRIP_u128_s64_h0_c937,47,247,128,64,0,24576,3136,448,3584
LRU_u128_s4_h0_c1000,0,248,128,4,0,28672,3136,448,3584
LRU_u128_s16_h2_c1000,0,248,128,16,2,28672,3136,448,3584
LRU_u128_s64_h0_c1000,0,248,128,64,0,24576,3136,448,3584
FIFO_u128_s16_h2_c1062,0,248,128,16,2,28672,3136,448,3584
FIFO_u128_s64_h0_c1000,0,248,128,64,0,24576,3136,448,3584
RANDOM_u128_s64_h1_c937,11,248,128,64,1,24576,3136,448,3584
RANDOM_u128_s64_h1_c937,29,248,128,64,1,24576,3136,448,3584
RANDOM_u128_s64_h1_c937,47,248,128,64,1,24576,3136,448,3584
CLOCK_u128_s16_h2_c1062,0,248,128,16,2,28672,3136,448,3584
SRRIP_u128_s64_h1_c937,0,248,128,64,1,24576,3136,448,3584
BRRIP_u128_s64_h0_c937,11,248,128,64,0,24576,3136,448,3584
BRRIP_u128_s64_h0_c937,29,248,128,64,0,24576,3136,448,3584
BRRIP_u128_s64_h0_c937,47,248,128,64,0,24576,3136,448,3584
LRU_u128_s4_h0_c1000,0,249,128,4,0,28672,3136,448,3584
LRU_u128_s16_h2_c1000,0,249,128,16,2,28672,3136,448,3584
LRU_u128_s64_h0_c1000,0,249,128,64,0,24576,3136,448,3584
FIFO_u128_s16_h2_c1062,0,249,128,16,2,28672,3136,448,3584
FIFO_u128_s64_h0_c1000,0,249,128,64,0,24576,3136,448,3584
RANDOM_u128_s64_h1_c937,11,249,128,64,1,24576,3136,448,3584
RANDOM_u128_s64_h1_c937,29,249,128,64,1,24576,3136,448,3584
RANDOM_u128_s64_h1_c937,47,249,128,64,1,24576,3136,448,3584
CLOCK_u128_s16_h2_c1062,0,249,128,16,2,28672,3136,448,3584
SRRIP_u128_s64_h1_c937,0,249,128,64,1,24576,3136,448,3584
BRRIP_u128_s64_h0_c937,11,249,128,64,0,24576,3136,448,3584
BRRIP_u128_s64_h0_c937,29,249,128,64,0,24576,3136,448,3584
BRRIP_u128_s64_h0_c937,47,249,128,64,0,24576,3136,448,3584
LRU_u128_s4_h0_c1000,0,250,128,4,0,28672,784,112,896
LRU_u128_s16_h2_c1000,0,250,128,16,2,28672,784,112,896
LRU_u128_s64_h0_c1000,0,250,128,64,0,24576,784,112,896
FIFO_u128_s16_h2_c1062,0,250,128,16,2,28672,784,112,896
FIFO_u128_s64_h0_c1000,0,250,128,64,0,24576,784,112,896
RANDOM_u128_s64_h1_c937,11,250,128,64,1,24576,784,112,896
RANDOM_u128_s64_h1_c937,29,250,128,64,1,24576,784,112,896
RANDOM_u128_s64_h1_c937,47,250,128,64,1,24576,784,112,896
CLOCK_u128_s16_h2_c1062,0,250,128,16,2,28672,784,112,896
SRRIP_u128_s64_h1_c937,0,250,128,64,1,24576,784,112,896
BRRIP_u128_s64_h0_c937,11,250,128,64,0,24576,784,112,896
BRRIP_u128_s64_h0_c937,29,250,128,64,0,24576,784,112,896
BRRIP_u128_s64_h0_c937,47,250,128,64,0,24576,784,112,896
LRU_u128_s4_h0_c1000,0,251,128,4,0,28672,784,112,896
LRU_u128_s16_h2_c1000,0,251,128,16,2,28672,784,112,896
LRU_u128_s64_h0_c1000,0,251,128,64,0,24576,784,112,896
FIFO_u128_s16_h2_c1062,0,251,128,16,2,28672,784,112,896
FIFO_u128_s64_h0_c1000,0,251,128,64,0,24576,784,112,896
RANDOM_u128_s64_h1_c937,11,251,128,64,1,24576,784,112,896
RANDOM_u128_s64_h1_c937,29,251,128,64,1,24576,784,112,896
RANDOM_u128_s64_h1_c937,47,251,128,64,1,24576,784,112,896
CLOCK_u128_s16_h2_c1062,0,251,128,16,2,28672,784,112,896
SRRIP_u128_s64_h1_c937,0,251,128,64,1,24576,784,112,896
BRRIP_u128_s64_h0_c937,11,251,128,64,0,24576,784,112,896
BRRIP_u128_s64_h0_c937,29,251,128,64,0,24576,784,112,896
BRRIP_u128_s64_h0_c937,47,251,128,64,0,24576,784,112,896
LRU_u128_s4_h0_c1000,0,252,128,4,0,28672,784,112,896
LRU_u128_s16_h2_c1000,0,252,128,16,2,28672,784,112,896
LRU_u128_s64_h0_c1000,0,252,128,64,0,24576,784,112,896
FIFO_u128_s16_h2_c1062,0,252,128,16,2,28672,784,112,896
FIFO_u128_s64_h0_c1000,0,252,128,64,0,24576,784,112,896
RANDOM_u128_s64_h1_c937,11,252,128,64,1,24576,784,112,896
RANDOM_u128_s64_h1_c937,29,252,128,64,1,24576,784,112,896
RANDOM_u128_s64_h1_c937,47,252,128,64,1,24576,784,112,896
CLOCK_u128_s16_h2_c1062,0,252,128,16,2,28672,784,112,896
SRRIP_u128_s64_h1_c937,0,252,128,64,1,24576,784,112,896
BRRIP_u128_s64_h0_c937,11,252,128,64,0,24576,784,112,896
BRRIP_u128_s64_h0_c937,29,252,128,64,0,24576,784,112,896
BRRIP_u128_s64_h0_c937,47,252,128,64,0,24576,784,112,896
LRU_u128_s4_h0_c1000,0,253,128,4,0,28672,784,112,896
LRU_u128_s16_h2_c1000,0,253,128,16,2,28672,784,112,896
LRU_u128_s64_h0_c1000,0,253,128,64,0,24576,784,112,896
FIFO_u128_s16_h2_c1062,0,253,128,16,2,28672,784,112,896
FIFO_u128_s64_h0_c1000,0,253,128,64,0,24576,784,112,896
RANDOM_u128_s64_h1_c937,11,253,128,64,1,24576,784,112,896
RANDOM_u128_s64_h1_c937,29,253,128,64,1,24576,784,112,896
RANDOM_u128_s64_h1_c937,47,253,128,64,1,24576,784,112,896
CLOCK_u128_s16_h2_c1062,0,253,128,16,2,28672,784,112,896
SRRIP_u128_s64_h1_c937,0,253,128,64,1,24576,784,112,896
BRRIP_u128_s64_h0_c937,11,253,128,64,0,24576,784,112,896
BRRIP_u128_s64_h0_c937,29,253,128,64,0,24576,784,112,896
BRRIP_u128_s64_h0_c937,47,253,128,64,0,24576,784,112,896
LRU_u128_s4_h0_c1000,0,254,128,4,0,28672,784,112,896
LRU_u128_s16_h2_c1000,0,254,128,16,2,28672,784,112,896
LRU_u128_s64_h0_c1000,0,254,128,64,0,24576,784,112,896
FIFO_u128_s16_h2_c1062,0,254,128,16,2,28672,784,112,896
FIFO_u128_s64_h0_c1000,0,254,128,64,0,24576,784,112,896
RANDOM_u128_s64_h1_c937,11,254,128,64,1,24576,784,112,896
RANDOM_u128_s64_h1_c937,29,254,128,64,1,24576,784,112,896
RANDOM_u128_s64_h1_c937,47,254,128,64,1,24576,784,112,896
CLOCK_u128_s16_h2_c1062,0,254,128,16,2,28672,784,112,896
SRRIP_u128_s64_h1_c937,0,254,128,64,1,24576,784,112,896
BRRIP_u128_s64_h0_c937,11,254,128,64,0,24576,784,112,896
BRRIP_u128_s64_h0_c937,29,254,128,64,0,24576,784,112,896
BRRIP_u128_s64_h0_c937,47,254,128,64,0,24576,784,112,896
LRU_u128_s4_h0_c1000,0,255,128,4,0,28672,784,112,896
LRU_u128_s16_h2_c1000,0,255,128,16,2,28672,784,112,896
LRU_u128_s64_h0_c1000,0,255,128,64,0,24576,784,112,896
FIFO_u128_s16_h2_c1062,0,255,128,16,2,28672,784,112,896
FIFO_u128_s64_h0_c1000,0,255,128,64,0,24576,784,112,896
RANDOM_u128_s64_h1_c937,11,255,128,64,1,24576,784,112,896
RANDOM_u128_s64_h1_c937,29,255,128,64,1,24576,784,112,896
RANDOM_u128_s64_h1_c937,47,255,128,64,1,24576,784,112,896
CLOCK_u128_s16_h2_c1062,0,255,128,16,2,28672,784,112,896
SRRIP_u128_s64_h1_c937,0,255,128,64,1,24576,784,112,896
BRRIP_u128_s64_h0_c937,11,255,128,64,0,24576,784,112,896
BRRIP_u128_s64_h0_c937,29,255,128,64,0,24576,784,112,896
BRRIP_u128_s64_h0_c937,47,255,128,64,0,24576,784,112,896
LRU_u128_s4_h0_c1000,0,256,128,4,0,28672,784,112,896
LRU_u128_s16_h2_c1000,0,256,128,16,2,28672,784,112,896
LRU_u128_s64_h0_c1000,0,256,128,64,0,24576,784,112,896
FIFO_u128_s16_h2_c1062,0,256,128,16,2,28672,784,112,896
FIFO_u128_s64_h0_c1000,0,256,128,64,0,24576,784,112,896
RANDOM_u128_s64_h1_c937,11,256,128,64,1,24576,784,112,896
RANDOM_u128_s64_h1_c937,29,256,128,64,1,24576,784,112,896
RANDOM_u128_s64_h1_c937,47,256,128,64,1,24576,784,112,896
CLOCK_u128_s16_h2_c1062,0,256,128,16,2,28672,784,112,896
SRRIP_u128_s64_h1_c937,0,256,128,64,1,24576,784,112,896
BRRIP_u128_s64_h0_c937,11,256,128,64,0,24576,784,112,896
BRRIP_u128_s64_h0_c937,29,256,128,64,0,24576,784,112,896
BRRIP_u128_s64_h0_c937,47,256,128,64,0,24576,784,112,896
LRU_u128_s4_h0_c1000,0,257,128,4,0,28672,784,112,896
LRU_u128_s16_h2_c1000,0,257,128,16,2,28672,784,112,896
LRU_u128_s64_h0_c1000,0,257,128,64,0,24576,784,112,896
FIFO_u128_s16_h2_c1062,0,257,128,16,2,28672,784,112,896
FIFO_u128_s64_h0_c1000,0,257,128,64,0,24576,784,112,896
RANDOM_u128_s64_h1_c937,11,257,128,64,1,24576,784,112,896
RANDOM_u128_s64_h1_c937,29,257,128,64,1,24576,784,112,896
RANDOM_u128_s64_h1_c937,47,257,128,64,1,24576,784,112,896
CLOCK_u128_s16_h2_c1062,0,257,128,16,2,28672,784,112,896
SRRIP_u128_s64_h1_c937,0,257,128,64,1,24576,784,112,896
BRRIP_u128_s64_h0_c937,11,257,128,64,0,24576,784,112,896
BRRIP_u128_s64_h0_c937,29,257,128,64,0,24576,784,112,896
BRRIP_u128_s64_h0_c937,47,257,128,64,0,24576,784,112,896
LRU_u128_s4_h0_c1000,0,258,128,4,0,28672,784,112,896
LRU_u128_s16_h2_c1000,0,258,128,16,2,28672,784,112,896
LRU_u128_s64_h0_c1000,0,258,128,64,0,24576,784,112,896
FIFO_u128_s16_h2_c1062,0,258,128,16,2,28672,784,112,896
FIFO_u128_s64_h0_c1000,0,258,128,64,0,24576,784,112,896
RANDOM_u128_s64_h1_c937,11,258,128,64,1,24576,784,112,896
RANDOM_u128_s64_h1_c937,29,258,128,64,1,24576,784,112,896
RANDOM_u128_s64_h1_c937,47,258,128,64,1,24576,784,112,896
CLOCK_u128_s16_h2_c1062,0,258,128,16,2,28672,784,112,896
SRRIP_u128_s64_h1_c937,0,258,128,64,1,24576,784,112,896
BRRIP_u128_s64_h0_c937,11,258,128,64,0,24576,784,112,896
BRRIP_u128_s64_h0_c937,29,258,128,64,0,24576,784,112,896
BRRIP_u128_s64_h0_c937,47,258,128,64,0,24576,784,112,896
LRU_u128_s4_h0_c1000,0,259,128,4,0,28672,784,112,896
LRU_u128_s16_h2_c1000,0,259,128,16,2,28672,784,112,896
LRU_u128_s64_h0_c1000,0,259,128,64,0,24576,784,112,896
FIFO_u128_s16_h2_c1062,0,259,128,16,2,28672,784,112,896
FIFO_u128_s64_h0_c1000,0,259,128,64,0,24576,784,112,896
RANDOM_u128_s64_h1_c937,11,259,128,64,1,24576,784,112,896
RANDOM_u128_s64_h1_c937,29,259,128,64,1,24576,784,112,896
RANDOM_u128_s64_h1_c937,47,259,128,64,1,24576,784,112,896
CLOCK_u128_s16_h2_c1062,0,259,128,16,2,28672,784,112,896
SRRIP_u128_s64_h1_c937,0,259,128,64,1,24576,784,112,896
BRRIP_u128_s64_h0_c937,11,259,128,64,0,24576,784,112,896
BRRIP_u128_s64_h0_c937,29,259,128,64,0,24576,784,112,896
BRRIP_u128_s64_h0_c937,47,259,128,64,0,24576,784,112,896
LRU_u128_s4_h0_c1000,0,260,128,4,0,28672,4928,704,5632
LRU_u128_s16_h2_c1000,0,260,128,16,2,28672,3528,2104,5632
LRU_u128_s64_h0_c1000,0,260,128,64,0,24576,4928,704,5632
FIFO_u128_s16_h2_c1062,0,260,128,16,2,28672,3528,2104,5632
FIFO_u128_s64_h0_c1000,0,260,128,64,0,24576,4928,704,5632
RANDOM_u128_s64_h1_c937,11,260,128,64,1,24576,4928,704,5632
RANDOM_u128_s64_h1_c937,29,260,128,64,1,24576,4928,704,5632
RANDOM_u128_s64_h1_c937,47,260,128,64,1,24576,4928,704,5632
CLOCK_u128_s16_h2_c1062,0,260,128,16,2,28672,3528,2104,5632
SRRIP_u128_s64_h1_c937,0,260,128,64,1,24576,4928,704,5632
BRRIP_u128_s64_h0_c937,11,260,128,64,0,24576,4928,704,5632
BRRIP_u128_s64_h0_c937,29,260,128,64,0,24576,4928,704,5632
BRRIP_u128_s64_h0_c937,47,260,128,64,0,24576,4928,704,5632
LRU_u128_s4_h0_c1000,0,261,128,4,0,28672,4928,704,5632
LRU_u128_s16_h2_c1000,0,261,128,16,2,28672,3948,1684,5632
LRU_u128_s64_h0_c1000,0,261,128,64,0,24576,4928,704,5632
FIFO_u128_s16_h2_c1062,0,261,128,16,2,28672,3948,1684,5632
FIFO_u128_s64_h0_c1000,0,261,128,64,0,24576,4928,704,5632
RANDOM_u128_s64_h1_c937,11,261,128,64,1,24576,4928,704,5632
RANDOM_u128_s64_h1_c937,29,261,128,64,1,24576,4928,704,5632
RANDOM_u128_s64_h1_c937,47,261,128,64,1,24576,4928,704,5632
CLOCK_u128_s16_h2_c1062,0,261,128,16,2,28672,3948,1684,5632
SRRIP_u128_s64_h1_c937,0,261,128,64,1,24576,4928,704,5632
BRRIP_u128_s64_h0_c937,11,261,128,64,0,24576,4928,704,5632
BRRIP_u128_s64_h0_c937,29,261,128,64,0,24576,4928,704,5632
BRRIP_u128_s64_h0_c937,47,261,128,64,0,24576,4928,704,5632
LRU_u128_s4_h0_c1000,0,262,128,4,0,28672,4928,704,5632
LRU_u128_s16_h2_c1000,0,262,128,16,2,28672,4704,928,5632
LRU_u128_s64_h0_c1000,0,262,128,64,0,24576,4928,704,5632
FIFO_u128_s16_h2_c1062,0,262,128,16,2,28672,4296,1336,5632
FIFO_u128_s64_h0_c1000,0,262,128,64,0,24576,4928,704,5632
RANDOM_u128_s64_h1_c937,11,262,128,64,1,24576,4928,704,5632
RANDOM_u128_s64_h1_c937,29,262,128,64,1,24576,4928,704,5632
RANDOM_u128_s64_h1_c937,47,262,128,64,1,24576,4928,704,5632
CLOCK_u128_s16_h2_c1062,0,262,128,16,2,28672,4296,1336,5632
SRRIP_u128_s64_h1_c937,0,262,128,64,1,24576,4928,704,5632
BRRIP_u128_s64_h0_c937,11,262,128,64,0,24576,4928,704,5632
BRRIP_u128_s64_h0_c937,29,262,128,64,0,24576,4928,704,5632
BRRIP_u128_s64_h0_c937,47,262,128,64,0,24576,4928,704,5632
LRU_u128_s4_h0_c1000,0,263,128,4,0,28672,4928,704,5632
LRU_u128_s16_h2_c1000,0,263,128,16,2,28672,4713,919,5632
LRU_u128_s64_h0_c1000,0,263,128,64,0,24576,4928,704,5632
FIFO_u128_s16_h2_c1062,0,263,128,16,2,28672,4476,1156,5632
FIFO_u128_s64_h0_c1000,0,263,128,64,0,24576,4928,704,5632
RANDOM_u128_s64_h1_c937,11,263,128,64,1,24576,4928,704,5632
RANDOM_u128_s64_h1_c937,29,263,128,64,1,24576,4928,704,5632
RANDOM_u128_s64_h1_c937,47,263,128,64,1,24576,4928,704,5632
CLOCK_u128_s16_h2_c1062,0,263,128,16,2,28672,4476,1156,5632
SRRIP_u128_s64_h1_c937,0,263,128,64,1,24576,4928,704,5632
BRRIP_u128_s64_h0_c937,11,263,128,64,0,24576,4928,704,5632
BRRIP_u128_s64_h0_c937,29,263,128,64,0,24576,4928,704,5632
BRRIP_u128_s64_h0_c937,47,263,128,64,0,24576,4928,704,5632
LRU_u128_s4_h0_c1000,0,264,128,4,0,28672,4928,704,5632
LRU_u128_s16_h2_c1000,0,264,128,16,2,28672,3780,1852,5632
LRU_u128_s64_h0_c1000,0,264,128,64,0,24576,4928,704,5632
FIFO_u128_s16_h2_c1062,0,264,128,16,2,28672,3528,2104,5632
FIFO_u128_s64_h0_c1000,0,264,128,64,0,24576,4928,704,5632
RANDOM_u128_s64_h1_c937,11,264,128,64,1,24576,4928,704,5632
RANDOM_u128_s64_h1_c937,29,264,128,64,1,24576,4928,704,5632
RANDOM_u128_s64_h1_c937,47,264,128,64,1,24576,4928,704,5632
CLOCK_u128_s16_h2_c1062,0,264,128,16,2,28672,3568,2064,5632
SRRIP_u128_s64_h1_c937,0,264,128,64,1,24576,4928,704,5632
BRRIP_u128_s64_h0_c937,11,264,128,64,0,24576,4928,704,5632
BRRIP_u128_s64_h0_c937,29,264,128,64,0,24576,4928,704,5632
BRRIP_u128_s64_h0_c937,47,264,128,64,0,24576,4928,704,5632
LRU_u128_s4_h0_c1000,0,265,128,4,0,28672,4928,704,5632
LRU_u128_s16_h2_c1000,0,265,128,16,2,28672,4200,1432,5632
LRU_u128_s64_h0_c1000,0,265,128,64,0,24576,4928,704,5632
FIFO_u128_s16_h2_c1062,0,265,128,16,2,28672,3948,1684,5632
FIFO_u128_s64_h0_c1000,0,265,128,64,0,24576,4928,704,5632
RANDOM_u128_s64_h1_c937,11,265,128,64,1,24576,4928,704,5632
RANDOM_u128_s64_h1_c937,29,265,128,64,1,24576,4928,704,5632
RANDOM_u128_s64_h1_c937,47,265,128,64,1,24576,4928,704,5632
CLOCK_u128_s16_h2_c1062,0,265,128,16,2,28672,4085,1547,5632
SRRIP_u128_s64_h1_c937,0,265,128,64,1,24576,4928,704,5632
BRRIP_u128_s64_h0_c937,11,265,128,64,0,24576,4928,704,5632
BRRIP_u128_s64_h0_c937,29,265,128,64,0,24576,4928,704,5632
BRRIP_u128_s64_h0_c937,47,265,128,64,0,24576,4928,704,5632
LRU_u128_s4_h0_c1000,0,266,128,4,0,28672,4928,704,5632
LRU_u128_s16_h2_c1000,0,266,128,16,2,28672,3948,1684,5632
LRU_u128_s64_h0_c1000,0,266,128,64,0,24576,4928,704,5632
FIFO_u128_s16_h2_c1062,0,266,128,16,2,28672,3528,2104,5632
FIFO_u128_s64_h0_c1000,0,266,128,64,0,24576,4928,704,5632
RANDOM_u128_s64_h1_c937,11,266,128,64,1,24576,4928,704,5632
RANDOM_u128_s64_h1_c937,29,266,128,64,1,24576,4928,704,5632
RANDOM_u128_s64_h1_c937,47,266,128,64,1,24576,4928,704,5632
CLOCK_u128_s16_h2_c1062,0,266,128,16,2,28672,3634,1998,5632
SRRIP_u128_s64_h1_c937,0,266,128,64,1,24576,4928,704,5632
BRRIP_u128_s64_h0_c937,11,266,128,64,0,24576,4928,704,5632
BRRIP_u128_s64_h0_c937,29,266,128,64,0,24576,4928,704,5632
BRRIP_u128_s64_h0_c937,47,266,128,64,0,24576,4928,704,5632
LRU_u128_s4_h0_c1000,0,267,128,4,0,28672,4928,704,5632
LRU_u128_s16_h2_c1000,0,267,128,16,2,28672,4144,1488,5632
LRU_u128_s64_h0_c1000,0,267,128,64,0,24576,4928,704,5632
FIFO_u128_s16_h2_c1062,0,267,128,16,2,28672,3948,1684,5632
FIFO_u128_s64_h0_c1000,0,267,128,64,0,24576,4928,704,5632
RANDOM_u128_s64_h1_c937,11,267,128,64,1,24576,4928,704,5632
RANDOM_u128_s64_h1_c937,29,267,128,64,1,24576,4928,704,5632
RANDOM_u128_s64_h1_c937,47,267,128,64,1,24576,4928,704,5632
CLOCK_u128_s16_h2_c1062,0,267,128,16,2,28672,3967,1665,5632
SRRIP_u128_s64_h1_c937,0,267,128,64,1,24576,4928,704,5632
BRRIP_u128_s64_h0_c937,11,267,128,64,0,24576,4928,704,5632
BRRIP_u128_s64_h0_c937,29,267,128,64,0,24576,4928,704,5632
BRRIP_u128_s64_h0_c937,47,267,128,64,0,24576,4928,704,5632
LRU_u128_s4_h0_c1000,0,268,128,4,0,28672,4928,704,5632
LRU_u128_s16_h2_c1000,0,268,128,16,2,28672,3892,1740,5632
LRU_u128_s64_h0_c1000,0,268,128,64,0,24576,4928,704,5632
FIFO_u128_s16_h2_c1062,0,268,128,16,2,28672,3528,2104,5632
FIFO_u128_s64_h0_c1000,0,268,128,64,0,24576,4928,704,5632
RANDOM_u128_s64_h1_c937,11,268,128,64,1,24576,4928,704,5632
RANDOM_u128_s64_h1_c937,29,268,128,64,1,24576,4928,704,5632
RANDOM_u128_s64_h1_c937,47,268,128,64,1,24576,4928,704,5632
CLOCK_u128_s16_h2_c1062,0,268,128,16,2,28672,3591,2041,5632
SRRIP_u128_s64_h1_c937,0,268,128,64,1,24576,4928,704,5632
BRRIP_u128_s64_h0_c937,11,268,128,64,0,24576,4928,704,5632
BRRIP_u128_s64_h0_c937,29,268,128,64,0,24576,4928,704,5632
BRRIP_u128_s64_h0_c937,47,268,128,64,0,24576,4928,704,5632
LRU_u128_s4_h0_c1000,0,269,128,4,0,28672,4928,704,5632
LRU_u128_s16_h2_c1000,0,269,128,16,2,28672,4116,1516,5632
LRU_u128_s64_h0_c1000,0,269,128,64,0,24576,4928,704,5632
FIFO_u128_s16_h2_c1062,0,269,128,16,2,28672,3948,1684,5632
FIFO_u128_s64_h0_c1000,0,269,128,64,0,24576,4928,704,5632
RANDOM_u128_s64_h1_c937,11,269,128,64,1,24576,4928,704,5632
RANDOM_u128_s64_h1_c937,29,269,128,64,1,24576,4928,704,5632
RANDOM_u128_s64_h1_c937,47,269,128,64,1,24576,4928,704,5632
CLOCK_u128_s16_h2_c1062,0,269,128,16,2,28672,3998,1634,5632
SRRIP_u128_s64_h1_c937,0,269,128,64,1,24576,4928,704,5632
BRRIP_u128_s64_h0_c937,11,269,128,64,0,24576,4928,704,5632
BRRIP_u128_s64_h0_c937,29,269,128,64,0,24576,4928,704,5632
BRRIP_u128_s64_h0_c937,47,269,128,64,0,24576,4928,704,5632
LRU_u128_s4_h0_c1000,0,270,128,4,0,28672,1232,176,1408
LRU_u128_s16_h2_c1000,0,270,128,16,2,28672,882,526,1408
LRU_u128_s64_h0_c1000,0,270,128,64,0,24576,1232,176,1408
FIFO_u128_s16_h2_c1062,0,270,128,16,2,28672,882,526,1408
FIFO_u128_s64_h0_c1000,0,270,128,64,0,24576,1232,176,1408
RANDOM_u128_s64_h1_c937,11,270,128,64,1,24576,1232,176,1408
RANDOM_u128_s64_h1_c937,29,270,128,64,1,24576,1232,176,1408
RANDOM_u128_s64_h1_c937,47,270,128,64,1,24576,1232,176,1408
CLOCK_u128_s16_h2_c1062,0,270,128,16,2,28672,882,526,1408
SRRIP_u128_s64_h1_c937,0,270,128,64,1,24576,1232,176,1408
BRRIP_u128_s64_h0_c937,11,270,128,64,0,24576,1232,176,1408
BRRIP_u128_s64_h0_c937,29,270,128,64,0,24576,1232,176,1408
BRRIP_u128_s64_h0_c937,47,270,128,64,0,24576,1232,176,1408
LRU_u128_s4_h0_c1000,0,271,128,4,0,28672,1232,176,1408
LRU_u128_s16_h2_c1000,0,271,128,16,2,28672,987,421,1408
LRU_u128_s64_h0_c1000,0,271,128,64,0,24576,1232,176,1408
FIFO_u128_s16_h2_c1062,0,271,128,16,2,28672,987,421,1408
FIFO_u128_s64_h0_c1000,0,271,128,64,0,24576,1232,176,1408
RANDOM_u128_s64_h1_c937,11,271,128,64,1,24576,1232,176,1408
RANDOM_u128_s64_h1_c937,29,271,128,64,1,24576,1232,176,1408
RANDOM_u128_s64_h1_c937,47,271,128,64,1,24576,1232,176,1408
CLOCK_u128_s16_h2_c1062,0,271,128,16,2,28672,987,421,1408
SRRIP_u128_s64_h1_c937,0,271,128,64,1,24576,1232,176,1408
BRRIP_u128_s64_h0_c937,11,271,128,64,0,24576,1232,176,1408
BRRIP_u128_s64_h0_c937,29,271,128,64,0,24576,1232,176,1408
BRRIP_u128_s64_h0_c937,47,271,128,64,0,24576,1232,176,1408
LRU_u128_s4_h0_c1000,0,272,128,4,0,28672,1232,176,1408
LRU_u128_s16_h2_c1000,0,272,128,16,2,28672,1176,232,1408
LRU_u128_s64_h0_c1000,0,272,128,64,0,24576,1232,176,1408
FIFO_u128_s16_h2_c1062,0,272,128,16,2,28672,1074,334,1408
FIFO_u128_s64_h0_c1000,0,272,128,64,0,24576,1232,176,1408
RANDOM_u128_s64_h1_c937,11,272,128,64,1,24576,1232,176,1408
RANDOM_u128_s64_h1_c937,29,272,128,64,1,24576,1232,176,1408
RANDOM_u128_s64_h1_c937,47,272,128,64,1,24576,1232,176,1408
CLOCK_u128_s16_h2_c1062,0,272,128,16,2,28672,1074,334,1408
SRRIP_u128_s64_h1_c937,0,272,128,64,1,24576,1232,176,1408
BRRIP_u128_s64_h0_c937,11,272,128,64,0,24576,1232,176,1408
BRRIP_u128_s64_h0_c937,29,272,128,64,0,24576,1232,176,1408
BRRIP_u128_s64_h0_c937,47,272,128,64,0,24576,1232,176,1408
LRU_u128_s4_h0_c1000,0,273,128,4,0,28672,1232,176,1408
LRU_u128_s16_h2_c1000,0,273,128,16,2,28672,1176,232,1408
LRU_u128_s64_h0_c1000,0,273,128,64,0,24576,1232,176,1408
FIFO_u128_s16_h2_c1062,0,273,128,16,2,28672,1119,289,1408
FIFO_u128_s64_h0_c1000,0,273,128,64,0,24576,1232,176,1408
RANDOM_u128_s64_h1_c937,11,273,128,64,1,24576,1232,176,1408
RANDOM_u128_s64_h1_c937,29,273,128,64,1,24576,1232,176,1408
RANDOM_u128_s64_h1_c937,47,273,128,64,1,24576,1232,176,1408
CLOCK_u128_s16_h2_c1062,0,273,128,16,2,28672,1119,289,1408
SRRIP_u128_s64_h1_c937,0,273,128,64,1,24576,1232,176,1408
BRRIP_u128_s64_h0_c937,11,273,128,64,0,24576,1232,176,1408
BRRIP_u128_s64_h0_c937,29,273,128,64,0,24576,1232,176,1408
BRRIP_u128_s64_h0_c937,47,273,128,64,0,24576,1232,176,1408
LRU_u128_s4_h0_c1000,0,274,128,4,0,28672,1232,176,1408
LRU_u128_s16_h2_c1000,0,274,128,16,2,28672,882,526,1408
LRU_u128_s64_h0_c1000,0,274,128,64,0,24576,1232,176,1408
FIFO_u128_s16_h2_c1062,0,274,128,16,2,28672,882,526,1408
FIFO_u128_s64_h0_c1000,0,274,128,64,0,24576,1232,176,1408
RANDOM_u128_s64_h1_c937,11,274,128,64,1,24576,1232,176,1408
RANDOM_u128_s64_h1_c937,29,274,128,64,1,24576,1232,176,1408
RANDOM_u128_s64_h1_c937,47,274,128,64,1,24576,1232,176,1408
CLOCK_u128_s16_h2_c1062,0,274,128,16,2,28672,882,526,1408
SRRIP_u128_s64_h1_c937,0,274,128,64,1,24576,1232,176,1408
BRRIP_u128_s64_h0_c937,11,274,128,64,0,24576,1232,176,1408
BRRIP_u128_s64_h0_c937,29,274,128,64,0,24576,1232,176,1408
BRRIP_u128_s64_h0_c937,47,274,128,64,0,24576,1232,176,1408
LRU_u128_s4_h0_c1000,0,275,128,4,0,28672,1232,176,1408
LRU_u128_s16_h2_c1000,0,275,128,16,2,28672,987,421,1408
LRU_u128_s64_h0_c1000,0,275,128,64,0,24576,1232,176,1408
FIFO_u128_s16_h2_c1062,0,275,128,16,2,28672,987,421,1408
FIFO_u128_s64_h0_c1000,0,275,128,64,0,24576,1232,176,1408
RANDOM_u128_s64_h1_c937,11,275,128,64,1,24576,1232,176,1408
RANDOM_u128_s64_h1_c937,29,275,128,64,1,24576,1232,176,1408
RANDOM_u128_s64_h1_c937,47,275,128,64,1,24576,1232,176,1408
CLOCK_u128_s16_h2_c1062,0,275,128,16,2,28672,987,421,1408
SRRIP_u128_s64_h1_c937,0,275,128,64,1,24576,1232,176,1408
BRRIP_u128_s64_h0_c937,11,275,128,64,0,24576,1232,176,1408
BRRIP_u128_s64_h0_c937,29,275,128,64,0,24576,1232,176,1408
BRRIP_u128_s64_h0_c937,47,275,128,64,0,24576,1232,176,1408
LRU_u128_s4_h0_c1000,0,276,128,4,0,28672,1232,176,1408
LRU_u128_s16_h2_c1000,0,276,128,16,2,28672,882,526,1408
LRU_u128_s64_h0_c1000,0,276,128,64,0,24576,1232,176,1408
FIFO_u128_s16_h2_c1062,0,276,128,16,2,28672,882,526,1408
FIFO_u128_s64_h0_c1000,0,276,128,64,0,24576,1232,176,1408
RANDOM_u128_s64_h1_c937,11,276,128,64,1,24576,1232,176,1408
RANDOM_u128_s64_h1_c937,29,276,128,64,1,24576,1232,176,1408
RANDOM_u128_s64_h1_c937,47,276,128,64,1,24576,1232,176,1408
CLOCK_u128_s16_h2_c1062,0,276,128,16,2,28672,882,526,1408
SRRIP_u128_s64_h1_c937,0,276,128,64,1,24576,1232,176,1408
BRRIP_u128_s64_h0_c937,11,276,128,64,0,24576,1232,176,1408
BRRIP_u128_s64_h0_c937,29,276,128,64,0,24576,1232,176,1408
BRRIP_u128_s64_h0_c937,47,276,128,64,0,24576,1232,176,1408
LRU_u128_s4_h0_c1000,0,277,128,4,0,28672,1232,176,1408
LRU_u128_s16_h2_c1000,0,277,128,16,2,28672,987,421,1408
LRU_u128_s64_h0_c1000,0,277,128,64,0,24576,1232,176,1408
FIFO_u128_s16_h2_c1062,0,277,128,16,2,28672,987,421,1408
FIFO_u128_s64_h0_c1000,0,277,128,64,0,24576,1232,176,1408
RANDOM_u128_s64_h1_c937,11,277,128,64,1,24576,1232,176,1408
RANDOM_u128_s64_h1_c937,29,277,128,64,1,24576,1232,176,1408
RANDOM_u128_s64_h1_c937,47,277,128,64,1,24576,1232,176,1408
CLOCK_u128_s16_h2_c1062,0,277,128,16,2,28672,987,421,1408
SRRIP_u128_s64_h1_c937,0,277,128,64,1,24576,1232,176,1408
BRRIP_u128_s64_h0_c937,11,277,128,64,0,24576,1232,176,1408
BRRIP_u128_s64_h0_c937,29,277,128,64,0,24576,1232,176,1408
BRRIP_u128_s64_h0_c937,47,277,128,64,0,24576,1232,176,1408
LRU_u128_s4_h0_c1000,0,278,128,4,0,28672,1232,176,1408
LRU_u128_s16_h2_c1000,0,278,128,16,2,28672,882,526,1408
LRU_u128_s64_h0_c1000,0,278,128,64,0,24576,1232,176,1408
FIFO_u128_s16_h2_c1062,0,278,128,16,2,28672,882,526,1408
FIFO_u128_s64_h0_c1000,0,278,128,64,0,24576,1232,176,1408
RANDOM_u128_s64_h1_c937,11,278,128,64,1,24576,1232,176,1408
RANDOM_u128_s64_h1_c937,29,278,128,64,1,24576,1232,176,1408
RANDOM_u128_s64_h1_c937,47,278,128,64,1,24576,1232,176,1408
CLOCK_u128_s16_h2_c1062,0,278,128,16,2,28672,882,526,1408
SRRIP_u128_s64_h1_c937,0,278,128,64,1,24576,1232,176,1408
BRRIP_u128_s64_h0_c937,11,278,128,64,0,24576,1232,176,1408
BRRIP_u128_s64_h0_c937,29,278,128,64,0,24576,1232,176,1408
BRRIP_u128_s64_h0_c937,47,278,128,64,0,24576,1232,176,1408
LRU_u128_s4_h0_c1000,0,279,128,4,0,28672,1232,176,1408
LRU_u128_s16_h2_c1000,0,279,128,16,2,28672,987,421,1408
LRU_u128_s64_h0_c1000,0,279,128,64,0,24576,1232,176,1408
FIFO_u128_s16_h2_c1062,0,279,128,16,2,28672,987,421,1408
FIFO_u128_s64_h0_c1000,0,279,128,64,0,24576,1232,176,1408
RANDOM_u128_s64_h1_c937,11,279,128,64,1,24576,1232,176,1408
RANDOM_u128_s64_h1_c937,29,279,128,64,1,24576,1232,176,1408
RANDOM_u128_s64_h1_c937,47,279,128,64,1,24576,1232,176,1408
CLOCK_u128_s16_h2_c1062,0,279,128,16,2,28672,987,421,1408
SRRIP_u128_s64_h1_c937,0,279,128,64,1,24576,1232,176,1408
BRRIP_u128_s64_h0_c937,11,279,128,64,0,24576,1232,176,1408
BRRIP_u128_s64_h0_c937,29,279,128,64,0,24576,1232,176,1408
BRRIP_u128_s64_h0_c937,47,279,128,64,0,24576,1232,176,1408
LRU_u128_s4_h0_c1000,0,280,128,4,0,28672,5824,832,6656
LRU_u128_s16_h2_c1000,0,280,128,16,2,28672,3752,2904,6656
LRU_u128_s64_h0_c1000,0,280,128,64,0,24576,4032,2624,6656
FIFO_u128_s16_h2_c1062,0,280,128,16,2,28672,3752,2904,6656
FIFO_u128_s64_h0_c1000,0,280,128,64,0,24576,4032,2624,6656
RANDOM_u128_s64_h1_c937,11,280,128,64,1,24576,4880,1776,6656
RANDOM_u128_s64_h1_c937,29,280,128,64,1,24576,4908,1748,6656
RANDOM_u128_s64_h1_c937,47,280,128,64,1,24576,4972,1684,6656
CLOCK_u128_s16_h2_c1062,0,280,128,16,2,28672,3752,2904,6656
SRRIP_u128_s64_h1_c937,0,280,128,64,1,24576,4032,2624,6656
BRRIP_u128_s64_h0_c937,11,280,128,64,0,24576,4032,2624,6656
BRRIP_u128_s64_h0_c937,29,280,128,64,0,24576,4032,2624,6656
BRRIP_u128_s64_h0_c937,47,280,128,64,0,24576,4032,2624,6656
LRU_u128_s4_h0_c1000,0,281,128,4,0,28672,5824,832,6656
LRU_u128_s16_h2_c1000,0,281,128,16,2,28672,3920,2736,6656
LRU_u128_s64_h0_c1000,0,281,128,64,0,24576,4032,2624,6656
FIFO_u128_s16_h2_c1062,0,281,128,16,2,28672,3920,2736,6656
FIFO_u128_s64_h0_c1000,0,281,128,64,0,24576,4032,2624,6656
RANDOM_u128_s64_h1_c937,11,281,128,64,1,24576,4880,1776,6656
RANDOM_u128_s64_h1_c937,29,281,128,64,1,24576,4908,1748,6656
RANDOM_u128_s64_h1_c937,47,281,128,64,1,24576,4972,1684,6656
CLOCK_u128_s16_h2_c1062,0,281,128,16,2,28672,3920,2736,6656
SRRIP_u128_s64_h1_c937,0,281,128,64,1,24576,4032,2624,6656
BRRIP_u128_s64_h0_c937,11,281,128,64,0,24576,4032,2624,6656
BRRIP_u128_s64_h0_c937,29,281,128,64,0,24576,4032,2624,6656
BRRIP_u128_s64_h0_c937,47,281,128,64,0,24576,4032,2624,6656
LRU_u128_s4_h0_c1000,0,282,128,4,0,28672,5824,832,6656
LRU_u128_s16_h2_c1000,0,282,128,16,2,28672,5320,1336,6656
LRU_u128_s64_h0_c1000,0,282,128,64,0,24576,5357,1299,6656
FIFO_u128_s16_h2_c1062,0,282,128,16,2,28672,4864,1792,6656
FIFO_u128_s64_h0_c1000,0,282,128,64,0,24576,4988,1668,6656
RANDOM_u128_s64_h1_c937,11,282,128,64,1,24576,5247,1409,6656
RANDOM_u128_s64_h1_c937,29,282,128,64,1,24576,5268,1388,6656
RANDOM_u128_s64_h1_c937,47,282,128,64,1,24576,5232,1424,6656
CLOCK_u128_s16_h2_c1062,0,282,128,16,2,28672,4864,1792,6656
SRRIP_u128_s64_h1_c937,0,282,128,64,1,24576,5357,1299,6656
BRRIP_u128_s64_h0_c937,11,282,128,64,0,24576,5357,1299,6656
BRRIP_u128_s64_h0_c937,29,282,128,64,0,24576,5357,1299,6656
BRRIP_u128_s64_h0_c937,47,282,128,64,0,24576,5357,1299,6656
LRU_u128_s4_h0_c1000,0,283,128,4,0,28672,5824,832,6656
LRU_u128_s16_h2_c1000,0,283,128,16,2,28672,5469,1187,6656
LRU_u128_s64_h0_c1000,0,283,128,64,0,24576,5357,1299,6656
FIFO_u128_s16_h2_c1062,0,283,128,16,2,28672,4956,1700,6656
FIFO_u128_s64_h0_c1000,0,283,128,64,0,24576,4988,1668,6656
RANDOM_u128_s64_h1_c937,11,283,128,64,1,24576,5247,1409,6656
RANDOM_u128_s64_h1_c937,29,283,128,64,1,24576,5268,1388,6656
RANDOM_u128_s64_h1_c937,47,283,128,64,1,24576,5232,1424,6656
CLOCK_u128_s16_h2_c1062,0,283,128,16,2,28672,4956,1700,6656
SRRIP_u128_s64_h1_c937,0,283,128,64,1,24576,5357,1299,6656
BRRIP_u128_s64_h0_c937,11,283,128,64,0,24576,5357,1299,6656
BRRIP_u128_s64_h0_c937,29,283,128,64,0,24576,5357,1299,6656
BRRIP_u128_s64_h0_c937,47,283,128,64,0,24576,5357,1299,6656
LRU_u128_s4_h0_c1000,0,284,128,4,0,28672,5824,832,6656
LRU_u128_s16_h2_c1000,0,284,128,16,2,28672,4144,2512,6656
LRU_u128_s64_h0_c1000,0,284,128,64,0,24576,4200,2456,6656
FIFO_u128_s16_h2_c1062,0,284,128,16,2,28672,3752,2904,6656
FIFO_u128_s64_h0_c1000,0,284,128,64,0,24576,4032,2624,6656
RANDOM_u128_s64_h1_c937,11,284,128,64,1,24576,4365,2291,6656
RANDOM_u128_s64_h1_c937,29,284,128,64,1,24576,4343,2313,6656
RANDOM_u128_s64_h1_c937,47,284,128,64,1,24576,4362,2294,6656
CLOCK_u128_s16_h2_c1062,0,284,128,16,2,28672,3761,2895,6656
SRRIP_u128_s64_h1_c937,0,284,128,64,1,24576,4580,2076,6656
BRRIP_u128_s64_h0_c937,11,284,128,64,0,24576,4780,1876,6656
BRRIP_u128_s64_h0_c937,29,284,128,64,0,24576,4711,1945,6656
BRRIP_u128_s64_h0_c937,47,284,128,64,0,24576,4743,1913,6656
LRU_u128_s4_h0_c1000,0,285,128,4,0,28672,5824,832,6656
LRU_u128_s16_h2_c1000,0,285,128,16,2,28672,4396,2260,6656
LRU_u128_s64_h0_c1000,0,285,128,64,0,24576,4200,2456,6656
FIFO_u128_s16_h2_c1062,0,285,128,16,2,28672,3920,2736,6656
FIFO_u128_s64_h0_c1000,0,285,128,64,0,24576,4032,2624,6656
RANDOM_u128_s64_h1_c937,11,285,128,64,1,24576,4365,2291,6656
RANDOM_u128_s64_h1_c937,29,285,128,64,1,24576,4343,2313,6656
RANDOM_u128_s64_h1_c937,47,285,128,64,1,24576,4362,2294,6656
CLOCK_u128_s16_h2_c1062,0,285,128,16,2,28672,4085,2571,6656
SRRIP_u128_s64_h1_c937,0,285,128,64,1,24576,4580,2076,6656
BRRIP_u128_s64_h0_c937,11,285,128,64,0,24576,4780,1876,6656
BRRIP_u128_s64_h0_c937,29,285,128,64,0,24576,4711,1945,6656
BRRIP_u128_s64_h0_c937,47,285,128,64,0,24576,4743,1913,6656
LRU_u128_s4_h0_c1000,0,286,128,4,0,28672,5824,832,6656
LRU_u128_s16_h2_c1000,0,286,128,16,2,28672,3976,2680,6656
LRU_u128_s64_h0_c1000,0,286,128,64,0,24576,4116,2540,6656
FIFO_u128_s16_h2_c1062,0,286,128,16,2,28672,3752,2904,6656
FIFO_u128_s64_h0_c1000,0,286,128,64,0,24576,4032,2624,6656
RANDOM_u128_s64_h1_c937,11,286,128,64,1,24576,4357,2299,6656
RANDOM_u128_s64_h1_c937,29,286,128,64,1,24576,4290,2366,6656
RANDOM_u128_s64_h1_c937,47,286,128,64,1,24576,4335,2321,6656
CLOCK_u128_s16_h2_c1062,0,286,128,16,2,28672,3860,2796,6656
SRRIP_u128_s64_h1_c937,0,286,128,64,1,24576,4453,2203,6656
BRRIP_u128_s64_h0_c937,11,286,128,64,0,24576,4640,2016,6656
BRRIP_u128_s64_h0_c937,29,286,128,64,0,24576,4631,2025,6656
BRRIP_u128_s64_h0_c937,47,286,128,64,0,24576,4658,1998,6656
LRU_u128_s4_h0_c1000,0,287,128,4,0,28672,5824,832,6656
LRU_u128_s16_h2_c1000,0,287,128,16,2,28672,4340,2316,6656
LRU_u128_s64_h0_c1000,0,287,128,64,0,24576,4116,2540,6656
FIFO_u128_s16_h2_c1062,0,287,128,16,2,28672,3920,2736,6656
FIFO_u128_s64_h0_c1000,0,287,128,64,0,24576,4032,2624,6656
RANDOM_u128_s64_h1_c937,11,287,128,64,1,24576,4357,2299,6656
RANDOM_u128_s64_h1_c937,29,287,128,64,1,24576,4290,2366,6656
RANDOM_u128_s64_h1_c937,47,287,128,64,1,24576,4335,2321,6656
CLOCK_u128_s16_h2_c1062,0,287,128,16,2,28672,4201,2455,6656
SRRIP_u128_s64_h1_c937,0,287,128,64,1,24576,4453,2203,6656
BRRIP_u128_s64_h0_c937,11,287,128,64,0,24576,4640,2016,6656
BRRIP_u128_s64_h0_c937,29,287,128,64,0,24576,4631,2025,6656
BRRIP_u128_s64_h0_c937,47,287,128,64,0,24576,4658,1998,6656
LRU_u128_s4_h0_c1000,0,288,128,4,0,28672,5824,832,6656
LRU_u128_s16_h2_c1000,0,288,128,16,2,28672,3864,2792,6656
LRU_u128_s64_h0_c1000,0,288,128,64,0,24576,4116,2540,6656
FIFO_u128_s16_h2_c1062,0,288,128,16,2,28672,3752,2904,6656
FIFO_u128_s64_h0_c1000,0,288,128,64,0,24576,4032,2624,6656
RANDOM_u128_s64_h1_c937,11,288,128,64,1,24576,4356,2300,6656
RANDOM_u128_s64_h1_c937,29,288,128,64,1,24576,4335,2321,6656
RANDOM_u128_s64_h1_c937,47,288,128,64,1,24576,4351,2305,6656
CLOCK_u128_s16_h2_c1062,0,288,128,16,2,28672,3789,2867,6656
SRRIP_u128_s64_h1_c937,0,288,128,64,1,24576,4444,2212,6656
BRRIP_u128_s64_h0_c937,11,288,128,64,0,24576,4759,1897,6656
BRRIP_u128_s64_h0_c937,29,288,128,64,0,24576,4762,1894,6656
BRRIP_u128_s64_h0_c937,47,288,128,64,0,24576,4764,1892,6656
LRU_u128_s4_h0_c1000,0,289,128,4,0,28672,5824,832,6656
LRU_u128_s16_h2_c1000,0,289,128,16,2,28672,4340,2316,6656
LRU_u128_s64_h0_c1000,0,289,128,64,0,24576,4116,2540,6656
FIFO_u128_s16_h2_c1062,0,289,128,16,2,28672,3920,2736,6656
FIFO_u128_s64_h0_c1000,0,289,128,64,0,24576,4032,2624,6656
RANDOM_u128_s64_h1_c937,11,289,128,64,1,24576,4356,2300,6656
RANDOM_u128_s64_h1_c937,29,289,128,64,1,24576,4335,2321,6656
RANDOM_u128_s64_h1_c937,47,289,128,64,1,24576,4351,2305,6656
CLOCK_u128_s16_h2_c1062,0,289,128,16,2,28672,4153,2503,6656
SRRIP_u128_s64_h1_c937,0,289,128,64,1,24576,4444,2212,6656
BRRIP_u128_s64_h0_c937,11,289,128,64,0,24576,4759,1897,6656
BRRIP_u128_s64_h0_c937,29,289,128,64,0,24576,4762,1894,6656
BRRIP_u128_s64_h0_c937,47,289,128,64,0,24576,4764,1892,6656
LRU_u128_s4_h0_c1000,0,290,128,4,0,28672,1456,208,1664
LRU_u128_s16_h2_c1000,0,290,128,16,2,28672,938,726,1664
LRU_u128_s64_h0_c1000,0,290,128,64,0,24576,1008,656,1664
FIFO_u128_s16_h2_c1062,0,290,128,16,2,28672,938,726,1664
FIFO_u128_s64_h0_c1000,0,290,128,64,0,24576,1008,656,1664
RANDOM_u128_s64_h1_c937,11,290,128,64,1,24576,1220,444,1664
RANDOM_u128_s64_h1_c937,29,290,128,64,1,24576,1227,437,1664
RANDOM_u128_s64_h1_c937,47,290,128,64,1,24576,1243,421,1664
CLOCK_u128_s16_h2_c1062,0,290,128,16,2,28672,938,726,1664
SRRIP_u128_s64_h1_c937,0,290,128,64,1,24576,1008,656,1664
BRRIP_u128_s64_h0_c937,11,290,128,64,0,24576,1232,432,1664
BRRIP_u128_s64_h0_c937,29,290,128,64,0,24576,1232,432,1664
BRRIP_u128_s64_h0_c937,47,290,128,64,0,24576,1232,432,1664
LRU_u128_s4_h0_c1000,0,291,128,4,0,28672,1456,208,1664
LRU_u128_s16_h2_c1000,0,291,128,16,2,28672,980,684,1664
LRU_u128_s64_h0_c1000,0,291,128,64,0,24576,1008,656,1664
FIFO_u128_s16_h2_c1062,0,291,128,16,2,28672,980,684,1664
FIFO_u128_s64_h0_c1000,0,291,128,64,0,24576,1008,656,1664
RANDOM_u128_s64_h1_c937,11,291,128,64,1,24576,1220,444,1664
RANDOM_u128_s64_h1_c937,29,291,128,64,1,24576,1227,437,1664
RANDOM_u128_s64_h1_c937,47,291,128,64,1,24576,1243,421,1664
CLOCK_u128_s16_h2_c1062,0,291,128,16,2,28672,980,684,1664
SRRIP_u128_s64_h1_c937,0,291,128,64,1,24576,1008,656,1664
BRRIP_u128_s64_h0_c937,11,291,128,64,0,24576,1232,432,1664
BRRIP_u128_s64_h0_c937,29,291,128,64,0,24576,1232,432,1664
BRRIP_u128_s64_h0_c937,47,291,128,64,0,24576,1232,432,1664
LRU_u128_s4_h0_c1000,0,292,128,4,0,28672,1456,208,1664
LRU_u128_s16_h2_c1000,0,292,128,16,2,28672,1330,334,1664
LRU_u128_s64_h0_c1000,0,292,128,64,0,24576,1337,327,1664
FIFO_u128_s16_h2_c1062,0,292,128,16,2,28672,1216,448,1664
FIFO_u128_s64_h0_c1000,0,292,128,64,0,24576,1247,417,1664
RANDOM_u128_s64_h1_c937,11,292,128,64,1,24576,1311,353,1664
RANDOM_u128_s64_h1_c937,29,292,128,64,1,24576,1317,347,1664
RANDOM_u128_s64_h1_c937,47,292,128,64,1,24576,1308,356,1664
CLOCK_u128_s16_h2_c1062,0,292,128,16,2,28672,1216,448,1664
SRRIP_u128_s64_h1_c937,0,292,128,64,1,24576,1336,328,1664
BRRIP_u128_s64_h0_c937,11,292,128,64,0,24576,1337,327,1664
BRRIP_u128_s64_h0_c937,29,292,128,64,0,24576,1337,327,1664
BRRIP_u128_s64_h0_c937,47,292,128,64,0,24576,1337,327,1664
LRU_u128_s4_h0_c1000,0,293,128,4,0,28672,1456,208,1664
LRU_u128_s16_h2_c1000,0,293,128,16,2,28672,1365,299,1664
LRU_u128_s64_h0_c1000,0,293,128,64,0,24576,1337,327,1664
FIFO_u128_s16_h2_c1062,0,293,128,16,2,28672,1239,425,1664
FIFO_u128_s64_h0_c1000,0,293,128,64,0,24576,1247,417,1664
RANDOM_u128_s64_h1_c937,11,293,128,64,1,24576,1311,353,1664
RANDOM_u128_s64_h1_c937,29,293,128,64,1,24576,1317,347,1664
RANDOM_u128_s64_h1_c937,47,293,128,64,1,24576,1308,356,1664
CLOCK_u128_s16_h2_c1062,0,293,128,16,2,28672,1239,425,1664
SRRIP_u128_s64_h1_c937,0,293,128,64,1,24576,1336,328,1664
BRRIP_u128_s64_h0_c937,11,293,128,64,0,24576,1337,327,1664
BRRIP_u128_s64_h0_c937,29,293,128,64,0,24576,1337,327,1664
BRRIP_u128_s64_h0_c937,47,293,128,64,0,24576,1337,327,1664
LRU_u128_s4_h0_c1000,0,294,128,4,0,28672,1456,208,1664
LRU_u128_s16_h2_c1000,0,294,128,16,2,28672,938,726,1664
LRU_u128_s64_h0_c1000,0,294,128,64,0,24576,1008,656,1664
FIFO_u128_s16_h2_c1062,0,294,128,16,2,28672,938,726,1664
FIFO_u128_s64_h0_c1000,0,294,128,64,0,24576,1008,656,1664
RANDOM_u128_s64_h1_c937,11,294,128,64,1,24576,1229,435,1664
RANDOM_u128_s64_h1_c937,29,294,128,64,1,24576,1242,422,1664
RANDOM_u128_s64_h1_c937,47,294,128,64,1,24576,1235,429,1664
CLOCK_u128_s16_h2_c1062,0,294,128,16,2,28672,938,726,1664
SRRIP_u128_s64_h1_c937,0,294,128,64,1,24576,1008,656,1664
BRRIP_u128_s64_h0_c937,11,294,128,64,0,24576,1232,432,1664
BRRIP_u128_s64_h0_c937,29,294,128,64,0,24576,1232,432,1664
BRRIP_u128_s64_h0_c937,47,294,128,64,0,24576,1232,432,1664
LRU_u128_s4_h0_c1000,0,295,128,4,0,28672,1456,208,1664
LRU_u128_s16_h2_c1000,0,295,128,16,2,28672,980,684,1664
LRU_u128_s64_h0_c1000,0,295,128,64,0,24576,1008,656,1664
FIFO_u128_s16_h2_c1062,0,295,128,16,2,28672,980,684,1664
FIFO_u128_s64_h0_c1000,0,295,128,64,0,24576,1008,656,1664
RANDOM_u128_s64_h1_c937,11,295,128,64,1,24576,1229,435,1664
RANDOM_u128_s64_h1_c937,29,295,128,64,1,24576,1242,422,1664
RANDOM_u128_s64_h1_c937,47,295,128,64,1,24576,1235,429,1664
CLOCK_u128_s16_h2_c1062,0,295,128,16,2,28672,980,684,1664
SRRIP_u128_s64_h1_c937,0,295,128,64,1,24576,1008,656,1664
BRRIP_u128_s64_h0_c937,11,295,128,64,0,24576,1232,432,1664
BRRIP_u128_s64_h0_c937,29,295,128,64,0,24576,1232,432,1664
BRRIP_u128_s64_h0_c937,47,295,128,64,0,24576,1232,432,1664
LRU_u128_s4_h0_c1000,0,296,128,4,0,28672,1456,208,1664
LRU_u128_s16_h2_c1000,0,296,128,16,2,28672,938,726,1664
LRU_u128_s64_h0_c1000,0,296,128,64,0,24576,1008,656,1664
FIFO_u128_s16_h2_c1062,0,296,128,16,2,28672,938,726,1664
FIFO_u128_s64_h0_c1000,0,296,128,64,0,24576,1008,656,1664
RANDOM_u128_s64_h1_c937,11,296,128,64,1,24576,1233,431,1664
RANDOM_u128_s64_h1_c937,29,296,128,64,1,24576,1247,417,1664
RANDOM_u128_s64_h1_c937,47,296,128,64,1,24576,1241,423,1664
CLOCK_u128_s16_h2_c1062,0,296,128,16,2,28672,938,726,1664
SRRIP_u128_s64_h1_c937,0,296,128,64,1,24576,1008,656,1664
BRRIP_u128_s64_h0_c937,11,296,128,64,0,24576,1232,432,1664
BRRIP_u128_s64_h0_c937,29,296,128,64,0,24576,1232,432,1664
BRRIP_u128_s64_h0_c937,47,296,128,64,0,24576,1232,432,1664
LRU_u128_s4_h0_c1000,0,297,128,4,0,28672,1456,208,1664
LRU_u128_s16_h2_c1000,0,297,128,16,2,28672,980,684,1664
LRU_u128_s64_h0_c1000,0,297,128,64,0,24576,1008,656,1664
FIFO_u128_s16_h2_c1062,0,297,128,16,2,28672,980,684,1664
FIFO_u128_s64_h0_c1000,0,297,128,64,0,24576,1008,656,1664
RANDOM_u128_s64_h1_c937,11,297,128,64,1,24576,1233,431,1664
RANDOM_u128_s64_h1_c937,29,297,128,64,1,24576,1247,417,1664
RANDOM_u128_s64_h1_c937,47,297,128,64,1,24576,1241,423,1664
CLOCK_u128_s16_h2_c1062,0,297,128,16,2,28672,980,684,1664
SRRIP_u128_s64_h1_c937,0,297,128,64,1,24576,1008,656,1664
BRRIP_u128_s64_h0_c937,11,297,128,64,0,24576,1232,432,1664
BRRIP_u128_s64_h0_c937,29,297,128,64,0,24576,1232,432,1664
BRRIP_u128_s64_h0_c937,47,297,128,64,0,24576,1232,432,1664
LRU_u128_s4_h0_c1000,0,298,128,4,0,28672,1456,208,1664
LRU_u128_s16_h2_c1000,0,298,128,16,2,28672,938,726,1664
LRU_u128_s64_h0_c1000,0,298,128,64,0,24576,1008,656,1664
FIFO_u128_s16_h2_c1062,0,298,128,16,2,28672,938,726,1664
FIFO_u128_s64_h0_c1000,0,298,128,64,0,24576,1008,656,1664
RANDOM_u128_s64_h1_c937,11,298,128,64,1,24576,1247,417,1664
RANDOM_u128_s64_h1_c937,29,298,128,64,1,24576,1237,427,1664
RANDOM_u128_s64_h1_c937,47,298,128,64,1,24576,1245,419,1664
CLOCK_u128_s16_h2_c1062,0,298,128,16,2,28672,938,726,1664
SRRIP_u128_s64_h1_c937,0,298,128,64,1,24576,1008,656,1664
BRRIP_u128_s64_h0_c937,11,298,128,64,0,24576,1232,432,1664
BRRIP_u128_s64_h0_c937,29,298,128,64,0,24576,1232,432,1664
BRRIP_u128_s64_h0_c937,47,298,128,64,0,24576,1232,432,1664
LRU_u128_s4_h0_c1000,0,299,128,4,0,28672,1456,208,1664
LRU_u128_s16_h2_c1000,0,299,128,16,2,28672,980,684,1664
LRU_u128_s64_h0_c1000,0,299,128,64,0,24576,1008,656,1664
FIFO_u128_s16_h2_c1062,0,299,128,16,2,28672,980,684,1664
FIFO_u128_s64_h0_c1000,0,299,128,64,0,24576,1008,656,1664
RANDOM_u128_s64_h1_c937,11,299,128,64,1,24576,1247,417,1664
RANDOM_u128_s64_h1_c937,29,299,128,64,1,24576,1237,427,1664
RANDOM_u128_s64_h1_c937,47,299,128,64,1,24576,1245,419,1664
CLOCK_u128_s16_h2_c1062,0,299,128,16,2,28672,980,684,1664
SRRIP_u128_s64_h1_c937,0,299,128,64,1,24576,1008,656,1664
BRRIP_u128_s64_h0_c937,11,299,128,64,0,24576,1232,432,1664
BRRIP_u128_s64_h0_c937,29,299,128,64,0,24576,1232,432,1664
BRRIP_u128_s64_h0_c937,47,299,128,64,0,24576,1232,432,1664
LRU_u128_s4_h0_c1000,0,300,128,4,0,28672,0,7680,7680
LRU_u128_s16_h2_c1000,0,300,128,16,2,28672,2296,5384,7680
LRU_u128_s64_h0_c1000,0,300,128,64,0,24576,1344,6336,7680
FIFO_u128_s16_h2_c1062,0,300,128,16,2,28672,2296,5384,7680
FIFO_u128_s64_h0_c1000,0,300,128,64,0,24576,1344,6336,7680
RANDOM_u128_s64_h1_c937,11,300,128,64,1,24576,4116,3564,7680
RANDOM_u128_s64_h1_c937,29,300,128,64,1,24576,4068,3612,7680
RANDOM_u128_s64_h1_c937,47,300,128,64,1,24576,4056,3624,7680
CLOCK_u128_s16_h2_c1062,0,300,128,16,2,28672,2296,5384,7680
SRRIP_u128_s64_h1_c937,0,300,128,64,1,24576,1344,6336,7680
BRRIP_u128_s64_h0_c937,11,300,128,64,0,24576,1344,6336,7680
BRRIP_u128_s64_h0_c937,29,300,128,64,0,24576,1344,6336,7680
BRRIP_u128_s64_h0_c937,47,300,128,64,0,24576,1344,6336,7680
LRU_u128_s4_h0_c1000,0,301,128,4,0,28672,0,7680,7680
LRU_u128_s16_h2_c1000,0,301,128,16,2,28672,2688,4992,7680
LRU_u128_s64_h0_c1000,0,301,128,64,0,24576,1344,6336,7680
FIFO_u128_s16_h2_c1062,0,301,128,16,2,28672,2688,4992,7680
FIFO_u128_s64_h0_c1000,0,301,128,64,0,24576,1344,6336,7680
RANDOM_u128_s64_h1_c937,11,301,128,64,1,24576,4004,3676,7680
RANDOM_u128_s64_h1_c937,29,301,128,64,1,24576,3996,3684,7680
RANDOM_u128_s64_h1_c937,47,301,128,64,1,24576,4096,3584,7680
CLOCK_u128_s16_h2_c1062,0,301,128,16,2,28672,2688,4992,7680
SRRIP_u128_s64_h1_c937,0,301,128,64,1,24576,1344,6336,7680
BRRIP_u128_s64_h0_c937,11,301,128,64,0,24576,1344,6336,7680
BRRIP_u128_s64_h0_c937,29,301,128,64,0,24576,1344,6336,7680
BRRIP_u128_s64_h0_c937,47,301,128,64,0,24576,1344,6336,7680
LRU_u128_s4_h0_c1000,0,302,128,4,0,28672,6253,1427,7680
LRU_u128_s16_h2_c1000,0,302,128,16,2,28672,5824,1856,7680
LRU_u128_s64_h0_c1000,0,302,128,64,0,24576,5357,2323,7680
FIFO_u128_s16_h2_c1062,0,302,128,16,2,28672,4696,2984,7680
FIFO_u128_s64_h0_c1000,0,302,128,64,0,24576,4220,3460,7680
RANDOM_u128_s64_h1_c937,11,302,128,64,1,24576,4947,2733,7680
RANDOM_u128_s64_h1_c937,29,302,128,64,1,24576,4964,2716,7680
RANDOM_u128_s64_h1_c937,47,302,128,64,1,24576,4931,2749,7680
CLOCK_u128_s16_h2_c1062,0,302,128,16,2,28672,4696,2984,7680
SRRIP_u128_s64_h1_c937,0,302,128,64,1,24576,5357,2323,7680
BRRIP_u128_s64_h0_c937,11,302,128,64,0,24576,5357,2323,7680
BRRIP_u128_s64_h0_c937,29,302,128,64,0,24576,5357,2323,7680
BRRIP_u128_s64_h0_c937,47,302,128,64,0,24576,5357,2323,7680
LRU_u128_s4_h0_c1000,0,303,128,4,0,28672,6253,1427,7680
LRU_u128_s16_h2_c1000,0,303,128,16,2,28672,5805,1875,7680
LRU_u128_s64_h0_c1000,0,303,128,64,0,24576,5357,2323,7680
FIFO_u128_s16_h2_c1062,0,303,128,16,2,28672,4860,2820,7680
FIFO_u128_s64_h0_c1000,0,303,128,64,0,24576,4220,3460,7680
RANDOM_u128_s64_h1_c937,11,303,128,64,1,24576,5001,2679,7680
RANDOM_u128_s64_h1_c937,29,303,128,64,1,24576,4974,2706,7680
RANDOM_u128_s64_h1_c937,47,303,128,64,1,24576,4944,2736,7680
CLOCK_u128_s16_h2_c1062,0,303,128,16,2,28672,4860,2820,7680
SRRIP_u128_s64_h1_c937,0,303,128,64,1,24576,5357,2323,7680
BRRIP_u128_s64_h0_c937,11,303,128,64,0,24576,5357,2323,7680
BRRIP_u128_s64_h0_c937,29,303,128,64,0,24576,5357,2323,7680
BRRIP_u128_s64_h0_c937,47,303,128,64,0,24576,5357,2323,7680
LRU_u128_s4_h0_c1000,0,304,128,4,0,28672,3612,4068,7680
LRU_u128_s16_h2_c1000,0,304,128,16,2,28672,3220,4460,7680
LRU_u128_s64_h0_c1000,0,304,128,64,0,24576,1764,5916,7680
FIFO_u128_s16_h2_c1062,0,304,128,16,2,28672,2296,5384,7680
FIFO_u128_s64_h0_c1000,0,304,128,64,0,24576,1344,6336,7680
RANDOM_u128_s64_h1_c937,11,304,128,64,1,24576,2246,5434,7680
RANDOM_u128_s64_h1_c937,29,304,128,64,1,24576,2284,5396,7680
RANDOM_u128_s64_h1_c937,47,304,128,64,1,24576,2281,5399,7680
CLOCK_u128_s16_h2_c1062,0,304,128,16,2,28672,2567,5113,7680
SRRIP_u128_s64_h1_c937,0,304,128,64,1,24576,2677,5003,7680
BRRIP_u128_s64_h0_c937,11,304,128,64,0,24576,3325,4355,7680
BRRIP_u128_s64_h0_c937,29,304,128,64,0,24576,3322,4358,7680
BRRIP_u128_s64_h0_c937,47,304,128,64,0,24576,3297,4383,7680
LRU_u128_s4_h0_c1000,0,305,128,4,0,28672,3612,4068,7680
LRU_u128_s16_h2_c1000,0,305,128,16,2,28672,3304,4376,7680
LRU_u128_s64_h0_c1000,0,305,128,64,0,24576,1764,5916,7680
FIFO_u128_s16_h2_c1062,0,305,128,16,2,28672,2688,4992,7680
FIFO_u128_s64_h0_c1000,0,305,128,64,0,24576,1344,6336,7680
RANDOM_u128_s64_h1_c937,11,305,128,64,1,24576,2382,5298,7680
RANDOM_u128_s64_h1_c937,29,305,128,64,1,24576,2316,5364,7680
RANDOM_u128_s64_h1_c937,47,305,128,64,1,24576,2265,5415,7680
CLOCK_u128_s16_h2_c1062,0,305,128,16,2,28672,3114,4566,7680
SRRIP_u128_s64_h1_c937,0,305,128,64,1,24576,2676,5004,7680
BRRIP_u128_s64_h0_c937,11,305,128,64,0,24576,3325,4355,7680
BRRIP_u128_s64_h0_c937,29,305,128,64,0,24576,3322,4358,7680
BRRIP_u128_s64_h0_c937,47,305,128,64,0,24576,3297,4383,7680
LRU_u128_s4_h0_c1000,0,306,128,4,0,28672,3220,4460,7680
LRU_u128_s16_h2_c1000,0,306,128,16,2,28672,2996,4684,7680
LRU_u128_s64_h0_c1000,0,306,128,64,0,24576,1680,6000,7680
FIFO_u128_s16_h2_c1062,0,306,128,16,2,28672,2296,5384,7680
FIFO_u128_s64_h0_c1000,0,306,128,64,0,24576,1344,6336,7680
RANDOM_u128_s64_h1_c937,11,306,128,64,1,24576,2333,5347,7680
RANDOM_u128_s64_h1_c937,29,306,128,64,1,24576,2300,5380,7680
RANDOM_u128_s64_h1_c937,47,306,128,64,1,24576,2299,5381,7680
CLOCK_u128_s16_h2_c1062,0,306,128,16,2,28672,2450,5230,7680
SRRIP_u128_s64_h1_c937,0,306,128,64,1,24576,2841,4839,7680
BRRIP_u128_s64_h0_c937,11,306,128,64,0,24576,3444,4236,7680
BRRIP_u128_s64_h0_c937,29,306,128,64,0,24576,3464,4216,7680
BRRIP_u128_s64_h0_c937,47,306,128,64,0,24576,3496,4184,7680
LRU_u128_s4_h0_c1000,0,307,128,4,0,28672,3220,4460,7680
LRU_u128_s16_h2_c1000,0,307,128,16,2,28672,3220,4460,7680
LRU_u128_s64_h0_c1000,0,307,128,64,0,24576,1680,6000,7680
FIFO_u128_s16_h2_c1062,0,307,128,16,2,28672,2688,4992,7680
FIFO_u128_s64_h0_c1000,0,307,128,64,0,24576,1344,6336,7680
RANDOM_u128_s64_h1_c937,11,307,128,64,1,24576,2222,5458,7680
RANDOM_u128_s64_h1_c937,29,307,128,64,1,24576,2375,5305,7680
RANDOM_u128_s64_h1_c937,47,307,128,64,1,24576,2334,5346,7680
CLOCK_u128_s16_h2_c1062,0,307,128,16,2,28672,2840,4840,7680
SRRIP_u128_s64_h1_c937,0,307,128,64,1,24576,2658,5022,7680
BRRIP_u128_s64_h0_c937,11,307,128,64,0,24576,3444,4236,7680
BRRIP_u128_s64_h0_c937,29,307,128,64,0,24576,3464,4216,7680
BRRIP_u128_s64_h0_c937,47,307,128,64,0,24576,3496,4184,7680
LRU_u128_s4_h0_c1000,0,308,128,4,0,28672,3360,4320,7680
LRU_u128_s16_h2_c1000,0,308,128,16,2,28672,3136,4544,7680
LRU_u128_s64_h0_c1000,0,308,128,64,0,24576,1652,6028,7680
FIFO_u128_s16_h2_c1062,0,308,128,16,2,28672,2296,5384,7680
FIFO_u128_s64_h0_c1000,0,308,128,64,0,24576,1344,6336,7680
RANDOM_u128_s64_h1_c937,11,308,128,64,1,24576,2361,5319,7680
RANDOM_u128_s64_h1_c937,29,308,128,64,1,24576,2343,5337,7680
RANDOM_u128_s64_h1_c937,47,308,128,64,1,24576,2374,5306,7680
CLOCK_u128_s16_h2_c1062,0,308,128,16,2,28672,2573,5107,7680
SRRIP_u128_s64_h1_c937,0,308,128,64,1,24576,2896,4784,7680
BRRIP_u128_s64_h0_c937,11,308,128,64,0,24576,3133,4547,7680
BRRIP_u128_s64_h0_c937,29,308,128,64,0,24576,3115,4565,7680
BRRIP_u128_s64_h0_c937,47,308,128,64,0,24576,3093,4587,7680
LRU_u128_s4_h0_c1000,0,309,128,4,0,28672,3360,4320,7680
LRU_u128_s16_h2_c1000,0,309,128,16,2,28672,3192,4488,7680
LRU_u128_s64_h0_c1000,0,309,128,64,0,24576,1652,6028,7680
FIFO_u128_s16_h2_c1062,0,309,128,16,2,28672,2688,4992,7680
FIFO_u128_s64_h0_c1000,0,309,128,64,0,24576,1344,6336,7680
RANDOM_u128_s64_h1_c937,11,309,128,64,1,24576,2260,5420,7680
RANDOM_u128_s64_h1_c937,29,309,128,64,1,24576,2304,5376,7680
RANDOM_u128_s64_h1_c937,47,309,128,64,1,24576,2282,5398,7680
CLOCK_u128_s16_h2_c1062,0,309,128,16,2,28672,3010,4670,7680
SRRIP_u128_s64_h1_c937,0,309,128,64,1,24576,2872,4808,7680
BRRIP_u128_s64_h0_c937,11,309,128,64,0,24576,3133,4547,7680
BRRIP_u128_s64_h0_c937,29,309,128,64,0,24576,3115,4565,7680
BRRIP_u128_s64_h0_c937,47,309,128,64,0,24576,3093,4587,7680
LRU_u128_s4_h0_c1000,0,310,128,4,0,28672,0,1920,1920
LRU_u128_s16_h2_c1000,0,310,128,16,2,28672,574,1346,1920
LRU_u128_s64_h0_c1000,0,310,128,64,0,24576,336,1584,1920
FIFO_u128_s16_h2_c1062,0,310,128,16,2,28672,574,1346,1920
FIFO_u128_s64_h0_c1000,0,310,128,64,0,24576,336,1584,1920
RANDOM_u128_s64_h1_c937,11,310,128,64,1,24576,1029,891,1920
RANDOM_u128_s64_h1_c937,29,310,128,64,1,24576,1017,903,1920
RANDOM_u128_s64_h1_c937,47,310,128,64,1,24576,1014,906,1920
CLOCK_u128_s16_h2_c1062,0,310,128,16,2,28672,574,1346,1920
SRRIP_u128_s64_h1_c937,0,310,128,64,1,24576,336,1584,1920
BRRIP_u128_s64_h0_c937,11,310,128,64,0,24576,1008,912,1920
BRRIP_u128_s64_h0_c937,29,310,128,64,0,24576,1008,912,1920
BRRIP_u128_s64_h0_c937,47,310,128,64,0,24576,1008,912,1920
LRU_u128_s4_h0_c1000,0,311,128,4,0,28672,0,1920,1920
LRU_u128_s16_h2_c1000,0,311,128,16,2,28672,672,1248,1920
LRU_u128_s64_h0_c1000,0,311,128,64,0,24576,336,1584,1920
FIFO_u128_s16_h2_c1062,0,311,128,16,2,28672,672,1248,1920
FIFO_u128_s64_h0_c1000,0,311,128,64,0,24576,336,1584,1920
RANDOM_u128_s64_h1_c937,11,311,128,64,1,24576,1001,919,1920
RANDOM_u128_s64_h1_c937,29,311,128,64,1,24576,999,921,1920
RANDOM_u128_s64_h1_c937,47,311,128,64,1,24576,1024,896,1920
CLOCK_u128_s16_h2_c1062,0,311,128,16,2,28672,672,1248,1920
SRRIP_u128_s64_h1_c937,0,311,128,64,1,24576,336,1584,1920
BRRIP_u128_s64_h0_c937,11,311,128,64,0,24576,1008,912,1920
BRRIP_u128_s64_h0_c937,29,311,128,64,0,24576,1008,912,1920
BRRIP_u128_s64_h0_c937,47,311,128,64,0,24576,1008,912,1920
LRU_u128_s4_h0_c1000,0,312,128,4,0,28672,1561,359,1920
LRU_u128_s16_h2_c1000,0,312,128,16,2,28672,1456,464,1920
LRU_u128_s64_h0_c1000,0,312,128,64,0,24576,1337,583,1920
FIFO_u128_s16_h2_c1062,0,312,128,16,2,28672,1174,746,1920
FIFO_u128_s64_h0_c1000,0,312,128,64,0,24576,1055,865,1920
RANDOM_u128_s64_h1_c937,11,312,128,64,1,24576,1236,684,1920
RANDOM_u128_s64_h1_c937,29,312,128,64,1,24576,1241,679,1920
RANDOM_u128_s64_h1_c937,47,312,128,64,1,24576,1232,688,1920
CLOCK_u128_s16_h2_c1062,0,312,128,16,2,28672,1174,746,1920
SRRIP_u128_s64_h1_c937,0,312,128,64,1,24576,1336,584,1920
BRRIP_u128_s64_h0_c937,11,312,128,64,0,24576,1337,583,1920
BRRIP_u128_s64_h0_c937,29,312,128,64,0,24576,1337,583,1920
BRRIP_u128_s64_h0_c937,47,312,128,64,0,24576,1330,590,1920
LRU_u128_s4_h0_c1000,0,313,128,4,0,28672,1561,359,1920
LRU_u128_s16_h2_c1000,0,313,128,16,2,28672,1449,471,1920
LRU_u128_s64_h0_c1000,0,313,128,64,0,24576,1337,583,1920
FIFO_u128_s16_h2_c1062,0,313,128,16,2,28672,1215,705,1920
FIFO_u128_s64_h0_c1000,0,313,128,64,0,24576,1055,865,1920
RANDOM_u128_s64_h1_c937,11,313,128,64,1,24576,1248,672,1920
RANDOM_u128_s64_h1_c937,29,313,128,64,1,24576,1242,678,1920
RANDOM_u128_s64_h1_c937,47,313,128,64,1,24576,1236,684,1920
CLOCK_u128_s16_h2_c1062,0,313,128,16,2,28672,1215,705,1920
SRRIP_u128_s64_h1_c937,0,313,128,64,1,24576,1336,584,1920
BRRIP_u128_s64_h0_c937,11,313,128,64,0,24576,1337,583,1920
BRRIP_u128_s64_h0_c937,29,313,128,64,0,24576,1337,583,1920
BRRIP_u128_s64_h0_c937,47,313,128,64,0,24576,1330,590,1920
LRU_u128_s4_h0_c1000,0,314,128,4,0,28672,0,1920,1920
LRU_u128_s16_h2_c1000,0,314,128,16,2,28672,574,1346,1920
LRU_u128_s64_h0_c1000,0,314,128,64,0,24576,336,1584,1920
FIFO_u128_s16_h2_c1062,0,314,128,16,2,28672,574,1346,1920
FIFO_u128_s64_h0_c1000,0,314,128,64,0,24576,336,1584,1920
RANDOM_u128_s64_h1_c937,11,314,128,64,1,24576,1008,912,1920
RANDOM_u128_s64_h1_c937,29,314,128,64,1,24576,1009,911,1920
RANDOM_u128_s64_h1_c937,47,314,128,64,1,24576,992,928,1920
CLOCK_u128_s16_h2_c1062,0,314,128,16,2,28672,574,1346,1920
SRRIP_u128_s64_h1_c937,0,314,128,64,1,24576,336,1584,1920
BRRIP_u128_s64_h0_c937,11,314,128,64,0,24576,1008,912,1920
BRRIP_u128_s64_h0_c937,29,314,128,64,0,24576,1008,912,1920
BRRIP_u128_s64_h0_c937,47,314,128,64,0,24576,1008,912,1920
LRU_u128_s4_h0_c1000,0,315,128,4,0,28672,0,1920,1920
LRU_u128_s16_h2_c1000,0,315,128,16,2,28672,672,1248,1920
LRU_u128_s64_h0_c1000,0,315,128,64,0,24576,336,1584,1920
FIFO_u128_s16_h2_c1062,0,315,128,16,2,28672,672,1248,1920
FIFO_u128_s64_h0_c1000,0,315,128,64,0,24576,336,1584,1920
RANDOM_u128_s64_h1_c937,11,315,128,64,1,24576,1003,917,1920
RANDOM_u128_s64_h1_c937,29,315,128,64,1,24576,1004,916,1920
RANDOM_u128_s64_h1_c937,47,315,128,64,1,24576,1010,910,1920
CLOCK_u128_s16_h2_c1062,0,315,128,16,2,28672,672,1248,1920
SRRIP_u128_s64_h1_c937,0,315,128,64,1,24576,336,1584,1920
BRRIP_u128_s64_h0_c937,11,315,128,64,0,24576,1008,912,1920
BRRIP_u128_s64_h0_c937,29,315,128,64,0,24576,1008,912,1920
BRRIP_u128_s64_h0_c937,47,315,128,64,0,24576,1008,912,1920
LRU_u128_s4_h0_c1000,0,316,128,4,0,28672,0,1920,1920
LRU_u128_s16_h2_c1000,0,316,128,16,2,28672,574,1346,1920
LRU_u128_s64_h0_c1000,0,316,128,64,0,24576,336,1584,1920
FIFO_u128_s16_h2_c1062,0,316,128,16,2,28672,574,1346,1920
FIFO_u128_s64_h0_c1000,0,316,128,64,0,24576,336,1584,1920
RANDOM_u128_s64_h1_c937,11,316,128,64,1,24576,1009,911,1920
RANDOM_u128_s64_h1_c937,29,316,128,64,1,24576,1008,912,1920
RANDOM_u128_s64_h1_c937,47,316,128,64,1,24576,1025,895,1920
CLOCK_u128_s16_h2_c1062,0,316,128,16,2,28672,574,1346,1920
SRRIP_u128_s64_h1_c937,0,316,128,64,1,24576,336,1584,1920
BRRIP_u128_s64_h0_c937,11,316,128,64,0,24576,1008,912,1920
BRRIP_u128_s64_h0_c937,29,316,128,64,0,24576,1008,912,1920
BRRIP_u128_s64_h0_c937,47,316,128,64,0,24576,1008,912,1920
LRU_u128_s4_h0_c1000,0,317,128,4,0,28672,0,1920,1920
LRU_u128_s16_h2_c1000,0,317,128,16,2,28672,672,1248,1920
LRU_u128_s64_h0_c1000,0,317,128,64,0,24576,336,1584,1920
FIFO_u128_s16_h2_c1062,0,317,128,16,2,28672,672,1248,1920
FIFO_u128_s64_h0_c1000,0,317,128,64,0,24576,336,1584,1920
RANDOM_u128_s64_h1_c937,11,317,128,64,1,24576,1013,907,1920
RANDOM_u128_s64_h1_c937,29,317,128,64,1,24576,1012,908,1920
RANDOM_u128_s64_h1_c937,47,317,128,64,1,24576,1026,894,1920
CLOCK_u128_s16_h2_c1062,0,317,128,16,2,28672,672,1248,1920
SRRIP_u128_s64_h1_c937,0,317,128,64,1,24576,336,1584,1920
BRRIP_u128_s64_h0_c937,11,317,128,64,0,24576,1008,912,1920
BRRIP_u128_s64_h0_c937,29,317,128,64,0,24576,1008,912,1920
BRRIP_u128_s64_h0_c937,47,317,128,64,0,24576,1008,912,1920
LRU_u128_s4_h0_c1000,0,318,128,4,0,28672,0,1920,1920
LRU_u128_s16_h2_c1000,0,318,128,16,2,28672,574,1346,1920
LRU_u128_s64_h0_c1000,0,318,128,64,0,24576,336,1584,1920
FIFO_u128_s16_h2_c1062,0,318,128,16,2,28672,574,1346,1920
FIFO_u128_s64_h0_c1000,0,318,128,64,0,24576,336,1584,1920
RANDOM_u128_s64_h1_c937,11,318,128,64,1,24576,1014,906,1920
RANDOM_u128_s64_h1_c937,29,318,128,64,1,24576,1009,911,1920
RANDOM_u128_s64_h1_c937,47,318,128,64,1,24576,1028,892,1920
CLOCK_u128_s16_h2_c1062,0,318,128,16,2,28672,574,1346,1920
SRRIP_u128_s64_h1_c937,0,318,128,64,1,24576,336,1584,1920
BRRIP_u128_s64_h0_c937,11,318,128,64,0,24576,1007,913,1920
BRRIP_u128_s64_h0_c937,29,318,128,64,0,24576,1008,912,1920
BRRIP_u128_s64_h0_c937,47,318,128,64,0,24576,1008,912,1920
LRU_u128_s4_h0_c1000,0,319,128,4,0,28672,0,1920,1920
LRU_u128_s16_h2_c1000,0,319,128,16,2,28672,672,1248,1920
LRU_u128_s64_h0_c1000,0,319,128,64,0,24576,336,1584,1920
FIFO_u128_s16_h2_c1062,0,319,128,16,2,28672,672,1248,1920
FIFO_u128_s64_h0_c1000,0,319,128,64,0,24576,336,1584,1920
RANDOM_u128_s64_h1_c937,11,319,128,64,1,24576,997,923,1920
RANDOM_u128_s64_h1_c937,29,319,128,64,1,24576,1013,907,1920
RANDOM_u128_s64_h1_c937,47,319,128,64,1,24576,1002,918,1920
CLOCK_u128_s16_h2_c1062,0,319,128,16,2,28672,672,1248,1920
SRRIP_u128_s64_h1_c937,0,319,128,64,1,24576,336,1584,1920
BRRIP_u128_s64_h0_c937,11,319,128,64,0,24576,1007,913,1920
BRRIP_u128_s64_h0_c937,29,319,128,64,0,24576,1008,912,1920
BRRIP_u128_s64_h0_c937,47,319,128,64,0,24576,1008,912,1920
LRU_u128_s4_h0_c1000,0,320,128,4,0,28672,0,8704,8704
LRU_u128_s16_h2_c1000,0,320,128,16,2,28672,1764,6940,8704
LRU_u128_s64_h0_c1000,0,320,128,64,0,24576,0,8704,8704
FIFO_u128_s16_h2_c1062,0,320,128,16,2,28672,1764,6940,8704
FIFO_u128_s64_h0_c1000,0,320,128,64,0,24576,0,8704,8704
RANDOM_u128_s64_h1_c937,11,320,128,64,1,24576,3380,5324,8704
RANDOM_u128_s64_h1_c937,29,320,128,64,1,24576,3348,5356,8704
RANDOM_u128_s64_h1_c937,47,320,128,64,1,24576,3352,5352,8704
CLOCK_u128_s16_h2_c1062,0,320,128,16,2,28672,1764,6940,8704
SRRIP_u128_s64_h1_c937,0,320,128,64,1,24576,0,8704,8704
BRRIP_u128_s64_h0_c937,11,320,128,64,0,24576,0,8704,8704
BRRIP_u128_s64_h0_c937,29,320,128,64,0,24576,0,8704,8704
BRRIP_u128_s64_h0_c937,47,320,128,64,0,24576,0,8704,8704
LRU_u128_s4_h0_c1000,0,321,128,4,0,28672,0,8704,8704
LRU_u128_s16_h2_c1000,0,321,128,16,2,28672,1288,7416,8704
LRU_u128_s64_h0_c1000,0,321,128,64,0,24576,0,8704,8704
FIFO_u128_s16_h2_c1062,0,321,128,16,2,28672,1288,7416,8704
FIFO_u128_s64_h0_c1000,0,321,128,64,0,24576,0,8704,8704
RANDOM_u128_s64_h1_c937,11,321,128,64,1,24576,3388,5316,8704
RANDOM_u128_s64_h1_c937,29,321,128,64,1,24576,3360,5344,8704
RANDOM_u128_s64_h1_c937,47,321,128,64,1,24576,3380,5324,8704
CLOCK_u128_s16_h2_c1062,0,321,128,16,2,28672,1288,7416,8704
SRRIP_u128_s64_h1_c937,0,321,128,64,1,24576,0,8704,8704
BRRIP_u128_s64_h0_c937,11,321,128,64,0,24576,0,8704,8704
BRRIP_u128_s64_h0_c937,29,321,128,64,0,24576,0,8704,8704
BRRIP_u128_s64_h0_c937,47,321,128,64,0,24576,0,8704,8704
LRU_u128_s4_h0_c1000,0,322,128,4,0,28672,6253,2451,8704
LRU_u128_s16_h2_c1000,0,322,128,16,2,28672,6076,2628,8704
LRU_u128_s64_h0_c1000,0,322,128,64,0,24576,5357,3347,8704
FIFO_u128_s16_h2_c1062,0,322,128,16,2,28672,4888,3816,8704
FIFO_u128_s64_h0_c1000,0,322,128,64,0,24576,4028,4676,8704
RANDOM_u128_s64_h1_c937,11,322,128,64,1,24576,4761,3943,8704
RANDOM_u128_s64_h1_c937,29,322,128,64,1,24576,4813,3891,8704
RANDOM_u128_s64_h1_c937,47,322,128,64,1,24576,4703,4001,8704
CLOCK_u128_s16_h2_c1062,0,322,128,16,2,28672,4888,3816,8704
SRRIP_u128_s64_h1_c937,0,322,128,64,1,24576,5357,3347,8704
BRRIP_u128_s64_h0_c937,11,322,128,64,0,24576,5357,3347,8704
BRRIP_u128_s64_h0_c937,29,322,128,64,0,24576,5357,3347,8704
BRRIP_u128_s64_h0_c937,47,322,128,64,0,24576,5357,3347,8704
LRU_u128_s4_h0_c1000,0,323,128,4,0,28672,6253,2451,8704
LRU_u128_s16_h2_c1000,0,323,128,16,2,28672,5973,2731,8704
LRU_u128_s64_h0_c1000,0,323,128,64,0,24576,5357,3347,8704
FIFO_u128_s16_h2_c1062,0,323,128,16,2,28672,4668,4036,8704
FIFO_u128_s64_h0_c1000,0,323,128,64,0,24576,4028,4676,8704
RANDOM_u128_s64_h1_c937,11,323,128,64,1,24576,4770,3934,8704
RANDOM_u128_s64_h1_c937,29,323,128,64,1,24576,4744,3960,8704
RANDOM_u128_s64_h1_c937,47,323,128,64,1,24576,4748,3956,8704
CLOCK_u128_s16_h2_c1062,0,323,128,16,2,28672,4668,4036,8704
SRRIP_u128_s64_h1_c937,0,323,128,64,1,24576,5357,3347,8704
BRRIP_u128_s64_h0_c937,11,323,128,64,0,24576,5357,3347,8704
BRRIP_u128_s64_h0_c937,29,323,128,64,0,24576,5357,3347,8704
BRRIP_u128_s64_h0_c937,47,323,128,64,0,24576,5357,3347,8704
LRU_u128_s4_h0_c1000,0,324,128,4,0,28672,644,8060,8704
LRU_u128_s16_h2_c1000,0,324,128,16,2,28672,2408,6296,8704
LRU_u128_s64_h0_c1000,0,324,128,64,0,24576,308,8396,8704
FIFO_u128_s16_h2_c1062,0,324,128,16,2,28672,1764,6940,8704
FIFO_u128_s64_h0_c1000,0,324,128,64,0,24576,0,8704,8704
RANDOM_u128_s64_h1_c937,11,324,128,64,1,24576,999,7705,8704
RANDOM_u128_s64_h1_c937,29,324,128,64,1,24576,1116,7588,8704
RANDOM_u128_s64_h1_c937,47,324,128,64,1,24576,1059,7645,8704
CLOCK_u128_s16_h2_c1062,0,324,128,16,2,28672,1847,6857,8704
SRRIP_u128_s64_h1_c937,0,324,128,64,1,24576,1602,7102,8704
BRRIP_u128_s64_h0_c937,11,324,128,64,0,24576,2742,5962,8704
BRRIP_u128_s64_h0_c937,29,324,128,64,0,24576,2749,5955,8704
BRRIP_u128_s64_h0_c937,47,324,128,64,0,24576,2649,6055,8704
LRU_u128_s4_h0_c1000,0,325,128,4,0,28672,644,8060,8704
LRU_u128_s16_h2_c1000,0,325,128,16,2,28672,1932,6772,8704
LRU_u128_s64_h0_c1000,0,325,128,64,0,24576,308,8396,8704
FIFO_u128_s16_h2_c1062,0,325,128,16,2,28672,1288,7416,8704
FIFO_u128_s64_h0_c1000,0,325,128,64,0,24576,0,8704,8704
RANDOM_u128_s64_h1_c937,11,325,128,64,1,24576,1078,7626,8704
RANDOM_u128_s64_h1_c937,29,325,128,64,1,24576,1039,7665,8704
RANDOM_u128_s64_h1_c937,47,325,128,64,1,24576,1011,7693,8704
CLOCK_u128_s16_h2_c1062,0,325,128,16,2,28672,1430,7274,8704
SRRIP_u128_s64_h1_c937,0,325,128,64,1,24576,1547,7157,8704
BRRIP_u128_s64_h0_c937,11,325,128,64,0,24576,2742,5962,8704
BRRIP_u128_s64_h0_c937,29,325,128,64,0,24576,2749,5955,8704
BRRIP_u128_s64_h0_c937,47,325,128,64,0,24576,2649,6055,8704
LRU_u128_s4_h0_c1000,0,326,128,4,0,28672,672,8032,8704
LRU_u128_s16_h2_c1000,0,326,128,16,2,28672,2324,6380,8704
LRU_u128_s64_h0_c1000,0,326,128,64,0,24576,224,8480,8704
FIFO_u128_s16_h2_c1062,0,326,128,16,2,28672,1764,6940,8704
FIFO_u128_s64_h0_c1000,0,326,128,64,0,24576,0,8704,8704
RANDOM_u128_s64_h1_c937,11,326,128,64,1,24576,1013,7691,8704
RANDOM_u128_s64_h1_c937,29,326,128,64,1,24576,1041,7663,8704
RANDOM_u128_s64_h1_c937,47,326,128,64,1,24576,1071,7633,8704
CLOCK_u128_s16_h2_c1062,0,326,128,16,2,28672,1844,6860,8704
SRRIP_u128_s64_h1_c937,0,326,128,64,1,24576,1612,7092,8704
BRRIP_u128_s64_h0_c937,11,326,128,64,0,24576,2688,6016,8704
BRRIP_u128_s64_h0_c937,29,326,128,64,0,24576,2667,6037,8704
BRRIP_u128_s64_h0_c937,47,326,128,64,0,24576,2769,5935,8704
LRU_u128_s4_h0_c1000,0,327,128,4,0,28672,672,8032,8704
LRU_u128_s16_h2_c1000,0,327,128,16,2,28672,1932,6772,8704
LRU_u128_s64_h0_c1000,0,327,128,64,0,24576,224,8480,8704
FIFO_u128_s16_h2_c1062,0,327,128,16,2,28672,1288,7416,8704
FIFO_u128_s64_h0_c1000,0,327,128,64,0,24576,0,8704,8704
RANDOM_u128_s64_h1_c937,11,327,128,64,1,24576,1108,7596,8704
RANDOM_u128_s64_h1_c937,29,327,128,64,1,24576,1039,7665,8704
RANDOM_u128_s64_h1_c937,47,327,128,64,1,24576,1070,7634,8704
CLOCK_u128_s16_h2_c1062,0,327,128,16,2,28672,1602,7102,8704
SRRIP_u128_s64_h1_c937,0,327,128,64,1,24576,1618,7086,8704
BRRIP_u128_s64_h0_c937,11,327,128,64,0,24576,2688,6016,8704
BRRIP_u128_s64_h0_c937,29,327,128,64,0,24576,2667,6037,8704
BRRIP_u128_s64_h0_c937,47,327,128,64,0,24576,2769,5935,8704
LRU_u128_s4_h0_c1000,0,328,128,4,0,28672,700,8004,8704
LRU_u128_s16_h2_c1000,0,328,128,16,2,28672,2268,6436,8704
LRU_u128_s64_h0_c1000,0,328,128,64,0,24576,196,8508,8704
FIFO_u128_s16_h2_c1062,0,328,128,16,2,28672,1764,6940,8704
FIFO_u128_s64_h0_c1000,0,328,128,64,0,24576,0,8704,8704
RANDOM_u128_s64_h1_c937,11,328,128,64,1,24576,1067,7637,8704
RANDOM_u128_s64_h1_c937,29,328,128,64,1,24576,1063,7641,8704
RANDOM_u128_s64_h1_c937,47,328,128,64,1,24576,1053,7651,8704
CLOCK_u128_s16_h2_c1062,0,328,128,16,2,28672,2201,6503,8704
SRRIP_u128_s64_h1_c937,0,328,128,64,1,24576,1520,7184,8704
BRRIP_u128_s64_h0_c937,11,328,128,64,0,24576,2751,5953,8704
BRRIP_u128_s64_h0_c937,29,328,128,64,0,24576,2811,5893,8704
BRRIP_u128_s64_h0_c937,47,328,128,64,0,24576,2845,5859,8704
LRU_u128_s4_h0_c1000,0,329,128,4,0,28672,700,8004,8704
LRU_u128_s16_h2_c1000,0,329,128,16,2,28672,1904,6800,8704
LRU_u128_s64_h0_c1000,0,329,128,64,0,24576,196,8508,8704
FIFO_u128_s16_h2_c1062,0,329,128,16,2,28672,1288,7416,8704
FIFO_u128_s64_h0_c1000,0,329,128,64,0,24576,0,8704,8704
RANDOM_u128_s64_h1_c937,11,329,128,64,1,24576,1074,7630,8704
RANDOM_u128_s64_h1_c937,29,329,128,64,1,24576,1004,7700,8704
RANDOM_u128_s64_h1_c937,47,329,128,64,1,24576,1051,7653,8704
CLOCK_u128_s16_h2_c1062,0,329,128,16,2,28672,1440,7264,8704
SRRIP_u128_s64_h1_c937,0,329,128,64,1,24576,1537,7167,8704
BRRIP_u128_s64_h0_c937,11,329,128,64,0,24576,2751,5953,8704
BRRIP_u128_s64_h0_c937,29,329,128,64,0,24576,2811,5893,8704
BRRIP_u128_s64_h0_c937,47,329,128,64,0,24576,2845,5859,8704
LRU_u128_s4_h0_c1000,0,330,128,4,0,28672,0,2176,2176
LRU_u128_s16_h2_c1000,0,330,128,16,2,28672,441,1735,2176
LRU_u128_s64_h0_c1000,0,330,128,64,0,24576,0,2176,2176
FIFO_u128_s16_h2_c1062,0,330,128,16,2,28672,441,1735,2176
FIFO_u128_s64_h0_c1000,0,330,128,64,0,24576,0,2176,2176
RANDOM_u128_s64_h1_c937,11,330,128,64,1,24576,845,1331,2176
RANDOM_u128_s64_h1_c937,29,330,128,64,1,24576,837,1339,2176
RANDOM_u128_s64_h1_c937,47,330,128,64,1,24576,838,1338,2176
CLOCK_u128_s16_h2_c1062,0,330,128,16,2,28672,441,1735,2176
SRRIP_u128_s64_h1_c937,0,330,128,64,1,24576,0,2176,2176
BRRIP_u128_s64_h0_c937,11,330,128,64,0,24576,896,1280,2176
BRRIP_u128_s64_h0_c937,29,330,128,64,0,24576,896,1280,2176
BRRIP_u128_s64_h0_c937,47,330,128,64,0,24576,896,1280,2176
LRU_u128_s4_h0_c1000,0,331,128,4,0,28672,0,2176,2176
LRU_u128_s16_h2_c1000,0,331,128,16,2,28672,322,1854,2176
LRU_u128_s64_h0_c1000,0,331,128,64,0,24576,0,2176,2176
FIFO_u128_s16_h2_c1062,0,331,128,16,2,28672,322,1854,2176
FIFO_u128_s64_h0_c1000,0,331,128,64,0,24576,0,2176,2176
RANDOM_u128_s64_h1_c937,11,331,128,64,1,24576,847,1329,2176
RANDOM_u128_s64_h1_c937,29,331,128,64,1,24576,840,1336,2176
RANDOM_u128_s64_h1_c937,47,331,128,64,1,24576,845,1331,2176
CLOCK_u128_s16_h2_c1062,0,331,128,16,2,28672,322,1854,2176
SRRIP_u128_s64_h1_c937,0,331,128,64,1,24576,0,2176,2176
BRRIP_u128_s64_h0_c937,11,331,128,64,0,24576,896,1280,2176
BRRIP_u128_s64_h0_c937,29,331,128,64,0,24576,896,1280,2176
BRRIP_u128_s64_h0_c937,47,331,128,64,0,24576,896,1280,2176
LRU_u128_s4_h0_c1000,0,332,128,4,0,28672,1561,615,2176
LRU_u128_s16_h2_c1000,0,332,128,16,2,28672,1519,657,2176
LRU_u128_s64_h0_c1000,0,332,128,64,0,24576,1337,839,2176
FIFO_u128_s16_h2_c1062,0,332,128,16,2,28672,1222,954,2176
FIFO_u128_s64_h0_c1000,0,332,128,64,0,24576,1007,1169,2176
RANDOM_u128_s64_h1_c937,11,332,128,64,1,24576,1188,988,2176
RANDOM_u128_s64_h1_c937,29,332,128,64,1,24576,1204,972,2176
RANDOM_u128_s64_h1_c937,47,332,128,64,1,24576,1175,1001,2176
CLOCK_u128_s16_h2_c1062,0,332,128,16,2,28672,1222,954,2176
SRRIP_u128_s64_h1_c937,0,332,128,64,1,24576,1331,845,2176
BRRIP_u128_s64_h0_c937,11,332,128,64,0,24576,1230,946,2176
BRRIP_u128_s64_h0_c937,29,332,128,64,0,24576,1231,945,2176
BRRIP_u128_s64_h0_c937,47,332,128,64,0,24576,1224,952,2176
LRU_u128_s4_h0_c1000,0,333,128,4,0,28672,1561,615,2176
LRU_u128_s16_h2_c1000,0,333,128,16,2,28672,1491,685,2176
LRU_u128_s64_h0_c1000,0,333,128,64,0,24576,1337,839,2176
FIFO_u128_s16_h2_c1062,0,333,128,16,2,28672,1167,1009,2176
FIFO_u128_s64_h0_c1000,0,333,128,64,0,24576,1007,1169,2176
RANDOM_u128_s64_h1_c937,11,333,128,64,1,24576,1191,985,2176
RANDOM_u128_s64_h1_c937,29,333,128,64,1,24576,1186,990,2176
RANDOM_u128_s64_h1_c937,47,333,128,64,1,24576,1187,989,2176
CLOCK_u128_s16_h2_c1062,0,333,128,16,2,28672,1167,1009,2176
SRRIP_u128_s64_h1_c937,0,333,128,64,1,24576,1331,845,2176
BRRIP_u128_s64_h0_c937,11,333,128,64,0,24576,1230,946,2176
BRRIP_u128_s64_h0_c937,29,333,128,64,0,24576,1231,945,2176
BRRIP_u128_s64_h0_c937,47,333,128,64,0,24576,1224,952,2176
LRU_u128_s4_h0_c1000,0,334,128,4,0,28672,0,2176,2176
LRU_u128_s16_h2_c1000,0,334,128,16,2,28672,441,1735,2176
LRU_u128_s64_h0_c1000,0,334,128,64,0,24576,0,2176,2176
FIFO_u128_s16_h2_c1062,0,334,128,16,2,28672,441,1735,2176
FIFO_u128_s64_h0_c1000,0,334,128,64,0,24576,0,2176,2176
RANDOM_u128_s64_h1_c937,11,334,128,64,1,24576,839,1337,2176
RANDOM_u128_s64_h1_c937,29,334,128,64,1,24576,833,1343,2176
RANDOM_u128_s64_h1_c937,47,334,128,64,1,24576,831,1345,2176
CLOCK_u128_s16_h2_c1062,0,334,128,16,2,28672,441,1735,2176
SRRIP_u128_s64_h1_c937,0,334,128,64,1,24576,0,2176,2176
BRRIP_u128_s64_h0_c937,11,334,128,64,0,24576,896,1280,2176
BRRIP_u128_s64_h0_c937,29,334,128,64,0,24576,896,1280,2176
BRRIP_u128_s64_h0_c937,47,334,128,64,0,24576,896,1280,2176
LRU_u128_s4_h0_c1000,0,335,128,4,0,28672,0,2176,2176
LRU_u128_s16_h2_c1000,0,335,128,16,2,28672,322,1854,2176
LRU_u128_s64_h0_c1000,0,335,128,64,0,24576,0,2176,2176
FIFO_u128_s16_h2_c1062,0,335,128,16,2,28672,322,1854,2176
FIFO_u128_s64_h0_c1000,0,335,128,64,0,24576,0,2176,2176
RANDOM_u128_s64_h1_c937,11,335,128,64,1,24576,811,1365,2176
RANDOM_u128_s64_h1_c937,29,335,128,64,1,24576,829,1347,2176
RANDOM_u128_s64_h1_c937,47,335,128,64,1,24576,841,1335,2176
CLOCK_u128_s16_h2_c1062,0,335,128,16,2,28672,322,1854,2176
SRRIP_u128_s64_h1_c937,0,335,128,64,1,24576,0,2176,2176
BRRIP_u128_s64_h0_c937,11,335,128,64,0,24576,896,1280,2176
BRRIP_u128_s64_h0_c937,29,335,128,64,0,24576,896,1280,2176
BRRIP_u128_s64_h0_c937,47,335,128,64,0,24576,896,1280,2176
LRU_u128_s4_h0_c1000,0,336,128,4,0,28672,0,2176,2176
LRU_u128_s16_h2_c1000,0,336,128,16,2,28672,441,1735,2176
LRU_u128_s64_h0_c1000,0,336,128,64,0,24576,0,2176,2176
FIFO_u128_s16_h2_c1062,0,336,128,16,2,28672,441,1735,2176
FIFO_u128_s64_h0_c1000,0,336,128,64,0,24576,0,2176,2176
RANDOM_u128_s64_h1_c937,11,336,128,64,1,24576,839,1337,2176
RANDOM_u128_s64_h1_c937,29,336,128,64,1,24576,825,1351,2176
RANDOM_u128_s64_h1_c937,47,336,128,64,1,24576,833,1343,2176
CLOCK_u128_s16_h2_c1062,0,336,128,16,2,28672,441,1735,2176
SRRIP_u128_s64_h1_c937,0,336,128,64,1,24576,0,2176,2176
BRRIP_u128_s64_h0_c937,11,336,128,64,0,24576,896,1280,2176
BRRIP_u128_s64_h0_c937,29,336,128,64,0,24576,896,1280,2176
BRRIP_u128_s64_h0_c937,47,336,128,64,0,24576,896,1280,2176
LRU_u128_s4_h0_c1000,0,337,128,4,0,28672,0,2176,2176
LRU_u128_s16_h2_c1000,0,337,128,16,2,28672,322,1854,2176
LRU_u128_s64_h0_c1000,0,337,128,64,0,24576,0,2176,2176
FIFO_u128_s16_h2_c1062,0,337,128,16,2,28672,322,1854,2176
FIFO_u128_s64_h0_c1000,0,337,128,64,0,24576,0,2176,2176
RANDOM_u128_s64_h1_c937,11,337,128,64,1,24576,844,1332,2176
RANDOM_u128_s64_h1_c937,29,337,128,64,1,24576,833,1343,2176
RANDOM_u128_s64_h1_c937,47,337,128,64,1,24576,848,1328,2176
CLOCK_u128_s16_h2_c1062,0,337,128,16,2,28672,322,1854,2176
SRRIP_u128_s64_h1_c937,0,337,128,64,1,24576,0,2176,2176
BRRIP_u128_s64_h0_c937,11,337,128,64,0,24576,896,1280,2176
BRRIP_u128_s64_h0_c937,29,337,128,64,0,24576,896,1280,2176
BRRIP_u128_s64_h0_c937,47,337,128,64,0,24576,896,1280,2176
LRU_u128_s4_h0_c1000,0,338,128,4,0,28672,0,2176,2176
LRU_u128_s16_h2_c1000,0,338,128,16,2,28672,441,1735,2176
LRU_u128_s64_h0_c1000,0,338,128,64,0,24576,0,2176,2176
FIFO_u128_s16_h2_c1062,0,338,128,16,2,28672,441,1735,2176
FIFO_u128_s64_h0_c1000,0,338,128,64,0,24576,0,2176,2176
RANDOM_u128_s64_h1_c937,11,338,128,64,1,24576,813,1363,2176
RANDOM_u128_s64_h1_c937,29,338,128,64,1,24576,822,1354,2176
RANDOM_u128_s64_h1_c937,47,338,128,64,1,24576,851,1325,2176
CLOCK_u128_s16_h2_c1062,0,338,128,16,2,28672,441,1735,2176
SRRIP_u128_s64_h1_c937,0,338,128,64,1,24576,0,2176,2176
BRRIP_u128_s64_h0_c937,11,338,128,64,0,24576,896,1280,2176
BRRIP_u128_s64_h0_c937,29,338,128,64,0,24576,896,1280,2176
BRRIP_u128_s64_h0_c937,47,338,128,64,0,24576,896,1280,2176
LRU_u128_s4_h0_c1000,0,339,128,4,0,28672,0,2176,2176
LRU_u128_s16_h2_c1000,0,339,128,16,2,28672,322,1854,2176
LRU_u128_s64_h0_c1000,0,339,128,64,0,24576,0,2176,2176
FIFO_u128_s16_h2_c1062,0,339,128,16,2,28672,322,1854,2176
FIFO_u128_s64_h0_c1000,0,339,128,64,0,24576,0,2176,2176
RANDOM_u128_s64_h1_c937,11,339,128,64,1,24576,838,1338,2176
RANDOM_u128_s64_h1_c937,29,339,128,64,1,24576,806,1370,2176
RANDOM_u128_s64_h1_c937,47,339,128,64,1,24576,832,1344,2176
CLOCK_u128_s16_h2_c1062,0,339,128,16,2,28672,322,1854,2176
SRRIP_u128_s64_h1_c937,0,339,128,64,1,24576,0,2176,2176
BRRIP_u128_s64_h0_c937,11,339,128,64,0,24576,896,1280,2176
BRRIP_u128_s64_h0_c937,29,339,128,64,0,24576,896,1280,2176
BRRIP_u128_s64_h0_c937,47,339,128,64,0,24576,896,1280,2176
LRU_u128_s4_h0_c1000,0,340,128,4,0,28672,0,11264,11264
LRU_u128_s16_h2_c1000,0,340,128,16,2,28672,0,11264,11264
LRU_u128_s64_h0_c1000,0,340,128,64,0,24576,0,11264,11264
FIFO_u128_s16_h2_c1062,0,340,128,16,2,28672,0,11264,11264
FIFO_u128_s64_h0_c1000,0,340,128,64,0,24576,0,11264,11264
RANDOM_u128_s64_h1_c937,11,340,128,64,1,24576,2240,9024,11264
RANDOM_u128_s64_h1_c937,29,340,128,64,1,24576,2252,9012,11264
RANDOM_u128_s64_h1_c937,47,340,128,64,1,24576,2228,9036,11264
CLOCK_u128_s16_h2_c1062,0,340,128,16,2,28672,0,11264,11264
SRRIP_u128_s64_h1_c937,0,340,128,64,1,24576,0,11264,11264
BRRIP_u128_s64_h0_c937,11,340,128,64,0,24576,0,11264,11264
BRRIP_u128_s64_h0_c937,29,340,128,64,0,24576,0,11264,11264
BRRIP_u128_s64_h0_c937,47,340,128,64,0,24576,0,11264,11264
LRU_u128_s4_h0_c1000,0,341,128,4,0,28672,0,11264,11264
LRU_u128_s16_h2_c1000,0,341,128,16,2,28672,0,11264,11264
LRU_u128_s64_h0_c1000,0,341,128,64,0,24576,0,11264,11264
FIFO_u128_s16_h2_c1062,0,341,128,16,2,28672,0,11264,11264
FIFO_u128_s64_h0_c1000,0,341,128,64,0,24576,0,11264,11264
RANDOM_u128_s64_h1_c937,11,341,128,64,1,24576,2236,9028,11264
RANDOM_u128_s64_h1_c937,29,341,128,64,1,24576,2200,9064,11264
RANDOM_u128_s64_h1_c937,47,341,128,64,1,24576,2224,9040,11264
CLOCK_u128_s16_h2_c1062,0,341,128,16,2,28672,0,11264,11264
SRRIP_u128_s64_h1_c937,0,341,128,64,1,24576,0,11264,11264
BRRIP_u128_s64_h0_c937,11,341,128,64,0,24576,0,11264,11264
BRRIP_u128_s64_h0_c937,29,341,128,64,0,24576,0,11264,11264
BRRIP_u128_s64_h0_c937,47,341,128,64,0,24576,0,11264,11264
LRU_u128_s4_h0_c1000,0,342,128,4,0,28672,6253,5011,11264
LRU_u128_s16_h2_c1000,0,342,128,16,2,28672,6253,5011,11264
LRU_u128_s64_h0_c1000,0,342,128,64,0,24576,5357,5907,11264
FIFO_u128_s16_h2_c1062,0,342,128,16,2,28672,5020,6244,11264
FIFO_u128_s64_h0_c1000,0,342,128,64,0,24576,4973,6291,11264
RANDOM_u128_s64_h1_c937,11,342,128,64,1,24576,4574,6690,11264
RANDOM_u128_s64_h1_c937,29,342,128,64,1,24576,4470,6794,11264
RANDOM_u128_s64_h1_c937,47,342,128,64,1,24576,4432,6832,11264
CLOCK_u128_s16_h2_c1062,0,342,128,16,2,28672,5020,6244,11264
SRRIP_u128_s64_h1_c937,0,342,128,64,1,24576,5357,5907,11264
BRRIP_u128_s64_h0_c937,11,342,128,64,0,24576,5357,5907,11264
BRRIP_u128_s64_h0_c937,29,342,128,64,0,24576,5357,5907,11264
BRRIP_u128_s64_h0_c937,47,342,128,64,0,24576,5357,5907,11264
LRU_u128_s4_h0_c1000,0,343,128,4,0,28672,6253,5011,11264
LRU_u128_s16_h2_c1000,0,343,128,16,2,28672,6253,5011,11264
LRU_u128_s64_h0_c1000,0,343,128,64,0,24576,5357,5907,11264
FIFO_u128_s16_h2_c1062,0,343,128,16,2,28672,5068,6196,11264
FIFO_u128_s64_h0_c1000,0,343,128,64,0,24576,4973,6291,11264
RANDOM_u128_s64_h1_c937,11,343,128,64,1,24576,4505,6759,11264
RANDOM_u128_s64_h1_c937,29,343,128,64,1,24576,4514,6750,11264
RANDOM_u128_s64_h1_c937,47,343,128,64,1,24576,4466,6798,11264
CLOCK_u128_s16_h2_c1062,0,343,128,16,2,28672,5068,6196,11264
SRRIP_u128_s64_h1_c937,0,343,128,64,1,24576,5357,5907,11264
BRRIP_u128_s64_h0_c937,11,343,128,64,0,24576,5357,5907,11264
BRRIP_u128_s64_h0_c937,29,343,128,64,0,24576,5357,5907,11264
BRRIP_u128_s64_h0_c937,47,343,128,64,0,24576,5357,5907,11264
LRU_u128_s4_h0_c1000,0,344,128,4,0,28672,0,11264,11264
LRU_u128_s16_h2_c1000,0,344,128,16,2,28672,616,10648,11264
LRU_u128_s64_h0_c1000,0,344,128,64,0,24576,0,11264,11264
FIFO_u128_s16_h2_c1062,0,344,128,16,2,28672,0,11264,11264
FIFO_u128_s64_h0_c1000,0,344,128,64,0,24576,0,11264,11264
RANDOM_u128_s64_h1_c937,11,344,128,64,1,24576,218,11046,11264
RANDOM_u128_s64_h1_c937,29,344,128,64,1,24576,204,11060,11264
RANDOM_u128_s64_h1_c937,47,344,128,64,1,24576,198,11066,11264
CLOCK_u128_s16_h2_c1062,0,344,128,16,2,28672,42,11222,11264
SRRIP_u128_s64_h1_c937,0,344,128,64,1,24576,74,11190,11264
BRRIP_u128_s64_h0_c937,11,344,128,64,0,24576,2124,9140,11264
BRRIP_u128_s64_h0_c937,29,344,128,64,0,24576,2092,9172,11264
BRRIP_u128_s64_h0_c937,47,344,128,64,0,24576,2281,8983,11264
LRU_u128_s4_h0_c1000,0,345,128,4,0,28672,0,11264,11264
LRU_u128_s16_h2_c1000,0,345,128,16,2,28672,420,10844,11264
LRU_u128_s64_h0_c1000,0,345,128,64,0,24576,0,11264,11264
FIFO_u128_s16_h2_c1062,0,345,128,16,2,28672,0,11264,11264
FIFO_u128_s64_h0_c1000,0,345,128,64,0,24576,0,11264,11264
RANDOM_u128_s64_h1_c937,11,345,128,64,1,24576,250,11014,11264
RANDOM_u128_s64_h1_c937,29,345,128,64,1,24576,262,11002,11264
RANDOM_u128_s64_h1_c937,47,345,128,64,1,24576,177,11087,11264
CLOCK_u128_s16_h2_c1062,0,345,128,16,2,28672,59,11205,11264
SRRIP_u128_s64_h1_c937,0,345,128,64,1,24576,71,11193,11264
BRRIP_u128_s64_h0_c937,11,345,128,64,0,24576,2124,9140,11264
BRRIP_u128_s64_h0_c937,29,345,128,64,0,24576,2092,9172,11264
BRRIP_u128_s64_h0_c937,47,345,128,64,0,24576,2281,8983,11264
LRU_u128_s4_h0_c1000,0,346,128,4,0,28672,0,11264,11264
LRU_u128_s16_h2_c1000,0,346,128,16,2,28672,588,10676,11264
LRU_u128_s64_h0_c1000,0,346,128,64,0,24576,0,11264,11264
FIFO_u128_s16_h2_c1062,0,346,128,16,2,28672,0,11264,11264
FIFO_u128_s64_h0_c1000,0,346,128,64,0,24576,0,11264,11264
RANDOM_u128_s64_h1_c937,11,346,128,64,1,24576,193,11071,11264
RANDOM_u128_s64_h1_c937,29,346,128,64,1,24576,192,11072,11264
RANDOM_u128_s64_h1_c937,47,346,128,64,1,24576,185,11079,11264
CLOCK_u128_s16_h2_c1062,0,346,128,16,2,28672,345,10919,11264
SRRIP_u128_s64_h1_c937,0,346,128,64,1,24576,120,11144,11264
BRRIP_u128_s64_h0_c937,11,346,128,64,0,24576,2323,8941,11264
BRRIP_u128_s64_h0_c937,29,346,128,64,0,24576,2248,9016,11264
BRRIP_u128_s64_h0_c937,47,346,128,64,0,24576,2273,8991,11264
LRU_u128_s4_h0_c1000,0,347,128,4,0,28672,0,11264,11264
LRU_u128_s16_h2_c1000,0,347,128,16,2,28672,308,10956,11264
LRU_u128_s64_h0_c1000,0,347,128,64,0,24576,0,11264,11264
FIFO_u128_s16_h2_c1062,0,347,128,16,2,28672,0,11264,11264
FIFO_u128_s64_h0_c1000,0,347,128,64,0,24576,0,11264,11264
RANDOM_u128_s64_h1_c937,11,347,128,64,1,24576,194,11070,11264
RANDOM_u128_s64_h1_c937,29,347,128,64,1,24576,170,11094,11264
RANDOM_u128_s64_h1_c937,47,347,128,64,1,24576,209,11055,11264
CLOCK_u128_s16_h2_c1062,0,347,128,16,2,28672,202,11062,11264
SRRIP_u128_s64_h1_c937,0,347,128,64,1,24576,118,11146,11264
BRRIP_u128_s64_h0_c937,11,347,128,64,0,24576,2323,8941,11264
BRRIP_u128_s64_h0_c937,29,347,128,64,0,24576,2248,9016,11264
BRRIP_u128_s64_h0_c937,47,347,128,64,0,24576,2273,8991,11264
LRU_u128_s4_h0_c1000,0,348,128,4,0,28672,0,11264,11264
LRU_u128_s16_h2_c1000,0,348,128,16,2,28672,616,10648,11264
LRU_u128_s64_h0_c1000,0,348,128,64,0,24576,0,11264,11264
FIFO_u128_s16_h2_c1062,0,348,128,16,2,28672,0,11264,11264
FIFO_u128_s64_h0_c1000,0,348,128,64,0,24576,0,11264,11264
RANDOM_u128_s64_h1_c937,11,348,128,64,1,24576,212,11052,11264
RANDOM_u128_s64_h1_c937,29,348,128,64,1,24576,208,11056,11264
RANDOM_u128_s64_h1_c937,47,348,128,64,1,24576,215,11049,11264
CLOCK_u128_s16_h2_c1062,0,348,128,16,2,28672,189,11075,11264
SRRIP_u128_s64_h1_c937,0,348,128,64,1,24576,124,11140,11264
BRRIP_u128_s64_h0_c937,11,348,128,64,0,24576,2260,9004,11264
BRRIP_u128_s64_h0_c937,29,348,128,64,0,24576,2122,9142,11264
BRRIP_u128_s64_h0_c937,47,348,128,64,0,24576,2250,9014,11264
LRU_u128_s4_h0_c1000,0,349,128,4,0,28672,0,11264,11264
LRU_u128_s16_h2_c1000,0,349,128,16,2,28672,364,10900,11264
LRU_u128_s64_h0_c1000,0,349,128,64,0,24576,0,11264,11264
FIFO_u128_s16_h2_c1062,0,349,128,16,2,28672,0,11264,11264
FIFO_u128_s64_h0_c1000,0,349,128,64,0,24576,0,11264,11264
RANDOM_u128_s64_h1_c937,11,349,128,64,1,24576,208,11056,11264
RANDOM_u128_s64_h1_c937,29,349,128,64,1,24576,176,11088,11264
RANDOM_u128_s64_h1_c937,47,349,128,64,1,24576,166,11098,11264
CLOCK_u128_s16_h2_c1062,0,349,128,16,2,28672,27,11237,11264
SRRIP_u128_s64_h1_c937,0,349,128,64,1,24576,109,11155,11264
BRRIP_u128_s64_h0_c937,11,349,128,64,0,24576,2260,9004,11264
BRRIP_u128_s64_h0_c937,29,349,128,64,0,24576,2122,9142,11264
BRRIP_u128_s64_h0_c937,47,349,128,64,0,24576,2250,9014,11264
LRU_u128_s4_h0_c1000,0,350,128,4,0,28672,0,2816,2816
LRU_u128_s16_h2_c1000,0,350,128,16,2,28672,0,2816,2816
LRU_u128_s64_h0_c1000,0,350,128,64,0,24576,0,2816,2816
FIFO_u128_s16_h2_c1062,0,350,128,16,2,28672,0,2816,2816
FIFO_u128_s64_h0_c1000,0,350,128,64,0,24576,0,2816,2816
RANDOM_u128_s64_h1_c937,11,350,128,64,1,24576,560,2256,2816
RANDOM_u128_s64_h1_c937,29,350,128,64,1,24576,563,2253,2816
RANDOM_u128_s64_h1_c937,47,350,128,64,1,24576,557,2259,2816
CLOCK_u128_s16_h2_c1062,0,350,128,16,2,28672,0,2816,2816
SRRIP_u128_s64_h1_c937,0,350,128,64,1,24576,0,2816,2816
BRRIP_u128_s64_h0_c937,11,350,128,64,0,24576,896,1920,2816
BRRIP_u128_s64_h0_c937,29,350,128,64,0,24576,896,1920,2816
BRRIP_u128_s64_h0_c937,47,350,128,64,0,24576,896,1920,2816
LRU_u128_s4_h0_c1000,0,351,128,4,0,28672,0,2816,2816
LRU_u128_s16_h2_c1000,0,351,128,16,2,28672,0,2816,2816
LRU_u128_s64_h0_c1000,0,351,128,64,0,24576,0,2816,2816
FIFO_u128_s16_h2_c1062,0,351,128,16,2,28672,0,2816,2816
FIFO_u128_s64_h0_c1000,0,351,128,64,0,24576,0,2816,2816
RANDOM_u128_s64_h1_c937,11,351,128,64,1,24576,559,2257,2816
RANDOM_u128_s64_h1_c937,29,351,128,64,1,24576,550,2266,2816
RANDOM_u128_s64_h1_c937,47,351,128,64,1,24576,556,2260,2816
CLOCK_u128_s16_h2_c1062,0,351,128,16,2,28672,0,2816,2816
SRRIP_u128_s64_h1_c937,0,351,128,64,1,24576,0,2816,2816
BRRIP_u128_s64_h0_c937,11,351,128,64,0,24576,896,1920,2816
BRRIP_u128_s64_h0_c937,29,351,128,64,0,24576,896,1920,2816
BRRIP_u128_s64_h0_c937,47,351,128,64,0,24576,896,1920,2816
LRU_u128_s4_h0_c1000,0,352,128,4,0,28672,1561,1255,2816
LRU_u128_s16_h2_c1000,0,352,128,16,2,28672,1561,1255,2816
LRU_u128_s64_h0_c1000,0,352,128,64,0,24576,1337,1479,2816
FIFO_u128_s16_h2_c1062,0,352,128,16,2,28672,1255,1561,2816
FIFO_u128_s64_h0_c1000,0,352,128,64,0,24576,1241,1575,2816
RANDOM_u128_s64_h1_c937,11,352,128,64,1,24576,1142,1674,2816
RANDOM_u128_s64_h1_c937,29,352,128,64,1,24576,1116,1700,2816
RANDOM_u128_s64_h1_c937,47,352,128,64,1,24576,1108,1708,2816
CLOCK_u128_s16_h2_c1062,0,352,128,16,2,28672,1255,1561,2816
SRRIP_u128_s64_h1_c937,0,352,128,64,1,24576,1332,1484,2816
BRRIP_u128_s64_h0_c937,11,352,128,64,0,24576,897,1919,2816
BRRIP_u128_s64_h0_c937,29,352,128,64,0,24576,902,1914,2816
BRRIP_u128_s64_h0_c937,47,352,128,64,0,24576,900,1916,2816
LRU_u128_s4_h0_c1000,0,353,128,4,0,28672,1561,1255,2816
LRU_u128_s16_h2_c1000,0,353,128,16,2,28672,1561,1255,2816
LRU_u128_s64_h0_c1000,0,353,128,64,0,24576,1337,1479,2816
FIFO_u128_s16_h2_c1062,0,353,128,16,2,28672,1267,1549,2816
FIFO_u128_s64_h0_c1000,0,353,128,64,0,24576,1241,1575,2816
RANDOM_u128_s64_h1_c937,11,353,128,64,1,24576,1124,1692,2816
RANDOM_u128_s64_h1_c937,29,353,128,64,1,24576,1127,1689,2816
RANDOM_u128_s64_h1_c937,47,353,128,64,1,24576,1115,1701,2816
CLOCK_u128_s16_h2_c1062,0,353,128,16,2,28672,1267,1549,2816
SRRIP_u128_s64_h1_c937,0,353,128,64,1,24576,1332,1484,2816
BRRIP_u128_s64_h0_c937,11,353,128,64,0,24576,897,1919,2816
BRRIP_u128_s64_h0_c937,29,353,128,64,0,24576,902,1914,2816
BRRIP_u128_s64_h0_c937,47,353,128,64,0,24576,900,1916,2816
LRU_u128_s4_h0_c1000,0,354,128,4,0,28672,0,2816,2816
LRU_u128_s16_h2_c1000,0,354,128,16,2,28672,0,2816,2816
LRU_u128_s64_h0_c1000,0,354,128,64,0,24576,0,2816,2816
FIFO_u128_s16_h2_c1062,0,354,128,16,2,28672,0,2816,2816
FIFO_u128_s64_h0_c1000,0,354,128,64,0,24576,0,2816,2816
RANDOM_u128_s64_h1_c937,11,354,128,64,1,24576,563,2253,2816
RANDOM_u128_s64_h1_c937,29,354,128,64,1,24576,554,2262,2816
RANDOM_u128_s64_h1_c937,47,354,128,64,1,24576,572,2244,2816
CLOCK_u128_s16_h2_c1062,0,354,128,16,2,28672,0,2816,2816
SRRIP_u128_s64_h1_c937,0,354,128,64,1,24576,0,2816,2816
BRRIP_u128_s64_h0_c937,11,354,128,64,0,24576,896,1920,2816
BRRIP_u128_s64_h0_c937,29,354,128,64,0,24576,896,1920,2816
BRRIP_u128_s64_h0_c937,47,354,128,64,0,24576,896,1920,2816
LRU_u128_s4_h0_c1000,0,355,128,4,0,28672,0,2816,2816
LRU_u128_s16_h2_c1000,0,355,128,16,2,28672,0,2816,2816
LRU_u128_s64_h0_c1000,0,355,128,64,0,24576,0,2816,2816
FIFO_u128_s16_h2_c1062,0,355,128,16,2,28672,0,2816,2816
FIFO_u128_s64_h0_c1000,0,355,128,64,0,24576,0,2816,2816
RANDOM_u128_s64_h1_c937,11,355,128,64,1,24576,539,2277,2816
RANDOM_u128_s64_h1_c937,29,355,128,64,1,24576,547,2269,2816
RANDOM_u128_s64_h1_c937,47,355,128,64,1,24576,568,2248,2816
CLOCK_u128_s16_h2_c1062,0,355,128,16,2,28672,0,2816,2816
SRRIP_u128_s64_h1_c937,0,355,128,64,1,24576,0,2816,2816
BRRIP_u128_s64_h0_c937,11,355,128,64,0,24576,896,1920,2816
BRRIP_u128_s64_h0_c937,29,355,128,64,0,24576,896,1920,2816
BRRIP_u128_s64_h0_c937,47,355,128,64,0,24576,896,1920,2816
LRU_u128_s4_h0_c1000,0,356,128,4,0,28672,0,2816,2816
LRU_u128_s16_h2_c1000,0,356,128,16,2,28672,0,2816,2816
LRU_u128_s64_h0_c1000,0,356,128,64,0,24576,0,2816,2816
FIFO_u128_s16_h2_c1062,0,356,128,16,2,28672,0,2816,2816
FIFO_u128_s64_h0_c1000,0,356,128,64,0,24576,0,2816,2816
RANDOM_u128_s64_h1_c937,11,356,128,64,1,24576,548,2268,2816
RANDOM_u128_s64_h1_c937,29,356,128,64,1,24576,536,2280,2816
RANDOM_u128_s64_h1_c937,47,356,128,64,1,24576,544,2272,2816
CLOCK_u128_s16_h2_c1062,0,356,128,16,2,28672,0,2816,2816
SRRIP_u128_s64_h1_c937,0,356,128,64,1,24576,0,2816,2816
BRRIP_u128_s64_h0_c937,11,356,128,64,0,24576,896,1920,2816
BRRIP_u128_s64_h0_c937,29,356,128,64,0,24576,896,1920,2816
BRRIP_u128_s64_h0_c937,47,356,128,64,0,24576,894,1922,2816
LRU_u128_s4_h0_c1000,0,357,128,4,0,28672,0,2816,2816
LRU_u128_s16_h2_c1000,0,357,128,16,2,28672,0,2816,2816
LRU_u128_s64_h0_c1000,0,357,128,64,0,24576,0,2816,2816
FIFO_u128_s16_h2_c1062,0,357,128,16,2,28672,0,2816,2816
FIFO_u128_s64_h0_c1000,0,357,128,64,0,24576,0,2816,2816
RANDOM_u128_s64_h1_c937,11,357,128,64,1,24576,539,2277,2816
RANDOM_u128_s64_h1_c937,29,357,128,64,1,24576,517,2299,2816
RANDOM_u128_s64_h1_c937,47,357,128,64,1,24576,545,2271,2816
CLOCK_u128_s16_h2_c1062,0,357,128,16,2,28672,0,2816,2816
SRRIP_u128_s64_h1_c937,0,357,128,64,1,24576,0,2816,2816
BRRIP_u128_s64_h0_c937,11,357,128,64,0,24576,896,1920,2816
BRRIP_u128_s64_h0_c937,29,357,128,64,0,24576,896,1920,2816
BRRIP_u128_s64_h0_c937,47,357,128,64,0,24576,894,1922,2816
LRU_u128_s4_h0_c1000,0,358,128,4,0,28672,0,2816,2816
LRU_u128_s16_h2_c1000,0,358,128,16,2,28672,0,2816,2816
LRU_u128_s64_h0_c1000,0,358,128,64,0,24576,0,2816,2816
FIFO_u128_s16_h2_c1062,0,358,128,16,2,28672,0,2816,2816
FIFO_u128_s64_h0_c1000,0,358,128,64,0,24576,0,2816,2816
RANDOM_u128_s64_h1_c937,11,358,128,64,1,24576,540,2276,2816
RANDOM_u128_s64_h1_c937,29,358,128,64,1,24576,559,2257,2816
RANDOM_u128_s64_h1_c937,47,358,128,64,1,24576,536,2280,2816
CLOCK_u128_s16_h2_c1062,0,358,128,16,2,28672,0,2816,2816
SRRIP_u128_s64_h1_c937,0,358,128,64,1,24576,0,2816,2816
BRRIP_u128_s64_h0_c937,11,358,128,64,0,24576,896,1920,2816
BRRIP_u128_s64_h0_c937,29,358,128,64,0,24576,896,1920,2816
BRRIP_u128_s64_h0_c937,47,358,128,64,0,24576,896,1920,2816
LRU_u128_s4_h0_c1000,0,359,128,4,0,28672,0,2816,2816
LRU_u128_s16_h2_c1000,0,359,128,16,2,28672,0,2816,2816
LRU_u128_s64_h0_c1000,0,359,128,64,0,24576,0,2816,2816
FIFO_u128_s16_h2_c1062,0,359,128,16,2,28672,0,2816,2816
FIFO_u128_s64_h0_c1000,0,359,128,64,0,24576,0,2816,2816
RANDOM_u128_s64_h1_c937,11,359,128,64,1,24576,572,2244,2816
RANDOM_u128_s64_h1_c937,29,359,128,64,1,24576,559,2257,2816
RANDOM_u128_s64_h1_c937,47,359,128,64,1,24576,562,2254,2816
CLOCK_u128_s16_h2_c1062,0,359,128,16,2,28672,0,2816,2816
SRRIP_u128_s64_h1_c937,0,359,128,64,1,24576,0,2816,2816
BRRIP_u128_s64_h0_c937,11,359,128,64,0,24576,896,1920,2816
BRRIP_u128_s64_h0_c937,29,359,128,64,0,24576,896,1920,2816
BRRIP_u128_s64_h0_c937,47,359,128,64,0,24576,896,1920,2816
LRU_u128_s4_h0_c1000,0,360,128,4,0,98304,0,5632,5632
LRU_u128_s16_h2_c1000,0,360,128,16,2,98304,0,5632,5632
LRU_u128_s64_h0_c1000,0,360,128,64,0,98304,0,5632,5632
FIFO_u128_s16_h2_c1062,0,360,128,16,2,102400,0,5632,5632
FIFO_u128_s64_h0_c1000,0,360,128,64,0,98304,0,5632,5632
RANDOM_u128_s64_h1_c937,11,360,128,64,1,90112,0,5632,5632
RANDOM_u128_s64_h1_c937,29,360,128,64,1,90112,0,5632,5632
RANDOM_u128_s64_h1_c937,47,360,128,64,1,90112,0,5632,5632
CLOCK_u128_s16_h2_c1062,0,360,128,16,2,102400,0,5632,5632
SRRIP_u128_s64_h1_c937,0,360,128,64,1,90112,0,5632,5632
BRRIP_u128_s64_h0_c937,11,360,128,64,0,90112,0,5632,5632
BRRIP_u128_s64_h0_c937,29,360,128,64,0,90112,0,5632,5632
BRRIP_u128_s64_h0_c937,47,360,128,64,0,90112,0,5632,5632
LRU_u128_s4_h0_c1000,0,361,128,4,0,98304,0,5632,5632
LRU_u128_s16_h2_c1000,0,361,128,16,2,98304,0,5632,5632
LRU_u128_s64_h0_c1000,0,361,128,64,0,98304,0,5632,5632
FIFO_u128_s16_h2_c1062,0,361,128,16,2,102400,0,5632,5632
FIFO_u128_s64_h0_c1000,0,361,128,64,0,98304,0,5632,5632
RANDOM_u128_s64_h1_c937,11,361,128,64,1,90112,0,5632,5632
RANDOM_u128_s64_h1_c937,29,361,128,64,1,90112,0,5632,5632
RANDOM_u128_s64_h1_c937,47,361,128,64,1,90112,0,5632,5632
CLOCK_u128_s16_h2_c1062,0,361,128,16,2,102400,0,5632,5632
SRRIP_u128_s64_h1_c937,0,361,128,64,1,90112,0,5632,5632
BRRIP_u128_s64_h0_c937,11,361,128,64,0,90112,0,5632,5632
BRRIP_u128_s64_h0_c937,29,361,128,64,0,90112,0,5632,5632
BRRIP_u128_s64_h0_c937,47,361,128,64,0,90112,0,5632,5632
LRU_u128_s4_h0_c1000,0,362,128,4,0,98304,0,1408,1408
LRU_u128_s16_h2_c1000,0,362,128,16,2,98304,0,1408,1408
LRU_u128_s64_h0_c1000,0,362,128,64,0,98304,0,1408,1408
FIFO_u128_s16_h2_c1062,0,362,128,16,2,102400,0,1408,1408
FIFO_u128_s64_h0_c1000,0,362,128,64,0,98304,0,1408,1408
RANDOM_u128_s64_h1_c937,11,362,128,64,1,90112,0,1408,1408
RANDOM_u128_s64_h1_c937,29,362,128,64,1,90112,0,1408,1408
RANDOM_u128_s64_h1_c937,47,362,128,64,1,90112,0,1408,1408
CLOCK_u128_s16_h2_c1062,0,362,128,16,2,102400,0,1408,1408
SRRIP_u128_s64_h1_c937,0,362,128,64,1,90112,0,1408,1408
BRRIP_u128_s64_h0_c937,11,362,128,64,0,90112,0,1408,1408
BRRIP_u128_s64_h0_c937,29,362,128,64,0,90112,0,1408,1408
BRRIP_u128_s64_h0_c937,47,362,128,64,0,90112,0,1408,1408
LRU_u128_s4_h0_c1000,0,363,128,4,0,98304,0,1408,1408
LRU_u128_s16_h2_c1000,0,363,128,16,2,98304,0,1408,1408
LRU_u128_s64_h0_c1000,0,363,128,64,0,98304,0,1408,1408
FIFO_u128_s16_h2_c1062,0,363,128,16,2,102400,0,1408,1408
FIFO_u128_s64_h0_c1000,0,363,128,64,0,98304,0,1408,1408
RANDOM_u128_s64_h1_c937,11,363,128,64,1,90112,0,1408,1408
RANDOM_u128_s64_h1_c937,29,363,128,64,1,90112,0,1408,1408
RANDOM_u128_s64_h1_c937,47,363,128,64,1,90112,0,1408,1408
CLOCK_u128_s16_h2_c1062,0,363,128,16,2,102400,0,1408,1408
SRRIP_u128_s64_h1_c937,0,363,128,64,1,90112,0,1408,1408
BRRIP_u128_s64_h0_c937,11,363,128,64,0,90112,0,1408,1408
BRRIP_u128_s64_h0_c937,29,363,128,64,0,90112,0,1408,1408
BRRIP_u128_s64_h0_c937,47,363,128,64,0,90112,0,1408,1408
LRU_u128_s4_h0_c1000,0,364,128,4,0,98304,0,25600,25600
LRU_u128_s16_h2_c1000,0,364,128,16,2,98304,0,25600,25600
LRU_u128_s64_h0_c1000,0,364,128,64,0,98304,0,25600,25600
FIFO_u128_s16_h2_c1062,0,364,128,16,2,102400,0,25600,25600
FIFO_u128_s64_h0_c1000,0,364,128,64,0,98304,0,25600,25600
RANDOM_u128_s64_h1_c937,11,364,128,64,1,90112,0,25600,25600
RANDOM_u128_s64_h1_c937,29,364,128,64,1,90112,0,25600,25600
RANDOM_u128_s64_h1_c937,47,364,128,64,1,90112,0,25600,25600
CLOCK_u128_s16_h2_c1062,0,364,128,16,2,102400,0,25600,25600
SRRIP_u128_s64_h1_c937,0,364,128,64,1,90112,0,25600,25600
BRRIP_u128_s64_h0_c937,11,364,128,64,0,90112,0,25600,25600
BRRIP_u128_s64_h0_c937,29,364,128,64,0,90112,0,25600,25600
BRRIP_u128_s64_h0_c937,47,364,128,64,0,90112,0,25600,25600
LRU_u128_s4_h0_c1000,0,365,128,4,0,98304,0,25600,25600
LRU_u128_s16_h2_c1000,0,365,128,16,2,98304,0,25600,25600
LRU_u128_s64_h0_c1000,0,365,128,64,0,98304,0,25600,25600
FIFO_u128_s16_h2_c1062,0,365,128,16,2,102400,0,25600,25600
FIFO_u128_s64_h0_c1000,0,365,128,64,0,98304,0,25600,25600
RANDOM_u128_s64_h1_c937,11,365,128,64,1,90112,0,25600,25600
RANDOM_u128_s64_h1_c937,29,365,128,64,1,90112,0,25600,25600
RANDOM_u128_s64_h1_c937,47,365,128,64,1,90112,0,25600,25600
CLOCK_u128_s16_h2_c1062,0,365,128,16,2,102400,0,25600,25600
SRRIP_u128_s64_h1_c937,0,365,128,64,1,90112,0,25600,25600
BRRIP_u128_s64_h0_c937,11,365,128,64,0,90112,0,25600,25600
BRRIP_u128_s64_h0_c937,29,365,128,64,0,90112,0,25600,25600
BRRIP_u128_s64_h0_c937,47,365,128,64,0,90112,0,25600,25600
LRU_u128_s4_h0_c1000,0,366,128,4,0,98304,0,6400,6400
LRU_u128_s16_h2_c1000,0,366,128,16,2,98304,0,6400,6400
LRU_u128_s64_h0_c1000,0,366,128,64,0,98304,0,6400,6400
FIFO_u128_s16_h2_c1062,0,366,128,16,2,102400,0,6400,6400
FIFO_u128_s64_h0_c1000,0,366,128,64,0,98304,0,6400,6400
RANDOM_u128_s64_h1_c937,11,366,128,64,1,90112,0,6400,6400
RANDOM_u128_s64_h1_c937,29,366,128,64,1,90112,0,6400,6400
RANDOM_u128_s64_h1_c937,47,366,128,64,1,90112,0,6400,6400
CLOCK_u128_s16_h2_c1062,0,366,128,16,2,102400,0,6400,6400
SRRIP_u128_s64_h1_c937,0,366,128,64,1,90112,0,6400,6400
BRRIP_u128_s64_h0_c937,11,366,128,64,0,90112,0,6400,6400
BRRIP_u128_s64_h0_c937,29,366,128,64,0,90112,0,6400,6400
BRRIP_u128_s64_h0_c937,47,366,128,64,0,90112,0,6400,6400
LRU_u128_s4_h0_c1000,0,367,128,4,0,98304,0,6400,6400
LRU_u128_s16_h2_c1000,0,367,128,16,2,98304,0,6400,6400
LRU_u128_s64_h0_c1000,0,367,128,64,0,98304,0,6400,6400
FIFO_u128_s16_h2_c1062,0,367,128,16,2,102400,0,6400,6400
FIFO_u128_s64_h0_c1000,0,367,128,64,0,98304,0,6400,6400
RANDOM_u128_s64_h1_c937,11,367,128,64,1,90112,0,6400,6400
RANDOM_u128_s64_h1_c937,29,367,128,64,1,90112,0,6400,6400
RANDOM_u128_s64_h1_c937,47,367,128,64,1,90112,0,6400,6400
CLOCK_u128_s16_h2_c1062,0,367,128,16,2,102400,0,6400,6400
SRRIP_u128_s64_h1_c937,0,367,128,64,1,90112,0,6400,6400
BRRIP_u128_s64_h0_c937,11,367,128,64,0,90112,0,6400,6400
BRRIP_u128_s64_h0_c937,29,367,128,64,0,90112,0,6400,6400
BRRIP_u128_s64_h0_c937,47,367,128,64,0,90112,0,6400,6400
LRU_u128_s4_h0_c1000,0,368,128,4,0,98304,0,36864,36864
LRU_u128_s16_h2_c1000,0,368,128,16,2,98304,0,36864,36864
LRU_u128_s64_h0_c1000,0,368,128,64,0,98304,0,36864,36864
FIFO_u128_s16_h2_c1062,0,368,128,16,2,102400,0,36864,36864
FIFO_u128_s64_h0_c1000,0,368,128,64,0,98304,0,36864,36864
RANDOM_u128_s64_h1_c937,11,368,128,64,1,90112,0,36864,36864
RANDOM_u128_s64_h1_c937,29,368,128,64,1,90112,0,36864,36864
RANDOM_u128_s64_h1_c937,47,368,128,64,1,90112,0,36864,36864
CLOCK_u128_s16_h2_c1062,0,368,128,16,2,102400,0,36864,36864
SRRIP_u128_s64_h1_c937,0,368,128,64,1,90112,0,36864,36864
BRRIP_u128_s64_h0_c937,11,368,128,64,0,90112,0,36864,36864
BRRIP_u128_s64_h0_c937,29,368,128,64,0,90112,0,36864,36864
BRRIP_u128_s64_h0_c937,47,368,128,64,0,90112,0,36864,36864
LRU_u128_s4_h0_c1000,0,369,128,4,0,98304,0,36864,36864
LRU_u128_s16_h2_c1000,0,369,128,16,2,98304,0,36864,36864
LRU_u128_s64_h0_c1000,0,369,128,64,0,98304,0,36864,36864
FIFO_u128_s16_h2_c1062,0,369,128,16,2,102400,0,36864,36864
FIFO_u128_s64_h0_c1000,0,369,128,64,0,98304,0,36864,36864
RANDOM_u128_s64_h1_c937,11,369,128,64,1,90112,0,36864,36864
RANDOM_u128_s64_h1_c937,29,369,128,64,1,90112,0,36864,36864
RANDOM_u128_s64_h1_c937,47,369,128,64,1,90112,0,36864,36864
CLOCK_u128_s16_h2_c1062,0,369,128,16,2,102400,0,36864,36864
SRRIP_u128_s64_h1_c937,0,369,128,64,1,90112,0,36864,36864
BRRIP_u128_s64_h0_c937,11,369,128,64,0,90112,0,36864,36864
BRRIP_u128_s64_h0_c937,29,369,128,64,0,90112,0,36864,36864
BRRIP_u128_s64_h0_c937,47,369,128,64,0,90112,0,36864,36864
LRU_u128_s4_h0_c1000,0,370,128,4,0,98304,0,9216,9216
LRU_u128_s16_h2_c1000,0,370,128,16,2,98304,0,9216,9216
LRU_u128_s64_h0_c1000,0,370,128,64,0,98304,0,9216,9216
FIFO_u128_s16_h2_c1062,0,370,128,16,2,102400,0,9216,9216
FIFO_u128_s64_h0_c1000,0,370,128,64,0,98304,0,9216,9216
RANDOM_u128_s64_h1_c937,11,370,128,64,1,90112,0,9216,9216
RANDOM_u128_s64_h1_c937,29,370,128,64,1,90112,0,9216,9216
RANDOM_u128_s64_h1_c937,47,370,128,64,1,90112,0,9216,9216
CLOCK_u128_s16_h2_c1062,0,370,128,16,2,102400,0,9216,9216
SRRIP_u128_s64_h1_c937,0,370,128,64,1,90112,0,9216,9216
BRRIP_u128_s64_h0_c937,11,370,128,64,0,90112,0,9216,9216
BRRIP_u128_s64_h0_c937,29,370,128,64,0,90112,0,9216,9216
BRRIP_u128_s64_h0_c937,47,370,128,64,0,90112,0,9216,9216
LRU_u128_s4_h0_c1000,0,371,128,4,0,98304,0,9216,9216
LRU_u128_s16_h2_c1000,0,371,128,16,2,98304,0,9216,9216
LRU_u128_s64_h0_c1000,0,371,128,64,0,98304,0,9216,9216
FIFO_u128_s16_h2_c1062,0,371,128,16,2,102400,0,9216,9216
FIFO_u128_s64_h0_c1000,0,371,128,64,0,98304,0,9216,9216
RANDOM_u128_s64_h1_c937,11,371,128,64,1,90112,0,9216,9216
RANDOM_u128_s64_h1_c937,29,371,128,64,1,90112,0,9216,9216
RANDOM_u128_s64_h1_c937,47,371,128,64,1,90112,0,9216,9216
CLOCK_u128_s16_h2_c1062,0,371,128,16,2,102400,0,9216,9216
SRRIP_u128_s64_h1_c937,0,371,128,64,1,90112,0,9216,9216
BRRIP_u128_s64_h0_c937,11,371,128,64,0,90112,0,9216,9216
BRRIP_u128_s64_h0_c937,29,371,128,64,0,90112,0,9216,9216
BRRIP_u128_s64_h0_c937,47,371,128,64,0,90112,0,9216,9216
LRU_u128_s4_h0_c1000,0,372,128,4,0,98304,19712,2816,22528
LRU_u128_s16_h2_c1000,0,372,128,16,2,98304,15456,7072,22528
LRU_u128_s64_h0_c1000,0,372,128,64,0,98304,19712,2816,22528
FIFO_u128_s16_h2_c1062,0,372,128,16,2,102400,13748,8780,22528
FIFO_u128_s64_h0_c1000,0,372,128,64,0,98304,19712,2816,22528
RANDOM_u128_s64_h1_c937,11,372,128,64,1,90112,19712,2816,22528
RANDOM_u128_s64_h1_c937,29,372,128,64,1,90112,19712,2816,22528
RANDOM_u128_s64_h1_c937,47,372,128,64,1,90112,19712,2816,22528
CLOCK_u128_s16_h2_c1062,0,372,128,16,2,102400,15970,6558,22528
SRRIP_u128_s64_h1_c937,0,372,128,64,1,90112,19712,2816,22528
BRRIP_u128_s64_h0_c937,11,372,128,64,0,90112,19712,2816,22528
BRRIP_u128_s64_h0_c937,29,372,128,64,0,90112,19712,2816,22528
BRRIP_u128_s64_h0_c937,47,372,128,64,0,90112,19712,2816,22528
LRU_u128_s4_h0_c1000,0,373,128,4,0,98304,4928,704,5632
LRU_u128_s16_h2_c1000,0,373,128,16,2,98304,3094,2538,5632
LRU_u128_s64_h0_c1000,0,373,128,64,0,98304,4928,704,5632
FIFO_u128_s16_h2_c1062,0,373,128,16,2,102400,3437,2195,5632
FIFO_u128_s64_h0_c1000,0,373,128,64,0,98304,4928,704,5632
RANDOM_u128_s64_h1_c937,11,373,128,64,1,90112,4928,704,5632
RANDOM_u128_s64_h1_c937,29,373,128,64,1,90112,4928,704,5632
RANDOM_u128_s64_h1_c937,47,373,128,64,1,90112,4928,704,5632
CLOCK_u128_s16_h2_c1062,0,373,128,16,2,102400,3437,2195,5632
SRRIP_u128_s64_h1_c937,0,373,128,64,1,90112,4928,704,5632
BRRIP_u128_s64_h0_c937,11,373,128,64,0,90112,4928,704,5632
BRRIP_u128_s64_h0_c937,29,373,128,64,0,90112,4928,704,5632
BRRIP_u128_s64_h0_c937,47,373,128,64,0,90112,4928,704,5632
LRU_u128_s4_h0_c1000,0,374,128,4,0,98304,10164,16460,26624
LRU_u128_s16_h2_c1000,0,374,128,16,2,98304,11956,14668,26624
LRU_u128_s64_h0_c1000,0,374,128,64,0,98304,10808,15816,26624
FIFO_u128_s16_h2_c1062,0,374,128,16,2,102400,10276,16348,26624
FIFO_u128_s64_h0_c1000,0,374,128,64,0,98304,0,26624,26624
RANDOM_u128_s64_h1_c937,11,374,128,64,1,90112,9584,17040,26624
RANDOM_u128_s64_h1_c937,29,374,128,64,1,90112,9446,17178,26624
RANDOM_u128_s64_h1_c937,47,374,128,64,1,90112,9542,17082,26624
CLOCK_u128_s16_h2_c1062,0,374,128,16,2,102400,12223,14401,26624
SRRIP_u128_s64_h1_c937,0,374,128,64,1,90112,9372,17252,26624
BRRIP_u128_s64_h0_c937,11,374,128,64,0,90112,15946,10678,26624
BRRIP_u128_s64_h0_c937,29,374,128,64,0,90112,15725,10899,26624
BRRIP_u128_s64_h0_c937,47,374,128,64,0,90112,15826,10798,26624
LRU_u128_s4_h0_c1000,0,375,128,4,0,98304,0,6656,6656
LRU_u128_s16_h2_c1000,0,375,128,16,2,98304,2226,4430,6656
LRU_u128_s64_h0_c1000,0,375,128,64,0,98304,0,6656,6656
FIFO_u128_s16_h2_c1062,0,375,128,16,2,102400,2569,4087,6656
FIFO_u128_s64_h0_c1000,0,375,128,64,0,98304,0,6656,6656
RANDOM_u128_s64_h1_c937,11,375,128,64,1,90112,4090,2566,6656
RANDOM_u128_s64_h1_c937,29,375,128,64,1,90112,4109,2547,6656
RANDOM_u128_s64_h1_c937,47,375,128,64,1,90112,4104,2552,6656
CLOCK_u128_s16_h2_c1062,0,375,128,16,2,102400,2569,4087,6656
SRRIP_u128_s64_h1_c937,0,375,128,64,1,90112,0,6656,6656
BRRIP_u128_s64_h0_c937,11,375,128,64,0,90112,4480,2176,6656
BRRIP_u128_s64_h0_c937,29,375,128,64,0,90112,4479,2177,6656
BRRIP_u128_s64_h0_c937,47,375,128,64,0,90112,4480,2176,6656
LRU_u128_s4_h0_c1000,0,376,128,4,0,65536,12544,1792,14336
LRU_u128_s16_h2_c1000,0,376,128,16,2,65536,11144,3192,14336
LRU_u128_s64_h0_c1000,0,376,128,64,0,65536,12544,1792,14336
FIFO_u128_s16_h2_c1062,0,376,128,16,2,67584,11424,2912,14336
FIFO_u128_s64_h0_c1000,0,376,128,64,0,65536,12544,1792,14336
RANDOM_u128_s64_h1_c937,11,376,128,64,1,57344,12544,1792,14336
RANDOM_u128_s64_h1_c937,29,376,128,64,1,57344,12544,1792,14336
RANDOM_u128_s64_h1_c937,47,376,128,64,1,57344,12544,1792,14336
CLOCK_u128_s16_h2_c1062,0,376,128,16,2,67584,11499,2837,14336
SRRIP_u128_s64_h1_c937,0,376,128,64,1,57344,12544,1792,14336
BRRIP_u128_s64_h0_c937,11,376,128,64,0,57344,12544,1792,14336
BRRIP_u128_s64_h0_c937,29,376,128,64,0,57344,12544,1792,14336
BRRIP_u128_s64_h0_c937,47,376,128,64,0,57344,12544,1792,14336
LRU_u128_s4_h0_c1000,0,377,128,4,0,65536,3136,448,3584
LRU_u128_s16_h2_c1000,0,377,128,16,2,65536,2625,959,3584
LRU_u128_s64_h0_c1000,0,377,128,64,0,65536,3136,448,3584
FIFO_u128_s16_h2_c1062,0,377,128,16,2,67584,2856,728,3584
FIFO_u128_s64_h0_c1000,0,377,128,64,0,65536,3136,448,3584
RANDOM_u128_s64_h1_c937,11,377,128,64,1,57344,3136,448,3584
RANDOM_u128_s64_h1_c937,29,377,128,64,1,57344,3136,448,3584
RANDOM_u128_s64_h1_c937,47,377,128,64,1,57344,3136,448,3584
CLOCK_u128_s16_h2_c1062,0,377,128,16,2,67584,2856,728,3584
SRRIP_u128_s64_h1_c937,0,377,128,64,1,57344,3136,448,3584
BRRIP_u128_s64_h0_c937,11,377,128,64,0,57344,3136,448,3584
BRRIP_u128_s64_h0_c937,29,377,128,64,0,57344,3136,448,3584
BRRIP_u128_s64_h0_c937,47,377,128,64,0,57344,3136,448,3584
LRU_u128_s4_h0_c1000,0,378,128,4,0,65536,4284,14148,18432
LRU_u128_s16_h2_c1000,0,378,128,16,2,65536,5208,13224,18432
LRU_u128_s64_h0_c1000,0,378,128,64,0,65536,5152,13280,18432
FIFO_u128_s16_h2_c1062,0,378,128,16,2,67584,4004,14428,18432
FIFO_u128_s64_h0_c1000,0,378,128,64,0,65536,0,18432,18432
RANDOM_u128_s64_h1_c937,11,378,128,64,1,57344,3892,14540,18432
RANDOM_u128_s64_h1_c937,29,378,128,64,1,57344,3887,14545,18432
RANDOM_u128_s64_h1_c937,47,378,128,64,1,57344,3946,14486,18432
CLOCK_u128_s16_h2_c1062,0,378,128,16,2,67584,5183,13249,18432
SRRIP_u128_s64_h1_c937,0,378,128,64,1,57344,3627,14805,18432
BRRIP_u128_s64_h0_c937,11,378,128,64,0,57344,8863,9569,18432
BRRIP_u128_s64_h0_c937,29,378,128,64,0,57344,8800,9632,18432
BRRIP_u128_s64_h0_c937,47,378,128,64,0,57344,8903,9529,18432
LRU_u128_s4_h0_c1000,0,379,128,4,0,65536,0,4608,4608
LRU_u128_s16_h2_c1000,0,379,128,16,2,65536,770,3838,4608
LRU_u128_s64_h0_c1000,0,379,128,64,0,65536,0,4608,4608
FIFO_u128_s16_h2_c1062,0,379,128,16,2,67584,1001,3607,4608
FIFO_u128_s64_h0_c1000,0,379,128,64,0,65536,0,4608,4608
RANDOM_u128_s64_h1_c937,11,379,128,64,1,57344,2370,2238,4608
RANDOM_u128_s64_h1_c937,29,379,128,64,1,57344,2331,2277,4608
RANDOM_u128_s64_h1_c937,47,379,128,64,1,57344,2353,2255,4608
CLOCK_u128_s16_h2_c1062,0,379,128,16,2,67584,1001,3607,4608
SRRIP_u128_s64_h1_c937,0,379,128,64,1,57344,0,4608,4608
BRRIP_u128_s64_h0_c937,11,379,128,64,0,57344,2688,1920,4608
BRRIP_u128_s64_h0_c937,29,379,128,64,0,57344,2687,1921,4608
BRRIP_u128_s64_h0_c937,47,379,128,64,0,57344,2688,1920,4608
LRU_u128_s4_h0_c1000,0,380,128,4,0,28672,4480,640,5120
LRU_u128_s16_h2_c1000,0,380,128,16,2,28672,3892,1228,5120
LRU_u128_s64_h0_c1000,0,380,128,64,0,24576,4480,640,5120
FIFO_u128_s16_h2_c1062,0,380,128,16,2,28672,3584,1536,5120
FIFO_u128_s64_h0_c1000,0,380,128,64,0,24576,4480,640,5120
RANDOM_u128_s64_h1_c937,11,380,128,64,1,24576,4480,640,5120
RANDOM_u128_s64_h1_c937,29,380,128,64,1,24576,4480,640,5120
RANDOM_u128_s64_h1_c937,47,380,128,64,1,24576,4480,640,5120
CLOCK_u128_s16_h2_c1062,0,380,128,16,2,28672,3656,1464,5120
SRRIP_u128_s64_h1_c937,0,380,128,64,1,24576,4480,640,5120
BRRIP_u128_s64_h0_c937,11,380,128,64,0,24576,4480,640,5120
BRRIP_u128_s64_h0_c937,29,380,128,64,0,24576,4480,640,5120
BRRIP_u128_s64_h0_c937,47,380,128,64,0,24576,4480,640,5120
LRU_u128_s4_h0_c1000,0,381,128,4,0,28672,1120,160,1280
LRU_u128_s16_h2_c1000,0,381,128,16,2,28672,896,384,1280
LRU_u128_s64_h0_c1000,0,381,128,64,0,24576,1120,160,1280
FIFO_u128_s16_h2_c1062,0,381,128,16,2,28672,896,384,1280
FIFO_u128_s64_h0_c1000,0,381,128,64,0,24576,1120,160,1280
RANDOM_u128_s64_h1_c937,11,381,128,64,1,24576,1120,160,1280
RANDOM_u128_s64_h1_c937,29,381,128,64,1,24576,1120,160,1280
RANDOM_u128_s64_h1_c937,47,381,128,64,1,24576,1120,160,1280
CLOCK_u128_s16_h2_c1062,0,381,128,16,2,28672,896,384,1280
SRRIP_u128_s64_h1_c937,0,381,128,64,1,24576,1120,160,1280
BRRIP_u128_s64_h0_c937,11,381,128,64,0,24576,1120,160,1280
BRRIP_u128_s64_h0_c937,29,381,128,64,0,24576,1120,160,1280
BRRIP_u128_s64_h0_c937,47,381,128,64,0,24576,1120,160,1280
LRU_u128_s4_h0_c1000,0,382,128,4,0,28672,6272,896,7168
LRU_u128_s16_h2_c1000,0,382,128,16,2,28672,4032,3136,7168
LRU_u128_s64_h0_c1000,0,382,128,64,0,24576,2912,4256,7168
FIFO_u128_s16_h2_c1062,0,382,128,16,2,28672,3696,3472,7168
FIFO_u128_s64_h0_c1000,0,382,128,64,0,24576,2688,4480,7168
RANDOM_u128_s64_h1_c937,11,382,128,64,1,24576,3350,3818,7168
RANDOM_u128_s64_h1_c937,29,382,128,64,1,24576,3346,3822,7168
RANDOM_u128_s64_h1_c937,47,382,128,64,1,24576,3326,3842,7168
CLOCK_u128_s16_h2_c1062,0,382,128,16,2,28672,3807,3361,7168
SRRIP_u128_s64_h1_c937,0,382,128,64,1,24576,3655,3513,7168
BRRIP_u128_s64_h0_c937,11,382,128,64,0,24576,4054,3114,7168
BRRIP_u128_s64_h0_c937,29,382,128,64,0,24576,3963,3205,7168
BRRIP_u128_s64_h0_c937,47,382,128,64,0,24576,4037,3131,7168
LRU_u128_s4_h0_c1000,0,383,128,4,0,28672,1568,224,1792
LRU_u128_s16_h2_c1000,0,383,128,16,2,28672,924,868,1792
LRU_u128_s64_h0_c1000,0,383,128,64,0,24576,672,1120,1792
FIFO_u128_s16_h2_c1062,0,383,128,16,2,28672,924,868,1792
FIFO_u128_s64_h0_c1000,0,383,128,64,0,24576,672,1120,1792
RANDOM_u128_s64_h1_c937,11,383,128,64,1,24576,1118,674,1792
RANDOM_u128_s64_h1_c937,29,383,128,64,1,24576,1127,665,1792
RANDOM_u128_s64_h1_c937,47,383,128,64,1,24576,1134,658,1792
CLOCK_u128_s16_h2_c1062,0,383,128,16,2,28672,924,868,1792
SRRIP_u128_s64_h1_c937,0,383,128,64,1,24576,672,1120,1792
BRRIP_u128_s64_h0_c937,11,383,128,64,0,24576,1120,672,1792
BRRIP_u128_s64_h0_c937,29,383,128,64,0,24576,1120,672,1792
BRRIP_u128_s64_h0_c937,47,383,128,64,0,24576,1120,672,1792
